-- =============================================================================
-- DEV_AllInOneInOneGo.sql
-- AUTO-GENERATED by: pwtools build-allinone
-- Generated: 2026-05-23 08:46:35 UTC
-- DO NOT EDIT DIRECTLY — edit scripts in Database/Scripts/ then regenerate.
-- =============================================================================

USE PW_Core_DEV;
GO

-- -----------------------------------------------------------------------------
-- 000_setup\000_database.sql
-- -----------------------------------------------------------------------------

SET QUOTED_IDENTIFIER ON;
GO

------------------------------------------------------------
-- Detect environment
------------------------------------------------------------
USE master;
GO

DECLARE @db sysname       = N'PW_Core_DEV';
DECLARE @os NVARCHAR(200) = LOWER(@@VERSION);
DECLARE @backupPath NVARCHAR(500);

IF @os LIKE '%windows%'
    SET @backupPath = 'C:\SQL_Backups\PW_Core_DEV.bak';
ELSE
    SET @backupPath = '/var/opt/mssql/backups/PW_Core_DEV.bak';

PRINT 'Environment: ' + @os;
PRINT 'Backup Path: ' + @backupPath;
PRINT '------------------------------------------------------------';


------------------------------------------------------------
-- Backup & Drop Existing DB
------------------------------------------------------------
IF DB_ID(@db) IS NOT NULL
BEGIN
    PRINT 'Backing up existing database [' + @db + ']...';

    BACKUP DATABASE [PW_Core_DEV]
        TO DISK = @backupPath
        WITH FORMAT, INIT, NAME = 'PW_Core_DEV Backup';

    PRINT 'Backup done. Dropping database...';

    ALTER DATABASE [PW_Core_DEV] SET SINGLE_USER WITH ROLLBACK IMMEDIATE;
    DROP DATABASE [PW_Core_DEV];

    PRINT 'Existing PW_Core_DEV dropped.';
END
ELSE
BEGIN
    PRINT 'No existing PW_Core_DEV found. Creating fresh database.';
END
PRINT '------------------------------------------------------------';
GO


/********************************************************************************************
    PeasyWare WMS - Core Database Schema
    Version:        1.0.0
    Database:       PW_Core_DEV
    Description:    Single-file core schema + operational seed data
                    - Schemas
                    - Core tables
                    - Status & error lookup data
                    - Core stored procedures & helper functions

    Notes:
      - Intended for development and pre-production.
      - Test data (sample inbound, inventory, etc.) belongs in a SEPARATE script.
      - When production-ready, switch to migrations for structural changes.

********************************************************************************************/

-------------------------------------------
-- 1. Create / select database
-------------------------------------------
IF DB_ID('PW_Core_DEV') IS NULL
BEGIN
    CREATE DATABASE [PW_Core_DEV];
END;
GO

USE [PW_Core_DEV];
GO

-------------------------------------------
-- 2. Create schemas
-------------------------------------------
IF NOT EXISTS (SELECT 1 FROM sys.schemas WHERE name = 'auth')
    EXEC('CREATE SCHEMA auth');
GO
IF NOT EXISTS (SELECT 1 FROM sys.schemas WHERE name = 'audit')
    EXEC('CREATE SCHEMA audit');
GO
IF NOT EXISTS (SELECT 1 FROM sys.schemas WHERE name = 'inventory')
    EXEC('CREATE SCHEMA inventory');
GO
IF NOT EXISTS (SELECT 1 FROM sys.schemas WHERE name = 'inbound')
    EXEC('CREATE SCHEMA inbound');
GO
IF NOT EXISTS (SELECT 1 FROM sys.schemas WHERE name = 'locations')
    EXEC('CREATE SCHEMA locations');
GO
IF NOT EXISTS (SELECT 1 FROM sys.schemas WHERE name = 'operations')
    EXEC('CREATE SCHEMA operations');
GO
IF NOT EXISTS (SELECT 1 FROM sys.schemas WHERE name = 'core')
    EXEC('CREATE SCHEMA core');
GO
IF NOT EXISTS (SELECT 1 FROM sys.schemas WHERE name = 'suppliers')
    EXEC('CREATE SCHEMA suppliers');
GO
IF NOT EXISTS (SELECT 1 FROM sys.schemas WHERE name = 'customers')
    EXEC('CREATE SCHEMA customers');
GO
IF NOT EXISTS (SELECT 1 FROM sys.schemas WHERE name = 'logistics')
    EXEC('CREATE SCHEMA logistics');
GO
IF NOT EXISTS (SELECT 1 FROM sys.schemas WHERE name = 'warehouse')
    EXEC('CREATE SCHEMA warehouse');
    EXEC('CREATE SCHEMA outbound');
GO

/********************************************************************************************
    3. OPERATIONS SCHEMA
    - Global settings
    - Friendly error messages
    - Error log
    - Core helpers (session user, friendly message lookup)
********************************************************************************************/

-------------------------------------------
-- 3.1 Settings categories table
-- Central runtime configuration registry
-------------------------------------------
GO


-- -----------------------------------------------------------------------------
-- 010_operations\010_tables.sql
-- -----------------------------------------------------------------------------

SET QUOTED_IDENTIFIER ON;
GO

CREATE TABLE operations.setting_categories
(
    category        sysname        NOT NULL PRIMARY KEY,
    display_name    nvarchar(100)  NOT NULL,
    display_order   int            NOT NULL
);

INSERT INTO operations.setting_categories (category, display_name, display_order)
VALUES
('core','Core',10),
('auth','Authentication',20),
('inbound','Inbound',30),
('warehouse','Warehouse',40),
('inventory','Inventory',45),
('outbound','Outbound',50),
('logging','Logging',60),
('audit','Audit',70),
('client','Client',80);

-------------------------------------------
-- 3.2 Settings table
-- Central runtime configuration registry
-------------------------------------------
IF OBJECT_ID('operations.settings', 'U') IS NULL
BEGIN
    CREATE TABLE operations.settings
    (
        --------------------------------------------------
        -- Identity
        --------------------------------------------------

        setting_name        sysname            NOT NULL
            CONSTRAINT PK_operations_settings PRIMARY KEY,
        -- Internal key used by the application

        display_name        nvarchar(200)      NOT NULL,
        -- Human-readable label used in UI

        category            varchar(50)        NOT NULL
            CONSTRAINT DF_operations_settings_category DEFAULT ('general'),
        -- Logical grouping (auth, logging, inbound, pw, etc.)

        display_order       int                NOT NULL
            CONSTRAINT DF_operations_settings_display_order DEFAULT (100),
        -- Determines ordering within category in the UI

        --------------------------------------------------
        -- Value
        --------------------------------------------------

        setting_value       nvarchar(4000)     NULL,

        data_type           varchar(20)        NOT NULL
            CONSTRAINT CK_operations_settings_data_type
            CHECK (data_type IN ('string','int','bool','decimal','json')),

        --------------------------------------------------
        -- Validation rules (JSON metadata)
        --------------------------------------------------

        validation_rule     nvarchar(max)      NULL,
        /*
            JSON rule describing allowed values.

            Examples:

            {"type":"bool"}

            {"type":"enum","values":["TRACE","DEBUG","INFO","WARN","ERROR"]}

            {"type":"range","min":5,"max":240}

            {"type":"regex","pattern":"^[A-Z]{3}$"}
        */

        --------------------------------------------------
        -- Metadata
        --------------------------------------------------

        description         nvarchar(500)      NULL,

        is_sensitive        bit                NOT NULL
            CONSTRAINT DF_operations_settings_is_sensitive DEFAULT (0),
        -- Prevents displaying actual values in UI

        requires_restart    bit                NOT NULL
            CONSTRAINT DF_operations_settings_requires_restart DEFAULT (0),
        -- Indicates application restart is required

        --------------------------------------------------
        -- Audit fields
        --------------------------------------------------

        created_at          datetime2(3)       NOT NULL
            CONSTRAINT DF_operations_settings_created_at
            DEFAULT sysutcdatetime(),

        created_by          int                NULL
            CONSTRAINT DF_operations_settings_created_by
            DEFAULT CONVERT(int, SESSION_CONTEXT(N'user_id')),

        updated_at          datetime2(3)       NULL,

        updated_by          int                NULL
    );
END;
GO


-- -----------------------------------------------------------------------------
-- 010_operations\usp_setting_update.sql
-- -----------------------------------------------------------------------------

SET QUOTED_IDENTIFIER ON;
GO

CREATE OR ALTER PROCEDURE operations.usp_setting_update
(
    @setting_name  sysname,
    @setting_value nvarchar(4000),

    @result_code   nvarchar(20) OUTPUT,
    @friendly_msg  nvarchar(400) OUTPUT
)
AS
BEGIN
    SET NOCOUNT ON;
    SET XACT_ABORT ON;

    DECLARE
        @data_type nvarchar(50),
        @validation_rule nvarchar(max),

        -- audit
        @old_value nvarchar(4000),
        @user_id int,
        @session_id uniqueidentifier,
        @correlation_id uniqueidentifier,
        @source_app nvarchar(100),
        @source_client nvarchar(200),
        @source_ip nvarchar(50),

        -- raw context (defensive parsing)
        @session_id_raw nvarchar(100),
        @correlation_id_raw nvarchar(100);

    BEGIN TRY
        BEGIN TRANSACTION;

        --------------------------------------------------------
        -- Resolve metadata
        --------------------------------------------------------

        SELECT
            @data_type = data_type,
            @validation_rule = validation_rule,
            @old_value = setting_value
        FROM operations.settings
        WHERE setting_name = @setting_name;

        IF @data_type IS NULL
        BEGIN
            SET @result_code = 'ERRSET01';
            SET @friendly_msg = operations.fn_get_friendly_message(@result_code);
            ROLLBACK;
            RETURN;
        END;

        --------------------------------------------------------
        -- Validation
        --------------------------------------------------------

        IF @data_type = 'int'
           AND TRY_CONVERT(int, @setting_value) IS NULL
        BEGIN
            SET @result_code = 'ERRSET02';
            SET @friendly_msg = operations.fn_get_friendly_message(@result_code);
            ROLLBACK;
            RETURN;
        END;

        --------------------------------------------------------
        -- SAFE session context resolution
        --------------------------------------------------------

        SELECT
            @session_id_raw =
                TRY_CONVERT(nvarchar(100), SESSION_CONTEXT(N'session_id')),

            @correlation_id_raw =
                TRY_CONVERT(nvarchar(100), SESSION_CONTEXT(N'correlation_id')),

            @user_id =
                TRY_CONVERT(int, SESSION_CONTEXT(N'user_id')),

            @source_app =
                TRY_CONVERT(nvarchar(100), SESSION_CONTEXT(N'source_app')),

            @source_client =
                TRY_CONVERT(nvarchar(200), SESSION_CONTEXT(N'source_client')),

            @source_ip =
                TRY_CONVERT(nvarchar(50), SESSION_CONTEXT(N'source_ip'));

        SET @session_id =
            TRY_CONVERT(uniqueidentifier, @session_id_raw);

        SET @correlation_id =
            TRY_CONVERT(uniqueidentifier, @correlation_id_raw);

        --------------------------------------------------------
        -- HARD GUARD
        --------------------------------------------------------

        IF @session_id IS NULL OR @user_id IS NULL
        BEGIN
            SET @result_code = 'ERRCTX01';
            SET @friendly_msg = 'Invalid or missing session context';
            ROLLBACK;
            RETURN;
        END;

        --------------------------------------------------------
        -- Update
        --------------------------------------------------------

        UPDATE operations.settings
        SET
            setting_value = @setting_value,
            updated_at = SYSUTCDATETIME(),
            updated_by = @user_id
        WHERE setting_name = @setting_name;

        --------------------------------------------------------
        -- Structured audit
        --------------------------------------------------------

        INSERT INTO audit.setting_changes
        (
            setting_name,
            old_value,
            new_value,
            changed_at,
            changed_by,
            source_app,
            source_client,
            source_ip,
            correlation_id
        )
        VALUES
        (
            @setting_name,
            @old_value,
            @setting_value,
            SYSUTCDATETIME(),
            @user_id,
            @source_app,
            @source_client,
            @source_ip,
            @correlation_id
        );

        --------------------------------------------------------
        -- Event audit
        --------------------------------------------------------

        DECLARE @payload_json NVARCHAR(MAX);

        SET @payload_json = (
            SELECT
                @setting_name  AS SettingName,
                @old_value     AS OldValue,
                @setting_value AS NewValue
            FOR JSON PATH, WITHOUT_ARRAY_WRAPPER
        );

        EXEC audit.usp_log_event
            @correlation_id = @correlation_id,
            @user_id        = @user_id,
            @session_id     = @session_id,
            @event_name     = 'system.setting.updated',
            @result_code    = 'SUCCESS',
            @success        = 1,
            @payload_json   = @payload_json;

        COMMIT;

        SET @result_code = 'SUCSET01';
        SET @friendly_msg = operations.fn_get_friendly_message(@result_code);

    END TRY
    BEGIN CATCH
        IF @@TRANCOUNT > 0
            ROLLBACK;

        --------------------------------------------------------
        -- Capture error FIRST (this was missing)
        --------------------------------------------------------

        DECLARE @error nvarchar(4000) = ERROR_MESSAGE();

        DECLARE @payload_json_error NVARCHAR(MAX);

        SET @payload_json_error = (
            SELECT
                @error AS ErrorMessage,
                ERROR_NUMBER() AS ErrorNumber,
                ERROR_LINE() AS ErrorLine
            FOR JSON PATH, WITHOUT_ARRAY_WRAPPER
        );

        EXEC audit.usp_log_event
            @correlation_id = @correlation_id,
            @user_id        = @user_id,
            @session_id     = @session_id,
            @event_name     = 'system.error.occurred',
            @result_code    = 'UNHANDLED_EXCEPTION',
            @success        = 0,
            @payload_json   = @payload_json_error;

        SET @result_code = 'ERRSET99';
        SET @friendly_msg = 'Unexpected error occurred while updating setting.';
    END CATCH
END
GO


-- -----------------------------------------------------------------------------
-- 020_audit\010_tables.sql
-- -----------------------------------------------------------------------------

SET QUOTED_IDENTIFIER ON;
GO

CREATE TABLE audit.audit_events
(
    audit_id        BIGINT IDENTITY PRIMARY KEY,
    occurred_at     DATETIME2 NOT NULL DEFAULT SYSUTCDATETIME(),
    correlation_id  UNIQUEIDENTIFIER NULL,
    user_id         INT NULL,
    session_id      UNIQUEIDENTIFIER NULL,
    event_name      NVARCHAR(200) NOT NULL,
    result_code     NVARCHAR(50) NOT NULL,
    success         BIT NOT NULL,
    payload_json    NVARCHAR(MAX) NULL
);

-- JSON integrity
ALTER TABLE audit.audit_events
ADD CONSTRAINT CK_audit_events_payload_json_valid
CHECK (payload_json IS NULL OR ISJSON(payload_json) = 1);

-- Prevent blanks
ALTER TABLE audit.audit_events
ADD CONSTRAINT CK_audit_events_event_name_not_blank
CHECK (LTRIM(RTRIM(event_name)) <> '');

ALTER TABLE audit.audit_events
ADD CONSTRAINT CK_audit_events_result_code_not_blank
CHECK (LTRIM(RTRIM(result_code)) <> '');

-- Indexes
CREATE NONCLUSTERED INDEX IX_audit_events_occurred_at
ON audit.audit_events (occurred_at DESC);

CREATE NONCLUSTERED INDEX IX_audit_events_correlation_time
ON audit.audit_events (correlation_id, occurred_at ASC);

CREATE NONCLUSTERED INDEX IX_audit_events_session_time
ON audit.audit_events (session_id, occurred_at ASC);

CREATE NONCLUSTERED INDEX IX_audit_events_user_time
ON audit.audit_events (user_id, occurred_at DESC);

CREATE NONCLUSTERED INDEX IX_audit_events_event_time
ON audit.audit_events (event_name, occurred_at DESC);



-- Helper macro style: Update if exists, otherwise insert.
-- Pattern used across all settings.

INSERT INTO operations.settings
(
    setting_name,
    display_name,
    category,
    display_order,
    setting_value,
    data_type,
    validation_rule,
    description
)
VALUES

--------------------------------------------------
-- CORE
--------------------------------------------------

('core.version','Core schema version','core',10,'1.0.0','string',
 NULL,
 'PeasyWare Core DB schema version'),

('core.environment','Environment','core',20,'dev','string',
 '{"type":"enum","values":["dev","test","prod"]}',
 'Environment type'),

('inbound.auto_complete_on_full_receipt','Auto-complete inbound','inbound',10,'false','bool',
 '{"type":"bool"}',
 'Auto-complete inbound header when all rows fully received'),

--------------------------------------------------
-- AUTHENTICATION
--------------------------------------------------

('auth.login_enabled','Login enabled','auth',10,'true','bool',
 '{"type":"bool"}',
 'Master switch to disable all user logins'),

('auth.session_timeout_minutes','Session timeout (minutes)','auth',20,'30','int',
 '{"type":"range","min":5,"max":240}',
 'Minutes before a session is force-closed by server inactivity'),

('auth.app_lock_minutes','Application lock timeout (minutes)','auth',30,'15','int',
 '{"type":"range","min":1,"max":120}',
 'Minutes of UI inactivity before client lockscreen'),

('auth.max_login_attempts','Maximum login attempts','auth',40,'5','int',
 '{"type":"range","min":3,"max":20}',
 'Maximum failed attempts before lockout escalation'),

('auth.password_min_length','Minimum password length','auth',50,'8','int',
 '{"type":"range","min":6,"max":64}',
 'Minimum password length enforced by policy'),

('auth.password_expiry_days','Password expiry (days)','auth',60,'90','int',
 '{"type":"range","min":30,"max":365}',
 'Password validity duration before required rotation'),

('auth.password_history_depth','Password history depth','auth',70,'3','int',
 '{"type":"range","min":0,"max":20}',
 'How many previous passwords are blocked from reuse'),

('auth.enable_login','Enable login','auth',80,'true','bool',
 '{"type":"bool"}',
 'Master switch to disable all user logins'),

('EnableAutoLogin','Enable auto login','auth',90,'true','bool',
 '{"type":"bool"}',
 'Allow client-side auto-login based on stored token'),

('SessionExpiryMinutes','Legacy session expiry (minutes)','auth',100,'60','int',
 '{"type":"range","min":10,"max":240}',
 'Legacy session timeout (deprecated)'),

--------------------------------------------------
-- INBOUND / WAREHOUSE
--------------------------------------------------

('inbound.sscc_claim_ttl_seconds','SSCC claim TTL (seconds)','inbound',20,'60','int',
 '{"type":"range","min":10,"max":300}',
 'Time-to-live (seconds) for SSCC claim during inbound receive confirmation window'),

('warehouse.putaway_task_ttl_seconds','Putaway task TTL (seconds)','warehouse',10,'600','int',
 '{"type":"range","min":60,"max":3600}',
 'Time-to-live (seconds) for putaway task reservations before they expire'),

--------------------------------------------------
-- LOGGING
--------------------------------------------------

('logging.enabled','Logging enabled','logging',10,'true','bool',
 '{"type":"bool"}',
 'Global master switch for all logging'),

('logging.console.enabled','Console logging enabled','logging',20,'true','bool',
 '{"type":"bool"}',
 'When enabled, logs are written to console output'),

('logging.min_level','Minimum log level','logging',30,'INFO','string',
 '{"type":"enum","values":["INFO","WARN","ERROR"]}',
 'Minimum log level to emit'),

('logging.db.enabled','Database logging enabled','logging',40,'true','bool',
 '{"type":"bool"}',
 'When enabled, logs are persisted to database'),

('logging.include_sensitive','Log sensitive fields','logging',50,'false','bool',
 '{"type":"bool"}',
 'Allows sensitive fields to be logged (DEV ONLY)'),

('core.default_ui_mode','Default UI mode','core',30,'TRACE','string',
 '{"type":"enum","values":["Minimal","Standard","Trace"]}',
 'Diagnostic UI mode'),

--------------------------------------------------
-- AUDIT
--------------------------------------------------

('audit.enabled','Audit logging enabled','audit',10,'true','bool',
 '{"type":"bool"}',
 'When enabled, critical state transitions are persisted to audit.audit_events'),

--------------------------------------------------
-- CLIENT SETTINGS
--------------------------------------------------

('pw.warehouse_code','Warehouse code','client',10,'MAIN','string',
 NULL,
 'Warehouse code used by client runtime'),

('pw.site_code','Site code','client',20,'RUGBY','string',
 NULL,
 'Logical site identifier'),

('pw.site_name','Site name','client',30,'Test Warehouse 001','string',
 NULL,
 'Human-readable site name'),

--------------------------------------------------
-- INVENTORY / MULTI-OWNER
--------------------------------------------------

('inventory.enable_multi_owner','Enable multi-owner mode','inventory',10,'false','bool',
 '{"type":"bool"}',
 'When enabled, each SKU must be assigned an owner party. Used in 3PL environments.'),

('inventory.default_owner_party_code','Default stock owner party code','inventory',20,'PW_WAREHOUSE01','string',
 NULL,
 'Party code used as the default stock owner when multi-owner mode is disabled'),

--------------------------------------------------
-- OUTBOUND
--------------------------------------------------

('outbound.allocation_strategy','Allocation strategy','outbound',10,'FEFO','string',
 '{"type":"enum","values":["FEFO","FIFO","LIFO","NONE"]}',
 'Stock allocation strategy: FEFO (First Expired First Out), FIFO, LIFO, or NONE (system default)');

---------------------------------------------------------------
-- AUDIT: SETTINGS CHANGE LOG
---------------------------------------------------------------
IF OBJECT_ID('audit.setting_changes', 'U') IS NULL
BEGIN
    CREATE TABLE audit.setting_changes
    (
        change_id      BIGINT IDENTITY(1,1)
            CONSTRAINT PK_audit_setting_changes PRIMARY KEY,

        setting_name   NVARCHAR(200) NOT NULL,

        old_value      NVARCHAR(MAX) NULL,
        new_value      NVARCHAR(MAX) NULL,

        changed_at     DATETIME2(3) NOT NULL
            CONSTRAINT DF_audit_setting_changes_changed_at DEFAULT SYSUTCDATETIME(),

        changed_by     INT NULL,

        source_app     NVARCHAR(100) NULL,
        source_client  NVARCHAR(200) NULL,
        source_ip      NVARCHAR(50) NULL,

        correlation_id uniqueidentifier NULL,

        details        NVARCHAR(4000) NULL
    );

    CREATE INDEX IX_audit_setting_changes_setting_name
        ON audit.setting_changes(setting_name, changed_at DESC);
END;
GO


-- -----------------------------------------------------------------------------
-- 020_audit\020_user_changes.sql
-- -----------------------------------------------------------------------------

SET QUOTED_IDENTIFIER ON;
GO

CREATE TABLE audit.user_changes
(
    audit_id        BIGINT IDENTITY PRIMARY KEY,
    user_id         INT NOT NULL,
    action          NVARCHAR(50) NOT NULL,

    old_is_active   BIT NULL,
    new_is_active   BIT NULL,

    details         NVARCHAR(1000),

    changed_at      DATETIME2 NOT NULL,
    changed_by      INT NULL,

    session_id      UNIQUEIDENTIFIER NULL
);
GO


-- -----------------------------------------------------------------------------
-- 020_audit\030_audit_infrastructure.sql
-- -----------------------------------------------------------------------------

SET QUOTED_IDENTIFIER ON;
GO

IF OBJECT_ID('audit.event_catalog') IS NULL
BEGIN
    CREATE TABLE audit.event_catalog
    (
        event_name NVARCHAR(200) PRIMARY KEY,
        description NVARCHAR(500) NOT NULL,
        is_active BIT NOT NULL DEFAULT 1
    );
END;

----------------------------------------------------------
-- 2. EVENT CATALOG SEED
----------------------------------------------------------
INSERT INTO audit.event_catalog (event_name, description)
SELECT v.event_name, v.description
FROM (VALUES

    ('auth.login', 'User login attempt'),
    ('auth.password.changed', 'User password updated'),

    ('user.created', 'User account created'),
    ('user.status.updated', 'User enabled or disabled'),
    ('user.password.reset', 'Admin password reset'),

    ('session.created', 'Session started'),
    ('session.touched', 'Session activity recorded'),
    ('session.ended', 'Session ended'),
    ('session.logout', 'User logout'),

    ('system.setting.updated', 'System configuration updated'),
    ('system.error.occurred', 'Unhandled system error'),

    ('trace.session', 'Session trace heartbeat'),
    ('trace.action', 'Generic trace action')

) v(event_name, description)
WHERE NOT EXISTS (
    SELECT 1 FROM audit.event_catalog e WHERE e.event_name = v.event_name
);

----------------------------------------------------------
-- 3. RESULT CODE TABLE
----------------------------------------------------------
IF OBJECT_ID('audit.event_result_codes') IS NULL
BEGIN
    CREATE TABLE audit.event_result_codes
    (
        event_name NVARCHAR(200) NOT NULL,
        result_code NVARCHAR(50) NOT NULL,
        PRIMARY KEY (event_name, result_code),
        FOREIGN KEY (event_name) REFERENCES audit.event_catalog(event_name)
    );
END;

----------------------------------------------------------
-- 4. RESULT CODE SEED (ALL DOMAINS)
----------------------------------------------------------
INSERT INTO audit.event_result_codes (event_name, result_code)
SELECT v.event_name, v.result_code
FROM (VALUES

    -- auth.login
    ('auth.login', 'SUCCESS'),
    ('auth.login', 'INVALID_PASSWORD'),
    ('auth.login', 'USER_DISABLED'),
    ('auth.login', 'USER_LOCKED'),
    ('auth.login', 'USER_TERMINAL_LOCK'),
    ('auth.login', 'ALREADY_LOGGED_IN'),
    ('auth.login', 'PASSWORD_CHANGE_REQUIRED'),
    ('auth.login', 'ERROR'),

    -- user.created
    ('user.created', 'SUCCESS'),
    ('user.created', 'DUPLICATE_USERNAME'),
    ('user.created', 'DUPLICATE_EMAIL'),
    ('user.created', 'INVALID_ROLE'),
    ('user.created', 'ERROR'),

    -- user.status.updated
    ('user.status.updated', 'SUCCESS'),
    ('user.status.updated', 'NOT_FOUND'),
    ('user.status.updated', 'ERROR'),

    -- user.password.reset
    ('user.password.reset', 'SUCCESS'),
    ('user.password.reset', 'NOT_FOUND'),
    ('user.password.reset', 'VALIDATION_FAILED'),
    ('user.password.reset', 'ERROR'),

    -- session.logout
    ('session.logout', 'SUCCESS'),
    ('session.logout', 'NOT_FOUND'),
    ('session.logout', 'ALREADY_ENDED'),
    ('session.logout', 'ERROR'),

    -- session.touched
    ('session.touched', 'SUCCESS'),
    ('session.touched', 'SESSION_EXPIRED'),

    -- session.ended
    ('session.ended', 'SUCCESS'),

    -- settings
    ('system.setting.updated', 'SUCCESS'),
    ('system.setting.updated', 'VALIDATION_FAILED'),
    ('system.setting.updated', 'ERROR'),

    -- system error
    ('system.error.occurred', 'UNHANDLED_EXCEPTION')

) v(event_name, result_code)
WHERE NOT EXISTS (
    SELECT 1
    FROM audit.event_result_codes e
    WHERE e.event_name = v.event_name
      AND e.result_code = v.result_code
);

----------------------------------------------------------
-- 5. FK FROM audit_events → catalog
----------------------------------------------------------
IF NOT EXISTS (
    SELECT 1 FROM sys.foreign_keys WHERE name = 'FK_audit_events_event_name'
)
BEGIN
    ALTER TABLE audit.audit_events
    ADD CONSTRAINT FK_audit_events_event_name
    FOREIGN KEY (event_name)
    REFERENCES audit.event_catalog(event_name);
END;

----------------------------------------------------------
-- 6. VALIDATION FUNCTION
----------------------------------------------------------
IF OBJECT_ID('audit.fn_is_valid_result_code') IS NOT NULL
    DROP FUNCTION audit.fn_is_valid_result_code;
GO

CREATE FUNCTION audit.fn_is_valid_result_code
(
    @event_name NVARCHAR(200),
    @result_code NVARCHAR(50)
)
RETURNS BIT
AS
BEGIN
    RETURN (
        SELECT CASE 
            WHEN EXISTS (
                SELECT 1
                FROM audit.event_result_codes
                WHERE event_name = @event_name
                  AND result_code = @result_code
            )
            THEN 1 ELSE 0 END
    );
END;
GO

----------------------------------------------------------
-- 7. CHECK CONSTRAINT
----------------------------------------------------------
IF NOT EXISTS (
    SELECT 1 FROM sys.check_constraints
    WHERE name = 'CK_audit_events_valid_result_code'
)
BEGIN
    ALTER TABLE audit.audit_events
    ADD CONSTRAINT CK_audit_events_valid_result_code
    CHECK (audit.fn_is_valid_result_code(event_name, result_code) = 1);
END;

----------------------------------------------------------
-- 8. TRACE TABLE
----------------------------------------------------------
IF OBJECT_ID('audit.trace_logs') IS NULL
BEGIN
    CREATE TABLE audit.trace_logs
    (
        trace_id        BIGINT IDENTITY PRIMARY KEY,
        occurred_at     DATETIME2 NOT NULL DEFAULT SYSUTCDATETIME(),
        correlation_id  UNIQUEIDENTIFIER NULL,
        user_id         INT NULL,
        session_id      UNIQUEIDENTIFIER NULL,
        level           NVARCHAR(10) NOT NULL,
        action          NVARCHAR(200) NOT NULL,
        payload_json    NVARCHAR(MAX) NULL
    );
END;

----------------------------------------------------------
-- 9. TRACE PROCEDURE
----------------------------------------------------------
IF OBJECT_ID('audit.usp_log_trace') IS NOT NULL
    DROP PROCEDURE audit.usp_log_trace;
GO

CREATE PROCEDURE audit.usp_log_trace
(
    @correlation_id UNIQUEIDENTIFIER = NULL,
    @user_id        INT = NULL,
    @session_id     UNIQUEIDENTIFIER = NULL,
    @level          NVARCHAR(10),
    @action         NVARCHAR(200),
    @payload_json   NVARCHAR(MAX) = NULL
)
AS
BEGIN
    SET NOCOUNT ON;

    SET @level  = UPPER(LTRIM(RTRIM(@level)));
    SET @action = LTRIM(RTRIM(@action));

    IF @level NOT IN ('INFO', 'WARN', 'ERROR')
        THROW 51001, 'audit.usp_log_trace: invalid level.', 1;

    IF @action IS NULL OR @action = ''
        THROW 51002, 'audit.usp_log_trace: action is required.', 1;

    IF @payload_json IS NOT NULL AND ISJSON(@payload_json) <> 1
        THROW 51003, 'audit.usp_log_trace: payload must be valid JSON.', 1;

    INSERT INTO audit.trace_logs
    (
        occurred_at,
        correlation_id,
        user_id,
        session_id,
        level,
        action,
        payload_json
    )
    VALUES
    (
        SYSUTCDATETIME(),
        @correlation_id,
        @user_id,
        @session_id,
        @level,
        @action,
        @payload_json
    );
END;
GO

/* ========================================================
   EVENT RESULT CODES (IDEMPOTENT INSERT)
======================================================== */

/* ========================================================
   EVENT CATALOG TABLE
======================================================== */

IF OBJECT_ID('audit.event_catalog') IS NULL
BEGIN
    CREATE TABLE audit.event_catalog
    (
        event_name NVARCHAR(200) PRIMARY KEY,
        description NVARCHAR(500) NOT NULL,
        is_active BIT NOT NULL DEFAULT 1
    );
END;

/* ========================================================
   AUTH RESULT MAPPING FUNCTION
======================================================== */

IF OBJECT_ID('audit.fn_map_auth_result') IS NOT NULL
    DROP FUNCTION audit.fn_map_auth_result;
GO

CREATE FUNCTION audit.fn_map_auth_result
(
    @result_code NVARCHAR(20)
)
RETURNS TABLE
AS
RETURN
(
    SELECT
        event_result_code =
            CASE
                WHEN @result_code = 'SUCAUTH01' THEN 'SUCCESS'

                WHEN @result_code = 'ERRAUTH01' THEN 'INVALID_PASSWORD'
                WHEN @result_code = 'ERRAUTH02' THEN 'USER_DISABLED'
                WHEN @result_code = 'ERRAUTH05' THEN 'ALREADY_LOGGED_IN'
                WHEN @result_code = 'ERRAUTH07' THEN 'USER_LOCKED'
                WHEN @result_code = 'ERRAUTH08' THEN 'USER_TERMINAL_LOCK'
                WHEN @result_code = 'ERRAUTH09' THEN 'PASSWORD_CHANGE_REQUIRED'

                ELSE 'ERROR'
            END,

        event_success =
            CASE
                WHEN @result_code = 'SUCAUTH01' THEN 1
                ELSE 0
            END
);
GO


/* ========================================================
   CHECK CONSTRAINT (SAFE ADD)
======================================================== */

IF NOT EXISTS (
    SELECT 1
    FROM sys.check_constraints
    WHERE name = 'CK_audit_events_valid_result_code'
)
BEGIN
    ALTER TABLE audit.audit_events
    ADD CONSTRAINT CK_audit_events_valid_result_code
    CHECK (audit.fn_is_valid_result_code(event_name, result_code) = 1);
END;
GO

IF OBJECT_ID('audit.fn_map_user_result') IS NOT NULL
    DROP FUNCTION audit.fn_map_user_result;
GO

CREATE FUNCTION audit.fn_map_user_result
(
    @result_code NVARCHAR(20)
)
RETURNS TABLE
AS
RETURN
(
    SELECT
        event_result_code =
            CASE
                WHEN @result_code = 'SUCAUTHUSR01' THEN 'SUCCESS'
                WHEN @result_code = 'ERRAUTHUSR01' THEN 'DUPLICATE_USERNAME'
                WHEN @result_code = 'ERRAUTHUSR04' THEN 'DUPLICATE_EMAIL'
                WHEN @result_code = 'ERRAUTHUSR02' THEN 'INVALID_ROLE'
                WHEN @result_code = 'ERRUSR01' THEN 'NOT_FOUND'
                WHEN @result_code = 'SUCUSR01' THEN 'SUCCESS'
                WHEN @result_code = 'ERRAUTH02' THEN 'NOT_FOUND'
                WHEN @result_code = 'SUCAUTH10' THEN 'SUCCESS'
                WHEN @result_code LIKE 'ERRAUTH%' THEN 'VALIDATION_FAILED'
                WHEN @result_code = 'SUCAUTH03' THEN 'SUCCESS'
                WHEN @result_code = 'ERRAUTH06' THEN 'NOT_FOUND'
                ELSE 'ERROR'
            END,

        event_success =
            CASE
                WHEN @result_code = 'SUCAUTHUSR01' THEN 1
                ELSE 0
            END
);
GO

/* ============================================================
   10. CREATE USER (provisioning)
   ============================================================*/
GO


-- -----------------------------------------------------------------------------
-- 020_audit\usp_get_sku_changes.sql
-- -----------------------------------------------------------------------------

SET QUOTED_IDENTIFIER ON;
GO

CREATE OR ALTER PROCEDURE audit.usp_get_sku_changes
(
    @sku_code  NVARCHAR(50) = NULL,
    @from_date DATE         = NULL,
    @to_date   DATE         = NULL,
    @top       INT          = 200
)
AS
BEGIN
    SET NOCOUNT ON;

    SELECT TOP (@top)
        trace_id,
        occurred_at,
        username,
        action_type,
        sku_code,
        desc_before,     ean_before,       uom_before,       weight_before,
        hu_qty_before,   batch_req_before,  full_hu_req_before,
        hazardous_before, active_before,   storage_before,   section_before,   owner_before,
        desc_after,      ean_after,        uom_after,        weight_after,
        hu_qty_after,    batch_req_after,   full_hu_req_after,
        hazardous_after,  active_after,    storage_after,    section_after,    owner_after
    FROM audit.v_sku_changes
    WHERE (@sku_code  IS NULL OR sku_code     = @sku_code)
      AND (@from_date IS NULL OR occurred_at >= @from_date)
      AND (@to_date   IS NULL OR occurred_at <  DATEADD(DAY, 1, @to_date))
    ORDER BY occurred_at DESC;
END;
GO


-- -----------------------------------------------------------------------------
-- 020_audit\usp_log_event.sql
-- -----------------------------------------------------------------------------

SET QUOTED_IDENTIFIER ON;
GO

CREATE OR ALTER PROCEDURE audit.usp_log_event
(
    @correlation_id UNIQUEIDENTIFIER = NULL,
    @user_id        INT = NULL,
    @session_id     UNIQUEIDENTIFIER = NULL,
    @event_name     NVARCHAR(200),
    @result_code    NVARCHAR(50),
    @success        BIT,
    @payload_json   NVARCHAR(MAX) = NULL
)
AS
BEGIN
    SET NOCOUNT ON;

    --------------------------------------------------------
    -- Normalize input (trim only, no magic)
    --------------------------------------------------------

    SET @event_name  = LTRIM(RTRIM(@event_name));
    SET @result_code = LTRIM(RTRIM(@result_code));

    --------------------------------------------------------
    -- Validation
    --------------------------------------------------------

    IF @event_name IS NULL OR @event_name = ''
        THROW 50001, 'audit.usp_log_event: @event_name is required.', 1;

    IF @result_code IS NULL OR @result_code = ''
        THROW 50002, 'audit.usp_log_event: @result_code is required.', 1;

    IF @payload_json IS NOT NULL AND ISJSON(@payload_json) <> 1
        THROW 50003, 'audit.usp_log_event: @payload_json must be valid JSON.', 1;

    --------------------------------------------------------
    -- Insert (constraints enforce correctness)
    --------------------------------------------------------

    INSERT INTO audit.audit_events
    (
        occurred_at,
        correlation_id,
        user_id,
        session_id,
        event_name,
        result_code,
        success,
        payload_json
    )
    VALUES
    (
        SYSUTCDATETIME(),
        @correlation_id,
        @user_id,
        @session_id,
        @event_name,
        @result_code,
        @success,
        @payload_json
    );
END;
GO


-- -----------------------------------------------------------------------------
-- 030_auth\010_tables.sql
-- -----------------------------------------------------------------------------

SET QUOTED_IDENTIFIER ON;
GO

GO

-------------------------------------------
-- 3.4 Error messages (friendly messages)
-- Core place for human-friendly messages by error_code & module
-------------------------------------------
IF OBJECT_ID('operations.error_messages', 'U') IS NULL
BEGIN
    CREATE TABLE operations.error_messages
    (
        error_code        nvarchar(20)    NOT NULL PRIMARY KEY,   -- e.g. ERRINB01, SUCINB01
        module_code       nvarchar(20)    NOT NULL,               -- e.g. INB, INV, SYS
        severity          nvarchar(10)    NOT NULL,               -- INFO/WARN/ERROR/CRIT
        message_template  nvarchar(400)   NOT NULL,               -- Friendly text (with optional {placeholders})
        is_active         bit             NOT NULL DEFAULT (1),

        tech_messege      nvarchar(400)    NULL,                   -- optional technical message for logs
        created_at        datetime2(3)    NOT NULL CONSTRAINT DF_operations_error_messages_created_at DEFAULT (sysutcdatetime()),
        created_by        int             NULL     CONSTRAINT DF_operations_error_messages_created_by DEFAULT (CONVERT(int, SESSION_CONTEXT(N'user_id'))),
        updated_at        datetime2(3)    NULL,
        updated_by        int             NULL
    );
END;
GO

IF NOT EXISTS (SELECT 1 FROM operations.error_messages WHERE error_code = N'ERRAUTH01')
BEGIN
    INSERT INTO operations.error_messages
        (error_code, module_code, severity, message_template, tech_messege)
    VALUES
        (N'ERRAUTH01', N'AUTH', N'ERROR',
            N'Invalid username or password.',
            N'Auth: Credentials invalid'),

        (N'ERRAUTH02', N'AUTH', N'ERROR',
            N'Your account is blocked. Please contact your system administrator.',
            N'Auth: Account inactive or blocked'),

        (N'ERRAUTH03', N'AUTH', N'ERROR', 
            N'Login is currently disabled for this site.',
            N'Auth: Global login disabled'),

        (N'ERRAUTH04', N'AUTH', N'ERROR',
            N'Your password has expired. Please reset your password.',
            N'Auth: Password expired'),

        (N'ERRAUTH05', N'AUTH', N'ERROR',
            N'You are already logged in on another session.',
            N'Auth: Concurrent session exists'),

        (N'ERRAUTH06', N'AUTH', N'ERROR',
            N'Your session is no longer active. Please log in again.',
            N'Auth: Session inactive/expired'),

        (N'ERRAUTH07', N'AUTH', N'ERROR',
            N'Too many failed attempts. Please try again later.',
            N'Auth: Lockout threshold reached'),

        (N'ERRAUTH08', N'AUTH', N'ERROR',
            N'Invalid credentials. Login temporarily locked.',
            N'Auth: Progressive lockout'),

        (N'ERRAUTH09', N'AUTH', N'WARN',
            N'Your password has expired. You must change it.',
            N'Auth: Mandatory password change'),

        (N'ERRAUTH10', N'AUTH', N'WARN',
            N'New password does not meet complexity requirements.',
            N'Auth: Complexity rules failed'),

        (N'ERRAUTH11', N'AUTH', N'WARN',
            N'New password must differ from your recent passwords.',
            N'Auth: Password reuse detected'),

        (N'SUCAUTH01', N'AUTH', N'INFO',
            N'Login successful. Welcome back!',
            N'Auth: Login OK'),

        (N'SUCAUTH02', N'AUTH', N'INFO',
            N'Session refreshed successfully.',
            N'Auth: Session heartbeat OK'),

        (N'SUCAUTH03', N'AUTH', N'INFO',
            N'Logout successful.',
            N'Auth: Session closed'),

        (N'SUCAUTH10', N'AUTH', N'INFO',
            N'Password changed successfully.',
            N'Auth: Password updated'),

        (N'ERRAUTHUSR01', N'AUTH', N'ERROR',
            N'A user with this username already exists.',
            N'Auth.CreateUser: Duplicate username'),

        (N'ERRAUTHUSR02', N'AUTH', N'ERROR',
            N'The selected role does not exist.',
            N'Auth.CreateUser: Invalid role'),

        (N'ERRAUTHUSR03', N'AUTH', N'ERROR',
            N'User creation failed due to a system error.',
            N'Auth.CreateUser: Insert failed'),

        (N'WARAUTHUSR01', N'AUTH', N'WARN',
            N'The password is valid but considered weak.',
            N'Auth.CreateUser: Weak password'),

        (N'ERRAUTHUSR04', N'AUTH', N'ERROR',
            N'A user with this email address already exists.',
            N'Auth.CreateUser: Duplicate email'),

        (N'SUCAUTHUSR01', N'AUTH', N'INFO',
            N'User account created successfully.',
            N'Auth.CreateUser: Success'),

        (N'ERRINB01', N'INB', N'ERROR',
            N'Inbound delivery not found.',
            N'Inbound.Activate: inbound_id not found'),

        (N'ERRINB02', N'INB', N'ERROR',
            N'Inbound delivery is already activated.',
            N'Inbound.Activate: already ACTIVATED'),

        (N'ERRINB03', N'INB', N'ERROR',
            N'Inbound delivery has no lines and cannot be activated.',
            N'Inbound.Activate: no inbound_lines exist'),

        (N'ERRINB04', N'INB', N'ERROR',
            N'Inbound delivery is cancelled and cannot be activated.',
            N'Inbound.Activate: inbound_status = CANCELLED'),

        (N'ERRINB05', N'INB', N'ERROR',
            N'Inbound delivery is not in a valid state for this operation.',
            N'Inbound: invalid inbound_status transition'),

        (N'SUCINB01', N'INB', N'INFO',
            N'Inbound delivery activated successfully.',
            N'Inbound.Activate: success'),

        (N'SUCINBCLS01',     N'INB', N'INFO',
            N'Inbound delivery fully received and closed.',
            N'Inbound.Header: auto-closed after final receipt'),

        (N'SUCINBREOPEN01',  N'INB', N'INFO',
            N'Inbound delivery reopened following receipt reversal.',
            N'Inbound.Header: reopened after reversal'),

        (N'ERRINBL01', N'INB', N'ERROR',
            N'Inbound line not found.',
            N'Inbound.Line: inbound_line_id not found'),

        (N'ERRINBL03', N'INB', N'ERROR',
            N'Inbound line is already fully received.',
            N'Inbound.Line: already RECEIVED'),

        (N'SUCINBL01', N'INB', N'INFO',
            N'Inbound line received successfully.',
            N'Inbound.Line: receipt success'),

        (N'ERRINBL02', N'INB', N'ERROR',
            N'Receiving quantity must be greater than zero.',
            N'Inbound.Line: invalid quantity <= 0'),

        (N'ERRINBL04', N'INB', N'ERROR',
            N'Inbound is not in a receivable state.',
            N'Inbound.Header: not ACTIVATED or RECEIVING'),

        (N'ERRINBL05', N'INB', N'ERROR',
            N'Invalid or inactive staging bin.',
            N'Inbound.Line: staging bin invalid'),

        (N'ERRINBL99', N'INB', N'ERROR',
            N'Unexpected error while receiving inbound line.',
            N'Inbound.Line: unhandled exception'),

        (N'ERRSSCC01', N'SSCC', N'ERROR',
            N'SSCC not recognised. Please verify the barcode and try again.',
            N'SSCC.Validate: SSCC not found'),

        (N'ERRSSCC02', N'SSCC', N'ERROR',
            N'SSCC already exists and is currently active.',
            N'SSCC.Validate: duplicate active SSCC'),

        (N'ERRSSCC03', N'SSCC', N'ERROR',
            N'SSCC is already linked to another inbound delivery.',
            N'SSCC.Validate: linked to different inbound'),

        (N'ERRSSCC04', N'SSCC', N'ERROR',
            N'SSCC cannot be reused while active. Complete or cancel the previous transaction first.',
            N'SSCC.Validate: reuse blocked - active record exists'),

        (N'ERRSSCC05', N'SSCC', N'WARN',
            N'SSCC reuse is allowed only for returned units. Please confirm return process.',
            N'SSCC.Validate: reuse requires return context'),

        (N'ERRQTY01', N'INB', N'ERROR',
            N'Received quantity exceeds expected quantity for this inbound line.',
            N'Inbound.Line: quantity > expected'),

        (N'ERRQTY03', N'INB', N'ERROR',
            N'Unit of measure mismatch. Please use the expected UOM for this material.',
            N'Inbound.Line: UOM mismatch'),

        (N'ERRQTY04', N'INB', N'ERROR',
            N'Full handling unit quantity required for this SSCC.',
            N'Inbound.Line: partial HU not allowed'),

        (N'ERRMAT01', N'INB', N'ERROR',
            N'Material could not be resolved from the scanned GTIN.',
            N'Inbound.Line: GTIN resolution failed'),

        (N'ERRMAT02', N'INB', N'ERROR',
            N'Material is not expected on this inbound delivery.',
            N'Inbound.Line: material not on inbound'),

        (N'ERRMAT03', N'INB', N'ERROR',
            N'Multiple materials match this GTIN. Manual selection required.',
            N'Inbound.Line: ambiguous GTIN mapping'),

        (N'ERRMAT04', N'INB', N'ERROR',
            N'Material master data incomplete. Please contact master data team.',
            N'Inbound.Line: material master incomplete'),

        (N'ERRPROC01', N'CORE', N'ERROR',
            N'Operation not allowed in current document status.',
            N'Process.Validate: invalid status transition'),

        (N'ERRPROC02', N'CORE', N'ERROR',
            N'Transaction validation failed. Please review the scanned data.',
            N'Process.Validate: business rule failure'),

        (N'ERRPROC03', N'CORE', N'ERROR',
            N'Another user is currently processing this document.',
            N'Process.Locking: record locked'),

        (N'ERRPROC04', N'CORE', N'INFO',
            N'Process cancelled. No changes were saved.',
            N'Process: user cancelled transaction'),

        (N'ERRSSCC06', N'SSCC', N'ERROR',
            N'SSCC has already been received for this inbound delivery.',
            N'SSCC.Validate: already received on same inbound'),

        (N'ERRINB06', N'INB', N'ERROR',
            N'Inbound delivery is already fully received and closed.',
            N'Inbound.Receive: attempt after CLOSED'),

        (N'SUCSSCC01', N'SSCC', N'INFO',
            N'SSCC validated successfully. Please scan again to confirm receipt.',
            N'SSCC.Validate: claim acquired'),

        (N'ERRSSCC07', N'SSCC', N'ERROR',
             N'SSCC is currently being processed by another user.',
             N'SSCC.Receive: active claim held by different session'),

        (N'ERRSSCC08', N'SSCC', N'ERROR',
             N'SSCC confirmation window expired. Please rescan to validate again.',
             N'SSCC.Receive: claim expired'),

        (N'ERRSSCC09', N'SSCC', N'ERROR',
             N'SSCC confirmation token invalid. Please rescan to validate again.',
             N'SSCC.Receive: claim token mismatch'),

        (N'ERRSSCC99', N'SSCC', N'ERROR',
             N'SSCC validation failed. Please rescan. If it persists, contact a supervisor.',
             N'SSCC.Preview: unexpected system error'),

        (N'ERRINBHYB01', N'INBOUND', N'ERROR',
            N'Inbound structure invalid. Please contact warehouse supervisor',
            N'Inbound.Activate: hybrid SSCC + manual structure detected'),

        (N'ERRINBMODE01', N'INBOUND', N'ERROR',
            N'Inbound mode already determined and cannot be changed.',
            N'Inbound.Activate: attempted mode overwrite'),

        (N'ERRINBSTRUCT01', N'INBOUND', N'ERROR',
             N'Inbound structure cannot be modified after activation.',
             N'Inbound.Structure: modification attempted after activation'),

        (N'ERRINBSTRUCT02', N'INBOUND', N'ERROR',
             N'Expected handling units cannot be modified after activation.',
             N'Inbound.Structure: expected units modification attempted after activation'),

        (N'SUCINBREV01',  N'INB', N'INFO',
            N'Receipt reversed successfully.',
            N'Inbound.Reversal: success'),

        (N'ERRINBREV01',  N'INB', N'ERROR',
            N'Receipt not found or has already been reversed.',
            N'Inbound.Reversal: receipt_id not found or is_reversal=1'),

        (N'ERRINBREV02',  N'INB', N'ERROR',
            N'This receipt has already been reversed.',
            N'Inbound.Reversal: reversed_receipt_id already set'),

        (N'ERRINBREV03',  N'INB', N'ERROR',
            N'Inventory unit could not be reversed. Unit may have been moved or modified.',
            N'Inbound.Reversal: inventory_units UPDATE rowcount=0'),

        (N'ERRINBREV99',  N'INB', N'ERROR',
            N'Unexpected error during reversal. Please contact your supervisor.',
            N'Inbound.Reversal: unhandled exception in CATCH'),

        (N'ERRTASK01', N'TASK', N'ERROR',
             N'Inventory unit not recognised.',
             N'Task.Create: inventory unit not found'),

        (N'ERRTASK02', N'TASK', N'ERROR',
             N'Inventory unit not eligible for putaway.',
             N'Task.Create: inventory unit state invalid for putaway'),

        (N'ERRTASK03', N'TASK', N'ERROR',
             N'Inventory unit is not located in a staging bin.',
             N'Task.Create: staging placement not found'),

        (N'ERRTASK04', N'TASK', N'ERROR',
             N'No suitable storage location found. Please contact a supervisor.',
             N'Task.Create: destination bin suggestion failed'),

        (N'ERRTASK05', N'TASK', N'ERROR',
             N'A warehouse task already exists for this unit.',
             N'Task.Create: duplicate active task detected'),

        (N'ERRTASK06', N'TASK', N'ERROR',
             N'Task claim is no longer valid. Please rescan.',
             N'Task.Claim: claim expired or invalid'),

        (N'ERRTASK07', N'TASK', N'ERROR',
             N'Task cannot be confirmed in its current state.',
             N'Task.Confirm: invalid state transition'),

        (N'ERRTASK99', N'TASK', N'ERROR',
             N'Warehouse task operation failed. Please retry. If the problem persists, contact a supervisor.',
             N'Task.Engine: unexpected system error'),

        (N'SUCTASK02', N'TASK', N'SUCCESS',
            N'Putaway completed successfully.',
            N'Task.Confirm: putaway confirmed'),

        (N'ERRSET01', N'SET', N'ERROR',
            N'Setting not found.',
            N'Settings.Update: requested setting does not exist'),

        (N'ERRSET02', N'SET', N'ERROR',
            N'The provided value is not valid for this setting type.',
            N'Settings.Update: data type validation failed'),

        (N'ERRSET03', N'SET', N'ERROR',
            N'The value is not allowed for this setting.',
            N'Settings.Update: value not in allowed_values list'),

        (N'ERRSET04', N'SET', N'ERROR',
            N'The value is outside the permitted range.',
            N'Settings.Update: numeric range validation failed'),

        (N'SUCSET01', N'SET', N'SUCCESS',
            N'Setting updated successfully.',
            N'Settings.Update: value persisted'),

        (N'SUCTASK01', N'TASK', N'SUCCESS',
        N'Putaway task created. Please move stock to the suggested location.',
        N'Task.Create: task created and destination bin reserved'),

        (N'ERRTASK08', N'TASK', N'ERROR',
            N'Wrong location. Please move the stock to {0}.',
            N'Task.Confirm: scanned bin does not match reserved destination'),

        (N'ERRTASK09', N'TASK', N'ERROR',
            N'The suggested location is no longer available. Please request a new suggestion.',
            N'Task.Confirm: destination bin capacity exceeded or bin inactive at confirm time'),

        /* ── ERRINBL06/07/08 — previously missing message definitions ── */
        (N'ERRINBL06', N'INB', N'ERROR',
            N'Received quantity must be greater than zero.',
            N'Inbound.Line (manual mode): received_qty NULL or <= 0'),

        (N'ERRINBL07', N'INB', N'ERROR',
            N'Staging bin must be provided.',
            N'Inbound.Line: staging_bin_code parameter is NULL or empty'),

        (N'ERRINBL08', N'INB', N'ERROR',
            N'Staging bin not found or is inactive. Please check the bin code and try again.',
            N'Inbound.Line: staging_bin_code not found in locations.bins or is_active = 0'),

        /* ── ERRINBL09/10 — BBE and batch mismatch hard blocks ── */
        (N'ERRINBL09', N'INB', N'ERROR',
            N'Best Before Date on label does not match the expected value. Please contact your supervisor.',
            N'Inbound.Line (SSCC mode): scanned best_before_date != expected_unit.best_before_date'),

        (N'ERRINBL10', N'INB', N'ERROR',
            N'Batch number on label does not match the expected value. Please contact your supervisor.',
            N'Inbound.Line (SSCC mode): scanned batch_number != expected_unit.batch_number');

END;
GO

-------------------------------------------
-- 3.3 Error log
-- Captures errors with context for troubleshooting
-------------------------------------------
IF OBJECT_ID('operations.error_log', 'U') IS NULL
BEGIN
    CREATE TABLE operations.error_log
    (
        id               bigint           IDENTITY(1,1) PRIMARY KEY,
        error_code       nvarchar(20)     NULL,          -- may be null for unknown errors
        module_code      nvarchar(20)     NULL,
        message          nvarchar(400)    NULL,
        details          nvarchar(max)    NULL,          -- stack, inner exceptions, etc.
        context_json     nvarchar(max)    NULL,          -- optional JSON context payload
        correlation_id   uniqueidentifier NOT NULL CONSTRAINT DF_operations_error_log_corrid DEFAULT (NEWSEQUENTIALID()),
        occurred_at      datetime2(3)     NOT NULL CONSTRAINT DF_operations_error_log_occurred_at DEFAULT (sysutcdatetime()),
        user_id          int              NULL           -- from SESSION_CONTEXT('user_id') if available
    );
END;
GO

-------------------------------------------
-- 3.4 Helper: set session user
-- Use from the app before running business procs:
--   EXEC operations.usp_set_session_user @user_id = 1;
-------------------------------------------
IF OBJECT_ID('operations.usp_set_session_user', 'P') IS NULL
    EXEC('CREATE PROCEDURE operations.usp_set_session_user AS RETURN 0;');
GO

ALTER PROCEDURE operations.usp_set_session_user
    @user_id int
AS
BEGIN
    SET NOCOUNT ON;

    EXEC sys.sp_set_session_context @key = N'user_id', @value = @user_id;
END;
GO

-------------------------------------------
-- 3.5 Helper: get session user id
-------------------------------------------
IF OBJECT_ID('operations.fn_get_session_user_id', 'FN') IS NULL
    EXEC('CREATE FUNCTION operations.fn_get_session_user_id() RETURNS int AS BEGIN RETURN NULL; END;');
GO

ALTER FUNCTION operations.fn_get_session_user_id()
RETURNS int
AS
BEGIN
    DECLARE @uid_sql_variant sql_variant;
    DECLARE @uid int;

    SELECT @uid_sql_variant = SESSION_CONTEXT(N'user_id');
    IF @uid_sql_variant IS NOT NULL
    BEGIN
        SET @uid = TRY_CONVERT(int, @uid_sql_variant);
    END

    RETURN @uid;
END;
GO

-------------------------------------------
-- 3.6 Helper: get friendly message by error_code
-- Returns a human-friendly message or the error_code if not found
-------------------------------------------
IF OBJECT_ID('operations.fn_get_friendly_message', 'FN') IS NULL
    EXEC('CREATE FUNCTION operations.fn_get_friendly_message(@error_code nvarchar(20)) RETURNS nvarchar(400) AS BEGIN RETURN @error_code; END;');
GO

ALTER FUNCTION operations.fn_get_friendly_message
(
    @error_code nvarchar(20)
)
RETURNS nvarchar(400)
AS
BEGIN
    DECLARE @msg nvarchar(400);

    SELECT @msg = em.message_template
    FROM operations.error_messages em
    WHERE em.error_code = @error_code
      AND em.is_active = 1;
    RETURN ISNULL(@msg, @error_code);
END;
GO

-------------------------------------------
-- 3.7 Helper: simple error logging proc
-------------------------------------------
IF OBJECT_ID('operations.usp_log_error', 'P') IS NULL
    EXEC('CREATE PROCEDURE operations.usp_log_error AS RETURN 0;');
GO

ALTER PROCEDURE operations.usp_log_error
(
    @error_code     nvarchar(20) = NULL,
    @module_code    nvarchar(20) = NULL,
    @message        nvarchar(400) = NULL,
    @details        nvarchar(max) = NULL,
    @context_json   nvarchar(max) = NULL
)
AS
BEGIN
    SET NOCOUNT ON;

    DECLARE @user_id int = operations.fn_get_session_user_id();

    INSERT INTO operations.error_log
        (error_code, module_code, message, details, context_json, user_id)
    VALUES
        (@error_code, @module_code, @message, @details, @context_json, @user_id);
END;
GO


/* ============================================================
   AUTHENTICATION LAYER v1.0
   Schemas, tables, settings, helper procs, auth SPs
   ============================================================*/

---------------------------------------------------------------
-- 0. Ensure db
---------------------------------------------------------------
USE [PW_Core_DEV];
GO

/* ============================================================
   1. TABLES
   ============================================================*/

---------------------------------------------------------------
-- 1.1 Users
---------------------------------------------------------------
IF OBJECT_ID('auth.users', 'U') IS NULL
BEGIN
    CREATE TABLE auth.users
    (
        id                   INT IDENTITY(1,1) PRIMARY KEY,
        username             NVARCHAR(100)  NOT NULL UNIQUE,
        display_name         NVARCHAR(200)  NOT NULL,
        email                NVARCHAR(255)  NULL UNIQUE,
        is_active            BIT            NOT NULL DEFAULT (1),

        password_hash        VARBINARY(512) NULL,
        salt                 VARBINARY(256) NOT NULL,
        password_last_changed DATETIME2(0)  NOT NULL DEFAULT SYSUTCDATETIME(),
        password_expires_at   DATETIME2(0)  NOT NULL DEFAULT '9999-12-31T00:00:00',
        must_change_password  BIT           NOT NULL DEFAULT 0,

        failed_attempts      INT            NOT NULL DEFAULT 0,
        lockout_until        DATETIME2(3)   NULL,

        is_2fa_enabled       BIT            NOT NULL DEFAULT 0,
        twofa_secret         VARBINARY(512) NULL,

        created_at           DATETIME2(3)   NOT NULL CONSTRAINT DF_auth_users_created_at DEFAULT (SYSUTCDATETIME()),
        created_by           INT            NULL     CONSTRAINT DF_auth_users_created_by DEFAULT (CONVERT(INT, SESSION_CONTEXT(N'user_id'))),
        updated_at           DATETIME2(3)   NULL,
        updated_by           INT            NULL
    );
END;
GO

---------------------------------------------------------------
-- 1.2 Roles
---------------------------------------------------------------
IF OBJECT_ID('auth.roles', 'U') IS NULL
BEGIN
    CREATE TABLE auth.roles
    (
        id          INT IDENTITY(1,1) PRIMARY KEY,
        role_name   NVARCHAR(100) NOT NULL UNIQUE,
        description NVARCHAR(255) NULL,
        is_active   BIT DEFAULT 1,
        created_by  INT,
        created_at  DATETIME2(3)  NOT NULL DEFAULT SYSUTCDATETIME(),
        updated_by  INT FOREIGN KEY REFERENCES auth.users(id),
        updated_at  DATETIME2(3)  NOT NULL DEFAULT SYSUTCDATETIME()
    );
END;
GO

-- Add is_system_role to support system/api role filtering
IF NOT EXISTS (
    SELECT 1 FROM sys.columns
    WHERE object_id = OBJECT_ID('auth.roles')
      AND name = 'is_system_role'
)
BEGIN
    ALTER TABLE auth.roles
    ADD is_system_role BIT NOT NULL DEFAULT 0;
END;
GO


---------------------------------------------------------------
-- 1.3 User → Roles
---------------------------------------------------------------
IF OBJECT_ID('auth.user_roles', 'U') IS NULL
BEGIN
    CREATE TABLE auth.user_roles
    (
        user_id INT NOT NULL,
        role_id INT NOT NULL,
        PRIMARY KEY (user_id, role_id),

        CONSTRAINT FK_user_roles_user FOREIGN KEY (user_id)
            REFERENCES auth.users(id),

        CONSTRAINT FK_user_roles_role FOREIGN KEY (role_id)
            REFERENCES auth.roles(id)
    );
END;
GO

---------------------------------------------------------------
-- 1.4 Get Roles
---------------------------------------------------------------
GO


-- -----------------------------------------------------------------------------
-- 030_auth\fn_is_system_user.sql
-- -----------------------------------------------------------------------------

SET QUOTED_IDENTIFIER ON;
GO

CREATE OR ALTER FUNCTION auth.fn_is_system_user
(
    @user_id INT
)
RETURNS BIT
AS
BEGIN
    DECLARE @is_system BIT = 0;

    SELECT @is_system = 1
    FROM auth.users u
    JOIN auth.user_roles ur ON ur.user_id = u.id
    JOIN auth.roles r       ON r.id = ur.role_id
    WHERE u.id = @user_id
      AND r.is_system_role = 1;

    RETURN @is_system;
END;
GO


-- -----------------------------------------------------------------------------
-- 030_auth\sp_hash_password.sql
-- -----------------------------------------------------------------------------

SET QUOTED_IDENTIFIER ON;
GO

CREATE OR ALTER PROCEDURE auth.sp_hash_password
(
    @plain NVARCHAR(200),
    @salt  VARBINARY(256) OUTPUT,
    @hash  VARBINARY(512) OUTPUT
)
AS
BEGIN
    SET NOCOUNT ON;

    IF @plain IS NULL
    BEGIN
        SET @salt = NULL;
        SET @hash = NULL;
        RETURN;
    END;

    -- 32 bytes of cryptographic salt
    SET @salt = CRYPT_GEN_RANDOM(32);

    SET @hash = HASHBYTES('SHA2_512',
                CONVERT(VARBINARY(512), @plain) + @salt);
END;
GO

/* ============================================================
   3. SESSION CLEANUP
   ============================================================*/
GO


-- -----------------------------------------------------------------------------
-- 030_auth\tr_users_audit.sql
-- -----------------------------------------------------------------------------

SET QUOTED_IDENTIFIER ON;
GO

CREATE OR ALTER TRIGGER auth.tr_users_audit
ON auth.users
AFTER UPDATE
AS
BEGIN
    SET NOCOUNT ON;

    INSERT INTO audit.user_changes
    (
        user_id,
        action,
        old_is_active,
        new_is_active,
        changed_at,
        changed_by,
        session_id
    )
    SELECT
        i.id,
        'SET_ACTIVE',
        d.is_active,
        i.is_active,
        SYSUTCDATETIME(),
        TRY_CAST(SESSION_CONTEXT(N'user_id') AS INT),
        TRY_CAST(SESSION_CONTEXT(N'session_id') AS UNIQUEIDENTIFIER)
    FROM inserted i
    JOIN deleted d ON d.id = i.id
    WHERE ISNULL(d.is_active, -1) <> ISNULL(i.is_active, -1);
END;
GO


-- -----------------------------------------------------------------------------
-- 030_auth\tr_users_security_audit.sql
-- -----------------------------------------------------------------------------

SET QUOTED_IDENTIFIER ON;
GO

CREATE OR ALTER TRIGGER auth.tr_users_security_audit
ON auth.users
AFTER UPDATE
AS
BEGIN
    SET NOCOUNT ON;

    DECLARE @now DATETIME2(3) = SYSUTCDATETIME();
    DECLARE @actor INT =
        TRY_CAST(SESSION_CONTEXT(N'user_id') AS INT);
    DECLARE @session UNIQUEIDENTIFIER =
        TRY_CAST(SESSION_CONTEXT(N'session_id') AS UNIQUEIDENTIFIER);

    -- Terminal lock triggered
    INSERT INTO audit.user_changes
    (
        user_id,
        action,
        changed_at,
        changed_by,
        session_id,
        details
    )
    SELECT
        i.id,
        'TERMINAL_LOCK',
        @now,
        @actor,
        @session,
        CONCAT('failed_attempts=', i.failed_attempts)
    FROM inserted i
    JOIN deleted d ON d.id = i.id
    WHERE d.must_change_password = 0
      AND i.must_change_password = 1;

    -- Failed attempts increment
    INSERT INTO audit.user_changes
    (
        user_id,
        action,
        changed_at,
        changed_by,
        session_id,
        details
    )
    SELECT
        i.id,
        'FAILED_LOGIN_ATTEMPT',
        @now,
        @actor,
        @session,
        CONCAT(
            'attempts=', i.failed_attempts,
            ', lockout_until=',
            COALESCE(CONVERT(NVARCHAR(30), i.lockout_until, 126), 'NULL')
        )
    FROM inserted i
    JOIN deleted d ON d.id = i.id
    WHERE ISNULL(d.failed_attempts, 0) <> ISNULL(i.failed_attempts, 0);
END;
GO


USE PW_Core_DEV;
GO

/* ============================================================
   Schema: locations
   Purpose: Physical warehouse structure & storage modelling
   ============================================================ */

/* ============================================================
   locations.storage_types
   ------------------------------------------------------------
   High-level storage category.
   Defines the physical and operational nature of storage.
   ============================================================ */
GO


-- -----------------------------------------------------------------------------
-- 030_auth\usp_add_role.sql
-- -----------------------------------------------------------------------------

CREATE OR ALTER PROCEDURE auth.usp_add_role
    @RoleName    NVARCHAR(100),
    @Description NVARCHAR(200) = NULL,
    @CreatedBy   INT,
    @NewRoleId   INT OUTPUT -- Returns the new ID to the caller
AS
BEGIN
    SET NOCOUNT ON;

    -- Basic Validation
    IF EXISTS (SELECT 1 FROM auth.roles WHERE role_name = @RoleName)
    BEGIN
        -- Option A: Throw an error
        THROW 51000, 'The role name already exists.', 1;
        
    END

    BEGIN TRY
        BEGIN TRANSACTION;

        INSERT INTO auth.roles (role_name, description, is_active, created_by)
        VALUES (@RoleName, @Description, DEFAULT, @CreatedBy);

        -- Capture the new Identity ID
        SET @NewRoleId = SCOPE_IDENTITY();

        COMMIT TRANSACTION;
    END TRY
    BEGIN CATCH
        IF @@TRANCOUNT > 0
            ROLLBACK TRANSACTION;

        -- Re-throw the error
        DECLARE @ErrorMessage NVARCHAR(4000) = ERROR_MESSAGE();
        DECLARE @ErrorSeverity INT = ERROR_SEVERITY();
        DECLARE @ErrorState INT = ERROR_STATE();

        RAISERROR (@ErrorMessage, @ErrorSeverity, @ErrorState);
    END CATCH
END;
GO

DECLARE @SystemUserId INT = (SELECT id FROM auth.users WHERE username = 'system');
DECLARE @OutputId INT;

EXEC auth.usp_add_role 
    @RoleName = 'system', 
    @Description = 'Under the hood functions and seed data', 
    @CreatedBy = @SystemUserId,
    @NewRoleId = @OutputId OUTPUT;
GO


-- Mark system role as is_system_role
UPDATE auth.roles SET is_system_role = 1 WHERE role_name = 'system';
GO

-- Add api role
DECLARE @SystemUserId2 INT = (SELECT id FROM auth.users WHERE username = 'system');
IF NOT EXISTS (SELECT 1 FROM auth.roles WHERE role_name = 'api')
BEGIN
    INSERT INTO auth.roles (role_name, description, is_active, is_system_role, created_by)
    VALUES ('api', 'API integration role — system use only', 1, 1, @SystemUserId2);
    PRINT 'api role created.';
END
ELSE
BEGIN
    UPDATE auth.roles SET is_system_role = 1 WHERE role_name = 'api';
    PRINT 'api role already exists — is_system_role ensured.';
END
GO


IF OBJECT_ID('auth.usp_update_role_by_name', 'P') IS NOT NULL
    DROP PROCEDURE auth.usp_update_role_by_name;
GO

---------------------------------------------------------------
-- 3. Ensure SYSTEM user is assigned to SYSTEM role
---------------------------------------------------------------
DECLARE @SystemUserId INT = (SELECT id FROM auth.users WHERE username = 'system');
DECLARE @SystemRoleId INT = (SELECT id FROM auth.roles WHERE role_name = 'system');

IF @SystemUserId IS NULL OR @SystemRoleId IS NULL
BEGIN
    PRINT 'ERROR: System user or role missing – cannot assign.';
END
ELSE
BEGIN
    IF NOT EXISTS (
        SELECT 1 FROM auth.user_roles
        WHERE user_id = @SystemUserId
          AND role_id = @SystemRoleId
    )
    BEGIN
        INSERT INTO auth.user_roles (user_id, role_id)
        VALUES (@SystemUserId, @SystemRoleId);

        PRINT 'System user assigned to system role.';
    END
    ELSE
    BEGIN
        PRINT 'System user already assigned to system role.';
    END
END;
GO

SET ANSI_NULLS ON;
GO
SET QUOTED_IDENTIFIER ON;
GO

CREATE PROCEDURE auth.usp_update_role_by_name
    @RoleName       NVARCHAR(100),        -- The specific role to find
    @NewDescription NVARCHAR(200) = NULL, -- Pass NULL to keep existing description
    @NewRoleName    NVARCHAR(100) = NULL, -- Pass NULL to keep existing name
    @UpdatedBy      INT
AS
BEGIN
    SET NOCOUNT ON;

    -- 1. Identity Check: Ensure the role exists
    DECLARE @RoleId INT = (SELECT id FROM auth.roles WHERE role_name = @RoleName);
    
    IF @RoleId IS NULL
    BEGIN
        THROW 51000, 'The role specified for update does not exist.', 1;
    END

    -- 2. Collision Check: If renaming, ensure the NEW name isn't taken
    IF @NewRoleName IS NOT NULL AND @NewRoleName <> @RoleName
    BEGIN
        IF EXISTS (SELECT 1 FROM auth.roles WHERE role_name = @NewRoleName)
        BEGIN
             THROW 51000, 'The new role name is already taken by another role.', 1;
        END
    END

    BEGIN TRY
        BEGIN TRANSACTION;

        UPDATE auth.roles
        SET 
            -- If @NewRoleName is NULL, keep the old name
            role_name   = COALESCE(@NewRoleName, role_name),
            
            -- If @NewDescription is NULL, keep the old description
            description = COALESCE(@NewDescription, description),
            
            -- Audit fields
            updated_at  = SYSUTCDATETIME(),
            updated_by  = @UpdatedBy
        WHERE 
            id = @RoleId;

        COMMIT TRANSACTION;
    END TRY
    BEGIN CATCH
        IF @@TRANCOUNT > 0
            ROLLBACK TRANSACTION;

        DECLARE @ErrorMessage NVARCHAR(4000) = ERROR_MESSAGE();
        DECLARE @ErrorSeverity INT = ERROR_SEVERITY();
        DECLARE @ErrorState INT = ERROR_STATE();

        RAISERROR (@ErrorMessage, @ErrorSeverity, @ErrorState);
    END CATCH
END;
GO

IF OBJECT_ID('auth.fn_is_session_expired', 'FN') IS NULL
    EXEC('CREATE FUNCTION auth.fn_is_session_expired() RETURNS bit AS BEGIN RETURN 0; END');
GO


-- -----------------------------------------------------------------------------
-- 030_auth\usp_admin_reset_password.sql
-- -----------------------------------------------------------------------------

SET QUOTED_IDENTIFIER ON;
GO

CREATE OR ALTER PROCEDURE auth.usp_admin_reset_password
(
    @target_user_id    INT,
    @new_password      NVARCHAR(200),

    @result_code       NVARCHAR(20)  OUTPUT,
    @friendly_message  NVARCHAR(400) OUTPUT
)
AS
BEGIN
    SET NOCOUNT ON;

    DECLARE
        @username        NVARCHAR(100),
        @actor_id        INT = TRY_CAST(SESSION_CONTEXT(N'user_id') AS INT),
        @session_id      UNIQUEIDENTIFIER = TRY_CAST(SESSION_CONTEXT(N'session_id') AS UNIQUEIDENTIFIER),
        @correlation_id  UNIQUEIDENTIFIER = TRY_CAST(SESSION_CONTEXT(N'correlation_id') AS UNIQUEIDENTIFIER),
        @now             DATETIME2(3) = SYSUTCDATETIME();

    BEGIN TRY

        --------------------------------------------------------
        -- Resolve target user
        --------------------------------------------------------
        SELECT @username = u.username
        FROM auth.users u
        WHERE u.id = @target_user_id;

        IF @username IS NULL
        BEGIN
            SET @result_code = 'ERRAUTH02';

            SELECT @friendly_message = message_template
            FROM operations.error_messages
            WHERE error_code = @result_code;

            GOTO LogAndExit;
        END;

        --------------------------------------------------------
        -- Delegate to core password change
        --------------------------------------------------------
        EXEC auth.usp_change_password
            @username         = @username,
            @new_password     = @new_password,
            @result_code      = @result_code OUTPUT,
            @friendly_message = @friendly_message OUTPUT;

        --------------------------------------------------------
        -- Admin override
        --------------------------------------------------------
        IF @result_code LIKE 'SUC%'
        BEGIN
            UPDATE auth.users
            SET must_change_password = 1
            WHERE id = @target_user_id;
        END;

LogAndExit:

        --------------------------------------------------------
        -- Payload
        --------------------------------------------------------
        DECLARE @payload_json NVARCHAR(MAX);

        SET @payload_json = (
            SELECT
                @actor_id       AS PerformedBy,
                @target_user_id AS TargetUserId,
                @username       AS Username,
                @result_code    AS ResultCode
            FOR JSON PATH, WITHOUT_ARRAY_WRAPPER
        );

        --------------------------------------------------------
        -- Mapping
        --------------------------------------------------------
        DECLARE @event_result_code NVARCHAR(50);
        DECLARE @event_success BIT;

        SELECT
            @event_result_code = m.event_result_code,
            @event_success     = m.event_success
        FROM audit.fn_map_user_result(@result_code) m;

        --------------------------------------------------------
        -- Audit (single source of truth)
        --------------------------------------------------------
        EXEC audit.usp_log_event
            @correlation_id = @correlation_id,
            @user_id        = @actor_id,
            @session_id     = @session_id,
            @event_name     = 'user.password.reset',
            @result_code    = @event_result_code,
            @success        = @event_success,
            @payload_json   = @payload_json;

    END TRY
    BEGIN CATCH

        DECLARE @err NVARCHAR(4000) = ERROR_MESSAGE();

        DECLARE @payload_json_error NVARCHAR(MAX);

        SET @payload_json_error = (
            SELECT
                @err AS ErrorMessage,
                @target_user_id AS TargetUserId
            FOR JSON PATH, WITHOUT_ARRAY_WRAPPER
        );

        EXEC audit.usp_log_event
            @correlation_id = @correlation_id,
            @user_id        = @actor_id,
            @session_id     = @session_id,
            @event_name     = 'system.error.occurred',
            @result_code    = 'UNHANDLED_EXCEPTION',
            @success        = 0,
            @payload_json   = @payload_json_error;

        SET @result_code = 'ERRPROC02';

        SELECT @friendly_message = message_template
        FROM operations.error_messages
        WHERE error_code = @result_code;

    END CATCH;
END;
GO


-- -----------------------------------------------------------------------------
-- 030_auth\usp_change_password.sql
-- -----------------------------------------------------------------------------

CREATE OR ALTER PROCEDURE auth.usp_change_password
(
    @username         NVARCHAR(100),
    @new_password     NVARCHAR(200),
    @result_code      NVARCHAR(20)  OUTPUT,
    @friendly_message NVARCHAR(400) OUTPUT
)
AS
BEGIN
    SET NOCOUNT ON;

    DECLARE
        @user_id       INT,
        @existing_hash VARBINARY(512),
        @existing_salt VARBINARY(256),
        @is_active     BIT,
        @now           DATETIME2(3) = SYSUTCDATETIME();

    BEGIN TRY

        --------------------------------------------------------
        -- 0. Load user
        --------------------------------------------------------
        SELECT
            @user_id       = u.id,
            @existing_hash = u.password_hash,
            @existing_salt = u.salt,
            @is_active     = u.is_active
        FROM auth.users u
        WHERE u.username = @username;

        IF @user_id IS NULL OR @existing_hash IS NULL OR @existing_salt IS NULL
        BEGIN
            SET @result_code      = 'ERRAUTH02';
            SET @friendly_message = operations.fn_get_friendly_message(@result_code);
            RETURN;
        END;

        IF @is_active = 0
        BEGIN
            SET @result_code      = 'ERRAUTH02';
            SET @friendly_message = operations.fn_get_friendly_message(@result_code);
            RETURN;
        END;

        --------------------------------------------------------
        -- 1. Complexity: min length + upper + lower + digit
        --------------------------------------------------------
        DECLARE @min_len INT =
        (
            SELECT TRY_CONVERT(INT, setting_value)
            FROM operations.settings
            WHERE setting_name = 'auth.password_min_length'
        );

        IF @min_len IS NULL OR @min_len < 1
            SET @min_len = 8;

        IF LEN(@new_password) < @min_len
           OR @new_password NOT LIKE '%[A-Z]%'
           OR @new_password NOT LIKE '%[a-z]%'
           OR @new_password NOT LIKE '%[0-9]%'
        BEGIN
            SET @result_code      = 'ERRAUTH10';
            SET @friendly_message = operations.fn_get_friendly_message(@result_code);
            RETURN;
        END;

        --------------------------------------------------------
        -- 2. History depth
        --------------------------------------------------------
        DECLARE @history_len INT =
        (
            SELECT TRY_CONVERT(INT, setting_value)
            FROM operations.settings
            WHERE setting_name = 'auth.password_history_depth'
        );

        IF @history_len IS NULL OR @history_len < 1
            SET @history_len = 3;

        --------------------------------------------------------
        -- 3. Prevent reuse of last N passwords
        --------------------------------------------------------
        DECLARE @reuse_count INT = 0;

        ;WITH LastN AS
        (
            SELECT TOP (@history_len)
                h.password_hash,
                h.salt
            FROM auth.password_history h
            WHERE h.user_id = @user_id
            ORDER BY h.changed_at DESC
        )
        SELECT @reuse_count = COUNT(*)
        FROM LastN h
        WHERE h.password_hash =
              HASHBYTES('SHA2_512',
                    CONVERT(VARBINARY(512), @new_password) + h.salt);

        IF @reuse_count > 0
        BEGIN
            SET @result_code      = 'ERRAUTH11';
            SET @friendly_message = operations.fn_get_friendly_message(@result_code);
            RETURN;
        END;

        --------------------------------------------------------
        -- 4. Generate new hash/salt
        --------------------------------------------------------
        DECLARE @new_salt VARBINARY(256),
                @new_hash VARBINARY(512);

        EXEC auth.sp_hash_password
             @plain = @new_password,
             @salt  = @new_salt OUTPUT,
             @hash  = @new_hash OUTPUT;

        --------------------------------------------------------
        -- 5. Put OLD password into history
        --------------------------------------------------------
        IF @existing_hash IS NOT NULL AND @existing_salt IS NOT NULL
        BEGIN
            INSERT INTO auth.password_history (user_id, password_hash, salt, changed_at)
            VALUES (@user_id, @existing_hash, @existing_salt, @now);
        END;

        -- Trim to last N
        ;WITH Ranked AS
        (
            SELECT
                id,
                ROW_NUMBER() OVER (ORDER BY changed_at DESC) AS rn
            FROM auth.password_history
            WHERE user_id = @user_id
        )
        DELETE FROM auth.password_history
        WHERE id IN
        (
            SELECT id FROM Ranked WHERE rn > @history_len
        );

        --------------------------------------------------------
        -- 6. Password expiry date
        --------------------------------------------------------
        DECLARE @expiry_days INT =
        (
            SELECT TRY_CONVERT(INT, setting_value)
            FROM operations.settings
            WHERE setting_name = 'auth.password_expiry_days'
        );

        IF @expiry_days IS NULL OR @expiry_days <= 0
            SET @expiry_days = 90;

        DECLARE @expires_at DATETIME2(0) = DATEADD(DAY, @expiry_days, @now);

        --------------------------------------------------------
        -- 7. Update user
        --------------------------------------------------------
        UPDATE auth.users
        SET password_hash         = @new_hash,
            salt                  = @new_salt,
            password_last_changed = @now,
            password_expires_at   = @expires_at,
            must_change_password  = 0,
            failed_attempts       = 0,
            lockout_until         = NULL
        WHERE id = @user_id;

        SET @result_code      = 'SUCAUTH10';
        SET @friendly_message = operations.fn_get_friendly_message(@result_code);

    END TRY
    BEGIN CATCH
        DECLARE @err NVARCHAR(4000) = ERROR_MESSAGE();
        DECLARE @ctx NVARCHAR(MAX)  = JSON_OBJECT('username': @username);

        EXEC operations.usp_log_error
            @error_code   = 'ERRAUTH99',
            @module_code  = 'AUTH',
            @message      = 'Unhandled error in usp_change_password.',
            @details      = @err,
            @context_json = @ctx;

        SET @result_code      = 'ERRAUTH99';
        SET @friendly_message = operations.fn_get_friendly_message(@result_code);
    END CATCH;
END;
GO

/* ============================================================
   11. ROLE RESOLUTION VIEW
   ============================================================*/

IF OBJECT_ID('auth.v_user_roles', 'V') IS NULL
BEGIN
    EXEC('CREATE VIEW auth.v_user_roles AS
          SELECT u.id AS user_id,
                 u.username,
                 u.display_name,
                 r.role_name,
                 r.description
          FROM auth.users u
          JOIN auth.user_roles ur ON ur.user_id = u.id
          JOIN auth.roles r       ON r.id = ur.role_id;');
END;
GO

DECLARE @salt VARBINARY(256) = 0x01;
DECLARE @hash VARBINARY(512) = 0x01;

IF NOT EXISTS (SELECT 1 FROM auth.users WHERE username='system')
BEGIN
    INSERT INTO auth.users
        (username, display_name, email, password_hash, salt,
         password_last_changed, is_active, created_by)
    VALUES
        ('system', 'System Account', NULL, @hash, @salt,
         SYSUTCDATETIME(), 1, NULL);

    PRINT 'System user created.';
END
ELSE
    PRINT 'System user already exists.';
GO

IF OBJECT_ID('auth.usp_add_role', 'P') IS NOT NULL
    DROP PROCEDURE auth.usp_add_role;
GO

SET ANSI_NULLS ON;
GO
SET QUOTED_IDENTIFIER ON;
GO


-- -----------------------------------------------------------------------------
-- 030_auth\usp_create_user.sql
-- -----------------------------------------------------------------------------

SET QUOTED_IDENTIFIER ON;
GO

CREATE OR ALTER PROCEDURE auth.usp_create_user
(
    @username     NVARCHAR(50),
    @display_name NVARCHAR(100),
    @role_name    NVARCHAR(100),
    @email        NVARCHAR(255),
    @password     NVARCHAR(200),

    @result_code  NVARCHAR(20)  OUTPUT,
    @friendly_msg NVARCHAR(400) OUTPUT
)
AS
BEGIN
    SET NOCOUNT ON;

    DECLARE
        @salt        VARBINARY(256),
        @hash        VARBINARY(512),
        @actor       INT = TRY_CONVERT(INT, SESSION_CONTEXT(N'user_id')),
        @session_id  UNIQUEIDENTIFIER = TRY_CONVERT(UNIQUEIDENTIFIER, SESSION_CONTEXT(N'session_id')),
        @correlation_id UNIQUEIDENTIFIER = TRY_CONVERT(UNIQUEIDENTIFIER, SESSION_CONTEXT(N'correlation_id')),

        @now         DATETIME2(3) = SYSUTCDATETIME(),
        @expiry_days INT,
        @expires_at  DATETIME2(0),
        @role_id     INT,
        @new_user_id INT;

    BEGIN TRY

        --------------------------------------------------------
        -- Username uniqueness
        --------------------------------------------------------
        IF EXISTS (SELECT 1 FROM auth.users WHERE username = @username)
        BEGIN
            SET @result_code = 'ERRAUTHUSR01';
            SELECT @friendly_msg = message_template
            FROM operations.error_messages
            WHERE error_code = @result_code;

            GOTO LogAndExit;
        END;

        --------------------------------------------------------
        -- Email uniqueness
        --------------------------------------------------------
        IF EXISTS (SELECT 1 FROM auth.users WHERE email = @email)
        BEGIN
            SET @result_code = 'ERRAUTHUSR04';
            SELECT @friendly_msg = message_template
            FROM operations.error_messages
            WHERE error_code = @result_code;

            GOTO LogAndExit;
        END;

        --------------------------------------------------------
        -- Role validation
        --------------------------------------------------------
        SELECT @role_id = id
        FROM auth.roles
        WHERE role_name = @role_name;

        IF @role_id IS NULL
        BEGIN
            SET @result_code = 'ERRAUTHUSR02';
            SELECT @friendly_msg = message_template
            FROM operations.error_messages
            WHERE error_code = @result_code;

            GOTO LogAndExit;
        END;

        --------------------------------------------------------
        -- Password hashing
        --------------------------------------------------------
        EXEC auth.sp_hash_password
             @plain = @password,
             @salt  = @salt OUTPUT,
             @hash  = @hash OUTPUT;

        --------------------------------------------------------
        -- Password expiry
        --------------------------------------------------------
        SELECT @expiry_days =
            TRY_CONVERT(INT, setting_value)
        FROM operations.settings
        WHERE setting_name = 'auth.password_expiry_days';

        IF @expiry_days IS NULL OR @expiry_days <= 0
            SET @expiry_days = 90;

        SET @expires_at = DATEADD(DAY, @expiry_days, @now);

        --------------------------------------------------------
        -- Insert user
        --------------------------------------------------------
        INSERT INTO auth.users
        (
            username, display_name, email,
            password_hash, salt,
            password_last_changed, password_expires_at,
            must_change_password,
            is_active,
            created_at, created_by
        )
        VALUES
        (
            @username, @display_name, @email,
            @hash, @salt,
            @now, @expires_at,
            1,
            1,
            @now, @actor
        );

        SET @new_user_id = SCOPE_IDENTITY();

        --------------------------------------------------------
        -- Role assignment
        --------------------------------------------------------
        INSERT INTO auth.user_roles (user_id, role_id)
        VALUES (@new_user_id, @role_id);

        --------------------------------------------------------
        -- Success
        --------------------------------------------------------
        SET @result_code = 'SUCAUTHUSR01';
        SELECT @friendly_msg = message_template
        FROM operations.error_messages
        WHERE error_code = @result_code;

LogAndExit:

        --------------------------------------------------------
        -- Payload
        --------------------------------------------------------
        DECLARE @payload_json NVARCHAR(MAX);

        SET @payload_json = (
            SELECT
                @username     AS Username,
                @role_name    AS Role,
                @actor        AS PerformedBy,
                @new_user_id  AS NewUserId,
                @result_code  AS ResultCode
            FOR JSON PATH, WITHOUT_ARRAY_WRAPPER
        );

        --------------------------------------------------------
        -- Mapping (CENTRALISED)
        --------------------------------------------------------
        DECLARE @event_result_code NVARCHAR(50);
        DECLARE @event_success BIT;

        SELECT
            @event_result_code = m.event_result_code,
            @event_success     = m.event_success
        FROM audit.fn_map_user_result(@result_code) m;

        --------------------------------------------------------
        -- Audit
        --------------------------------------------------------
        EXEC audit.usp_log_event
            @correlation_id = @correlation_id,
            @user_id        = @actor,
            @session_id     = @session_id,
            @event_name     = 'user.created',
            @result_code    = @event_result_code,
            @success        = @event_success,
            @payload_json   = @payload_json;

    END TRY
    BEGIN CATCH

        DECLARE @err NVARCHAR(4000) = ERROR_MESSAGE();

        DECLARE @payload_json_error NVARCHAR(MAX);

        SET @payload_json_error = (
            SELECT
                @err AS ErrorMessage,
                @username AS Username
            FOR JSON PATH, WITHOUT_ARRAY_WRAPPER
        );

        EXEC audit.usp_log_event
            @correlation_id = @correlation_id,
            @user_id        = @actor,
            @session_id     = @session_id,
            @event_name     = 'system.error.occurred',
            @result_code    = 'UNHANDLED_EXCEPTION',
            @success        = 0,
            @payload_json   = @payload_json_error;

        SET @result_code = 'ERRAUTHUSR03';
        SELECT @friendly_msg = message_template
        FROM operations.error_messages
        WHERE error_code = @result_code;

    END CATCH;
END;
GO


-- Add api user
IF NOT EXISTS (SELECT 1 FROM auth.users WHERE username = 'api')
BEGIN
    EXEC auth.usp_create_user
        @username     = 'api',
        @display_name = 'PeasyWare API',
        @role_name    = 'api',
        @email        = 'api@pw.local',
        @password     = 'ChangeMe123!',
        @result_code  = NULL,
        @friendly_msg = NULL;
    PRINT 'api user created.';
END
ELSE
    PRINT 'api user already exists — skipped.';
GO


-- -----------------------------------------------------------------------------
-- 030_auth\usp_get_session_details.sql
-- -----------------------------------------------------------------------------

SET QUOTED_IDENTIFIER ON;
GO

CREATE OR ALTER PROCEDURE auth.usp_get_session_details
(
    @session_id UNIQUEIDENTIFIER
)
AS
BEGIN
    SET NOCOUNT ON;

    SELECT *
    FROM auth.vw_session_forensic
    WHERE session_id = @session_id;
END;
GO

USE msdb;
GO

--------------------------------------------------------------------------------
-- 1. Remove existing job if it exists (idempotent)
--------------------------------------------------------------------------------
IF EXISTS (SELECT 1 FROM msdb.dbo.sysjobs WHERE name = N'DEV PW Session Cleanup Job')
BEGIN
EXEC msdb.dbo.sp_delete_job
@job_name = N'DEV PW Session Cleanup Job',
@delete_unused_schedule = 1;

DECLARE @schedule_id INT;

WHILE 1 = 1
BEGIN
    SELECT TOP (1) @schedule_id = schedule_id
    FROM msdb.dbo.sysschedules
    WHERE name = N'DEV PW Cleanup – Every 10 Minutes';

    IF @schedule_id IS NULL BREAK;

    EXEC msdb.dbo.sp_delete_schedule
        @schedule_id = @schedule_id;

    PRINT 'Deleted schedule_id = ' + CAST(@schedule_id AS NVARCHAR(20));

    SET @schedule_id = NULL;
END;
END
GO

--------------------------------------------------------------------------------
-- 2. Create Job
--------------------------------------------------------------------------------
DECLARE @job_id UNIQUEIDENTIFIER;

EXEC msdb.dbo.sp_add_job
    @job_name = N'DEV PW Session Cleanup Job',
    @enabled = 1,
    @description = N'Automatically clears timed-out PW_Core_DEV sessions.',
    @start_step_id = 1,
    @job_id = @job_id OUTPUT;

PRINT 'Job created. ID = ' + CONVERT(NVARCHAR(50), @job_id);
GO

--------------------------------------------------------------------------------
-- 3. Add Job Step
--------------------------------------------------------------------------------
DECLARE @job_id UNIQUEIDENTIFIER =
(
    SELECT job_id FROM msdb.dbo.sysjobs WHERE name = N'DEV PW Session Cleanup Job'
);

EXEC msdb.dbo.sp_add_jobstep
    @job_id = @job_id,
    @step_id = 1,
    @step_name = N'Run Session Cleanup',
    @subsystem = N'TSQL',
    @command = N'EXEC PW_Core_DEV.auth.usp_session_cleanup;',
    @database_name = N'PW_Core_DEV',
    @on_success_action = 1,
    @on_fail_action = 2;
GO

--------------------------------------------------------------------------------
-- 4. Create Schedule (Every 10 minutes)
--------------------------------------------------------------------------------
DECLARE @schedule_id INT;

EXEC msdb.dbo.sp_add_schedule
    @schedule_name = N'PW Cleanup – Every 10 Minutes',
    @freq_type = 4,
    @freq_interval = 1,
    @freq_subday_type = 4,
    @freq_subday_interval = 10,
    @active_start_time = 000000,
    @schedule_id = @schedule_id OUTPUT;

PRINT 'Schedule created. ID = ' + CONVERT(NVARCHAR(20), @schedule_id);

--------------------------------------------------------------------------------
-- 5. Attach schedule to job
--------------------------------------------------------------------------------
DECLARE @job_id UNIQUEIDENTIFIER =
(
    SELECT job_id 
    FROM msdb.dbo.sysjobs 
    WHERE name = N'DEV PW Session Cleanup Job'
);

EXEC msdb.dbo.sp_attach_schedule
    @job_id = @job_id,
    @schedule_id = @schedule_id;

--------------------------------------------------------------------------------
-- 6. Enable job for this server
--------------------------------------------------------------------------------
EXEC msdb.dbo.sp_add_jobserver
    @job_name = N'DEV PW Session Cleanup Job',
    @server_name = @@SERVERNAME;

PRINT 'DEV PW Session Cleanup Job successfully installed + enabled.';
GO

USE PW_Core_DEV;
GO
--------------------------------------------------------------------------------
-- User lookup view
--------------------------------------------------------------------------------
--------------------------------------------------------------------------------
-- Protect the system user
--------------------------------------------------------------------------------
GO


-- -----------------------------------------------------------------------------
-- 030_auth\usp_login.sql
-- -----------------------------------------------------------------------------

SET QUOTED_IDENTIFIER ON;
GO

CREATE OR ALTER PROCEDURE auth.usp_login
(
    @username           NVARCHAR(100),
    @password_plain     NVARCHAR(200) = NULL,
    @client_info        NVARCHAR(200) = NULL,
    @ip_address         NVARCHAR(50)  = NULL,
    @client_app         NVARCHAR(50)  = NULL,
    @os_info            NVARCHAR(200) = NULL,
    @force_login        BIT           = 0,
    @correlation_id     UNIQUEIDENTIFIER = NULL,

    -- OUTPUTS
    @result_code        NVARCHAR(20)  OUTPUT,
    @friendly_message   NVARCHAR(400) OUTPUT,
    @user_id_out        INT           OUTPUT,
    @session_id_out     UNIQUEIDENTIFIER OUTPUT,
    @display_name_out   NVARCHAR(200) OUTPUT,
    @last_login_time    DATETIME2(3)  OUTPUT,
    @failed_attempts    INT           OUTPUT,
    @lockout_until_out  DATETIME2(3)  OUTPUT,
    @role_name_out      NVARCHAR(100) OUTPUT
)
AS
BEGIN
    SET NOCOUNT ON;

    --------------------------------------------------------
    -- HARD GUARDS
    --------------------------------------------------------
    SET @client_app = NULLIF(LTRIM(RTRIM(@client_app)), '');
    IF @client_app IS NULL
        THROW 50001, 'client_app must be supplied', 1;

    --------------------------------------------------------
    -- Init outputs
    --------------------------------------------------------
    SET @result_code = NULL;
    SET @friendly_message = NULL;
    SET @user_id_out = NULL;
    SET @session_id_out = NULL;
    SET @display_name_out = NULL;
    SET @last_login_time = NULL;
    SET @failed_attempts = 0;
    SET @lockout_until_out = NULL;

    EXEC auth.usp_session_cleanup;

    DECLARE
        @user_id INT,
        @is_active BIT,
        @password_hash VARBINARY(512),
        @salt VARBINARY(256),
        @failed INT,
        @lockout_until DATETIME2(3),
        @must_change_password BIT,
        @password_expires_at DATETIME2(3),
        @display_name NVARCHAR(200),
        @role_name NVARCHAR(100),
        @now DATETIME2(3) = SYSUTCDATETIME();

    BEGIN TRY
        --------------------------------------------------------
        -- Load user
        --------------------------------------------------------
        SELECT
            @user_id = u.id,
            @is_active = u.is_active,
            @password_hash = u.password_hash,
            @salt = u.salt,
            @failed = u.failed_attempts,
            @lockout_until = u.lockout_until,
            @must_change_password = u.must_change_password,
            @password_expires_at = u.password_expires_at,
            @display_name = u.display_name,
            @role_name            = r.role_name 
        FROM auth.users u
        JOIN auth.user_roles ur ON ur.user_id = u.id
        JOIN auth.roles r       ON r.id = ur.role_id
        WHERE u.username = @username;

        IF @user_id IS NULL
        BEGIN
            SET @result_code = 'ERRAUTH01';
            SET @friendly_message = operations.fn_get_friendly_message(@result_code);
            GOTO LogAndExit;
        END;

        --------------------------------------------------------
        -- Disabled user guard
        --------------------------------------------------------
        IF @is_active = 0
        BEGIN
            SET @result_code = 'ERRAUTH02';
            SET @friendly_message = operations.fn_get_friendly_message(@result_code);
            GOTO LogAndExit;
        END;

        --------------------------------------------------------
        -- Lockout check
        --------------------------------------------------------
        IF @lockout_until IS NOT NULL AND @now < @lockout_until
        BEGIN
            SET @result_code = 'ERRAUTH07';
            SET @friendly_message =
                CONCAT('Too many failed attempts. Try again at ',
                       FORMAT(@lockout_until, 'yyyy-MM-dd HH:mm:ss'));
            SET @failed_attempts = @failed;
            SET @lockout_until_out = @lockout_until;
            GOTO LogAndExit;
        END;

        --------------------------------------------------------
        -- Password validation
        --------------------------------------------------------
        DECLARE @calc_hash VARBINARY(512) =
            HASHBYTES('SHA2_512',
                CONVERT(VARBINARY(512), @password_plain) + @salt);

        IF @calc_hash IS NULL OR @calc_hash <> @password_hash
        BEGIN
            SET @failed += 1;

            DECLARE @lock_minutes INT = NULL;
            DECLARE @terminal_lock DATETIME2(3) = '9999-12-31 23:59:59.997';

            IF      @failed = 3 SET @lock_minutes = 1;
            ELSE IF @failed = 4 SET @lock_minutes = 2;
            ELSE IF @failed = 5 SET @lock_minutes = 5;
            ELSE IF @failed = 6 SET @lock_minutes = 10;
            ELSE IF @failed = 7 SET @lock_minutes = 20;
            ELSE IF @failed = 8 SET @lock_minutes = 30;
            ELSE IF @failed = 9 SET @lock_minutes = 60;
            ELSE IF @failed >= 10
            BEGIN
                UPDATE auth.users
                SET failed_attempts = @failed,
                    lockout_until = @terminal_lock
                WHERE id = @user_id;

                SET @result_code = 'ERRAUTH08';
                SET @friendly_message =
                    'Account locked due to repeated failed login attempts. Contact an administrator.';

                SET @failed_attempts = @failed;
                SET @lockout_until_out = @terminal_lock;

                GOTO LogAndExit;
            END;

            UPDATE auth.users
            SET failed_attempts = @failed,
                lockout_until = DATEADD(MINUTE, @lock_minutes, @now)
            WHERE id = @user_id;

            SET @result_code = 'ERRAUTH01';
            SET @friendly_message = operations.fn_get_friendly_message(@result_code);
            SET @failed_attempts = @failed;
            SET @lockout_until_out = DATEADD(MINUTE, @lock_minutes, @now);

            GOTO LogAndExit;
        END;

        --------------------------------------------------------
        -- Clear failures
        --------------------------------------------------------
        UPDATE auth.users
        SET failed_attempts = 0,
            lockout_until = NULL
        WHERE id = @user_id;

        --------------------------------------------------------
        -- Password policy
        --------------------------------------------------------
        IF @must_change_password = 1
           OR (@password_expires_at IS NOT NULL AND @now > @password_expires_at)
        BEGIN
            SET @result_code = 'ERRAUTH09';
            SET @friendly_message = operations.fn_get_friendly_message(@result_code);
            SET @user_id_out = @user_id;
            SET @display_name_out = @display_name;
            GOTO LogAndExit;
        END;

        --------------------------------------------------------
        -- Existing session
        --------------------------------------------------------
        IF EXISTS (
            SELECT 1 FROM auth.user_sessions
            WHERE user_id = @user_id
              AND client_app = @client_app
              AND is_active = 1
        )
        BEGIN
            IF @force_login = 0
            BEGIN
                SET @result_code = 'ERRAUTH05';
                SET @friendly_message = operations.fn_get_friendly_message(@result_code);
                GOTO LogAndExit;
            END;

            UPDATE auth.user_sessions
            SET is_active = 0
            WHERE user_id = @user_id
              AND client_app = @client_app;
        END;

        --------------------------------------------------------
        -- Create session
        --------------------------------------------------------
        DECLARE @session_id UNIQUEIDENTIFIER = NEWID();

        INSERT INTO auth.user_sessions
        (session_id, user_id, client_info, client_app, correlation_id)
        VALUES
        (@session_id, @user_id, @client_info, @client_app, @correlation_id);

        SET @result_code = 'SUCAUTH01';
        SET @friendly_message = operations.fn_get_friendly_message(@result_code);
        SET @user_id_out = @user_id;
        SET @session_id_out = @session_id;
        SET @display_name_out = @display_name;
        SET @role_name_out = @role_name;

LogAndExit:

        --------------------------------------------------------
        -- Login attempts
        --------------------------------------------------------
        INSERT INTO auth.login_attempts
        (username, attempt_time, result_code, success,
         session_id, correlation_id, ip_address, client_info, client_app, os_info)
        VALUES
        (@username, @now, @result_code,
         CASE WHEN @result_code = 'SUCAUTH01' THEN 1 ELSE 0 END,
         @session_id_out, @correlation_id,
         @ip_address, @client_info, @client_app, @os_info);

        --------------------------------------------------------
        -- Event logging (STRICT MAPPING)
        --------------------------------------------------------
        DECLARE @payload_json NVARCHAR(MAX);

        SET @payload_json = (
            SELECT
                @username AS Username,
                @client_app AS ClientApp,
                @ip_address AS IpAddress,
                @result_code AS ResultCode
            FOR JSON PATH, WITHOUT_ARRAY_WRAPPER
        );

        DECLARE @event_result_code NVARCHAR(50);
            DECLARE @event_success BIT;

            SELECT
                @event_result_code = m.event_result_code,
                @event_success = m.event_success
            FROM audit.fn_map_auth_result(@result_code) m;

        EXEC audit.usp_log_event
            @correlation_id = @correlation_id,
            @user_id        = @user_id,
            @session_id     = @session_id_out,
            @event_name     = 'auth.login',
            @result_code    = @event_result_code,
            @success        = @event_success,
            @payload_json   = @payload_json;

    END TRY
    BEGIN CATCH
        DECLARE @err NVARCHAR(4000) = ERROR_MESSAGE();
        DECLARE @payload_json_error NVARCHAR(MAX);

        SET @payload_json_error = (
            SELECT
                @err AS ErrorMessage,
                @username AS Username
            FOR JSON PATH, WITHOUT_ARRAY_WRAPPER
        );

        EXEC audit.usp_log_event
            @correlation_id = @correlation_id,
            @user_id        = NULL,
            @session_id     = NULL,
            @event_name     = 'system.error.occurred',
            @result_code    = 'UNHANDLED_EXCEPTION',
            @success        = 0,
            @payload_json   = @payload_json_error;

        SET @result_code      = 'ERRAUTH99';
        SET @friendly_message = operations.fn_get_friendly_message('ERRAUTH99');
    END CATCH;
END;
GO

/* ============================================================
   7. SESSION TOUCH
   ============================================================*/
GO


-- -----------------------------------------------------------------------------
-- 030_auth\usp_logout.sql
-- -----------------------------------------------------------------------------

SET QUOTED_IDENTIFIER ON;
GO

CREATE OR ALTER PROCEDURE auth.usp_logout
(
    @session_id      UNIQUEIDENTIFIER,
    @source_app      NVARCHAR(50),
    @source_client   NVARCHAR(200),
    @source_ip       NVARCHAR(50) = NULL,
    @correlation_id  UNIQUEIDENTIFIER = NULL,

    @result_code     NVARCHAR(20) OUTPUT,
    @friendly_msg    NVARCHAR(400) OUTPUT,
    @success         BIT OUTPUT
)
AS
BEGIN
    SET NOCOUNT ON;

    SET @success = 0;
    SET @result_code = NULL;
    SET @friendly_msg = NULL;

    DECLARE
        @actor_id        INT = TRY_CAST(SESSION_CONTEXT(N'user_id') AS INT),
        @ctx_session_id  UNIQUEIDENTIFIER = TRY_CAST(SESSION_CONTEXT(N'session_id') AS UNIQUEIDENTIFIER),
        @corr_id         UNIQUEIDENTIFIER = COALESCE(@correlation_id, TRY_CAST(SESSION_CONTEXT(N'correlation_id') AS UNIQUEIDENTIFIER)),
        @now             DATETIME2(3) = SYSUTCDATETIME(),

        @session_status  NVARCHAR(20),
        @transition_code NVARCHAR(20),
        @transition_msg  NVARCHAR(400),
        @details         NVARCHAR(MAX);

    BEGIN TRY

        --------------------------------------------------------
        -- Fetch current status
        --------------------------------------------------------
        SELECT @session_status = session_status
        FROM auth.user_sessions
        WHERE session_id = @session_id;

        --------------------------------------------------------
        -- Not found
        --------------------------------------------------------
        IF @session_status IS NULL
        BEGIN
            SET @result_code = 'ERRAUTH06';

            SELECT @friendly_msg = message_template
            FROM operations.error_messages
            WHERE error_code = @result_code;

            GOTO LogAndExit;
        END;

        --------------------------------------------------------
        -- Idempotent success
        --------------------------------------------------------
        IF @session_status IN ('LOGGED_OUT', 'EXPIRED', 'REVOKED')
        BEGIN
            SET @result_code = 'SUCAUTH03';

            SELECT @friendly_msg = message_template
            FROM operations.error_messages
            WHERE error_code = @result_code;

            SET @success = 1;

            GOTO LogAndExit;
        END;

        --------------------------------------------------------
        -- Build details payload (for transition)
        --------------------------------------------------------
        SET @details = (
            SELECT
                @corr_id AS correlation_id,
                'user logout' AS reason
            FOR JSON PATH, WITHOUT_ARRAY_WRAPPER
        );

        --------------------------------------------------------
        -- Perform transition
        --------------------------------------------------------
        EXEC auth.usp_session_set_status
            @session_id     = @session_id,
            @to_status      = 'LOGGED_OUT',
            @source_app     = @source_app,
            @source_client  = @source_client,
            @source_ip      = @source_ip,
            @details        = @details,
            @result_code    = @transition_code OUTPUT,
            @friendly_msg   = @transition_msg OUTPUT;

        --------------------------------------------------------
        -- Final response
        --------------------------------------------------------
        IF @transition_code LIKE 'SUC%'
        BEGIN
            SET @result_code = 'SUCAUTH03';

            SELECT @friendly_msg = message_template
            FROM operations.error_messages
            WHERE error_code = @result_code;

            SET @success = 1;
        END
        ELSE
        BEGIN
            SET @result_code  = @transition_code;
            SET @friendly_msg = @transition_msg;
            SET @success = 0;
        END;

LogAndExit:

        --------------------------------------------------------
        -- Payload
        --------------------------------------------------------
        DECLARE @payload_json NVARCHAR(MAX);

        SET @payload_json = (
            SELECT
                @actor_id    AS PerformedBy,
                @session_id  AS TargetSessionId,
                @session_status AS PreviousStatus,
                @result_code AS ResultCode
            FOR JSON PATH, WITHOUT_ARRAY_WRAPPER
        );

        --------------------------------------------------------
        -- Mapping
        --------------------------------------------------------
        DECLARE @event_result_code NVARCHAR(50);
        DECLARE @event_success BIT;

        SELECT
            @event_result_code = m.event_result_code,
            @event_success     = m.event_success
        FROM audit.fn_map_user_result(@result_code) m;

        --------------------------------------------------------
        -- Audit
        --------------------------------------------------------
        EXEC audit.usp_log_event
            @correlation_id = @corr_id,
            @user_id        = @actor_id,
            @session_id     = @ctx_session_id,
            @event_name     = 'session.logout',
            @result_code    = @event_result_code,
            @success        = @event_success,
            @payload_json   = @payload_json;

    END TRY
    BEGIN CATCH

        DECLARE @err NVARCHAR(4000) = ERROR_MESSAGE();

        DECLARE @payload_json_error NVARCHAR(MAX);

        SET @payload_json_error = (
            SELECT
                @err AS ErrorMessage,
                @session_id AS TargetSessionId
            FOR JSON PATH, WITHOUT_ARRAY_WRAPPER
        );

        EXEC audit.usp_log_event
            @correlation_id = @corr_id,
            @user_id        = @actor_id,
            @session_id     = @ctx_session_id,
            @event_name     = 'system.error.occurred',
            @result_code    = 'UNHANDLED_EXCEPTION',
            @success        = 0,
            @payload_json   = @payload_json_error;

        SET @result_code = 'ERRPROC02';

        SELECT @friendly_msg = message_template
        FROM operations.error_messages
        WHERE error_code = @result_code;

        SET @success = 0;

    END CATCH;
END;
GO

/* ============================================================
   9. CHANGE PASSWORD (username-based)
   ============================================================*/
GO


-- -----------------------------------------------------------------------------
-- 030_auth\usp_roles_get.sql
-- -----------------------------------------------------------------------------

SET QUOTED_IDENTIFIER ON;
GO

CREATE OR ALTER PROCEDURE auth.usp_roles_get
AS
BEGIN
    SET NOCOUNT ON;

    SELECT
        role_name   AS RoleName,
        description AS Description
    FROM auth.roles
    WHERE is_active      = 1
      AND is_system_role = 0        -- never show system roles in user-facing dropdowns
    ORDER BY role_name;
END;
GO

---------------------------------------------------------------
-- 1.4 Sessions
---------------------------------------------------------------
IF OBJECT_ID('auth.user_sessions', 'U') IS NULL
BEGIN
    CREATE TABLE auth.user_sessions
    (
        session_id  UNIQUEIDENTIFIER NOT NULL DEFAULT NEWSEQUENTIALID() PRIMARY KEY,
        user_id     INT              NOT NULL,
        login_time  DATETIME2(3)     NOT NULL DEFAULT SYSUTCDATETIME(),
        last_seen   DATETIME2(3)     NOT NULL DEFAULT SYSUTCDATETIME(),
        is_active   BIT              NOT NULL DEFAULT 1,
        client_info NVARCHAR(200)    NULL,
        client_app  NVARCHAR(50)     NOT NULL,
        correlation_id uniqueidentifier NULL,
        session_status NVARCHAR(20) NOT NULL DEFAULT 'ACTIVE',
        created_at  DATETIME2(3)     NOT NULL DEFAULT SYSUTCDATETIME(),
        updated_at  DATETIME2(3)     

        CONSTRAINT FK_user_sessions_user
        FOREIGN KEY (user_id) REFERENCES auth.users(id)
    );
END;
GO

---------------------------------------------------------------
-- 1.5 Login attempts (audit)
---------------------------------------------------------------
IF OBJECT_ID('auth.login_attempts', 'U') IS NULL
BEGIN
    CREATE TABLE auth.login_attempts
    (
        id           BIGINT IDENTITY(1,1) PRIMARY KEY,
        username     NVARCHAR(100)  NOT NULL,
        attempt_time DATETIME2(3)   NOT NULL DEFAULT SYSUTCDATETIME(),
        result_code  NVARCHAR(20)   NULL,
        success      BIT            NOT NULL DEFAULT 0,
        session_id   UNIQUEIDENTIFIER NULL,
        correlation_id uniqueidentifier NULL,
        ip_address   NVARCHAR(50)   NULL,
        client_info  NVARCHAR(200)  NULL,
        client_app   NVARCHAR(50)   NULL,
        os_info      NVARCHAR(200)  NULL
    );
END;
GO

---------------------------------------------------------------
-- Support trace lookups by correlation
---------------------------------------------------------------

IF NOT EXISTS (
    SELECT 1
    FROM sys.indexes
    WHERE name = 'IX_login_attempts_correlation_id'
      AND object_id = OBJECT_ID('auth.login_attempts')
)
BEGIN
    CREATE NONCLUSTERED INDEX IX_login_attempts_correlation_id
        ON auth.login_attempts (correlation_id)
        INCLUDE (attempt_time, username, success, session_id);
END;
GO

---------------------------------------------------------------
-- 1.6 Password history
---------------------------------------------------------------
IF OBJECT_ID('auth.password_history', 'U') IS NULL
BEGIN
    CREATE TABLE auth.password_history
    (
        id            BIGINT IDENTITY(1,1) PRIMARY KEY,
        user_id       INT            NOT NULL,
        password_hash VARBINARY(512) NOT NULL,
        salt          VARBINARY(256) NOT NULL,
        changed_at    DATETIME2(3)   NOT NULL DEFAULT SYSUTCDATETIME(),

        CONSTRAINT FK_password_history_users FOREIGN KEY (user_id)
            REFERENCES auth.users(id)
    );
END;
GO

---------------------------------------------------------------
-- 1.7 SESSION EVENTS TABLE
---------------------------------------------------------------
IF OBJECT_ID('auth.session_events', 'U') IS NULL
BEGIN
    CREATE TABLE auth.session_events
    (
        id             BIGINT IDENTITY(1,1) PRIMARY KEY,

        session_id     UNIQUEIDENTIFIER NOT NULL,
        user_id        INT              NOT NULL,

        event_type     NVARCHAR(30)     NOT NULL,
        -- LOGIN_CREATED | LOGOUT_USER | LOGOUT_FORCED | LOGOUT_TIMEOUT | SESSION_KILLED

        event_time     DATETIME2(3)     NOT NULL DEFAULT SYSUTCDATETIME(),

        source_app     NVARCHAR(100)    NULL,
        source_client  NVARCHAR(200)    NULL,
        source_ip      NVARCHAR(50)     NULL,

        details        NVARCHAR(4000)   NULL,   -- Optional JSON

        created_at     DATETIME2(3)     NOT NULL DEFAULT SYSUTCDATETIME(),
        created_by     INT              NULL 
                             DEFAULT (CONVERT(INT, SESSION_CONTEXT(N'user_id')))
    );
END;
GO

---------------------------------------------------------------
-- 1.7.1 SESSION STATUS MASTER
---------------------------------------------------------------
IF OBJECT_ID('auth.session_statuses', 'U') IS NULL
BEGIN
    CREATE TABLE auth.session_statuses
    (
        status_code NVARCHAR(20) NOT NULL
            CONSTRAINT PK_auth_session_statuses PRIMARY KEY,

        description NVARCHAR(200) NOT NULL,

        is_terminal BIT NOT NULL DEFAULT 0,
        -- 1 = cannot transition out (EXPIRED, LOGGED_OUT, REVOKED)

        created_at DATETIME2(3) NOT NULL
            CONSTRAINT DF_auth_session_statuses_created_at DEFAULT SYSUTCDATETIME()
    );
END;
GO

---------------------------------------------------------------
-- SEED SESSION STATUSES
---------------------------------------------------------------
IF NOT EXISTS (SELECT 1 FROM auth.session_statuses WHERE status_code = 'ACTIVE')
INSERT INTO auth.session_statuses VALUES ('ACTIVE', 'Session is active', 0, SYSUTCDATETIME());

IF NOT EXISTS (SELECT 1 FROM auth.session_statuses WHERE status_code = 'IDLE')
INSERT INTO auth.session_statuses VALUES ('IDLE', 'Session is idle', 0, SYSUTCDATETIME());

IF NOT EXISTS (SELECT 1 FROM auth.session_statuses WHERE status_code = 'EXPIRED')
INSERT INTO auth.session_statuses VALUES ('EXPIRED', 'Session expired due to timeout', 1, SYSUTCDATETIME());

IF NOT EXISTS (SELECT 1 FROM auth.session_statuses WHERE status_code = 'LOGGED_OUT')
INSERT INTO auth.session_statuses VALUES ('LOGGED_OUT', 'User logged out', 1, SYSUTCDATETIME());

IF NOT EXISTS (SELECT 1 FROM auth.session_statuses WHERE status_code = 'REVOKED')
INSERT INTO auth.session_statuses VALUES ('REVOKED', 'Session revoked by system/admin', 1, SYSUTCDATETIME());
GO

---------------------------------------------------------------
-- 1.7.1 SESSION STATUS MASTER
---------------------------------------------------------------
IF OBJECT_ID('auth.session_statuses', 'U') IS NULL
BEGIN
    CREATE TABLE auth.session_statuses
    (
        status_code NVARCHAR(20) NOT NULL
            CONSTRAINT PK_auth_session_statuses PRIMARY KEY,

        description NVARCHAR(200) NOT NULL,

        is_terminal BIT NOT NULL DEFAULT 0,
        -- 1 = cannot transition out (EXPIRED, LOGGED_OUT, REVOKED)

        created_at DATETIME2(3) NOT NULL
            CONSTRAINT DF_auth_session_statuses_created_at DEFAULT SYSUTCDATETIME()
    );
END;
GO

---------------------------------------------------------------
-- SEED SESSION STATUSES
---------------------------------------------------------------
IF NOT EXISTS (SELECT 1 FROM auth.session_statuses WHERE status_code = 'ACTIVE')
INSERT INTO auth.session_statuses VALUES ('ACTIVE', 'Session is active', 0, SYSUTCDATETIME());

IF NOT EXISTS (SELECT 1 FROM auth.session_statuses WHERE status_code = 'IDLE')
INSERT INTO auth.session_statuses VALUES ('IDLE', 'Session is idle', 0, SYSUTCDATETIME());

IF NOT EXISTS (SELECT 1 FROM auth.session_statuses WHERE status_code = 'EXPIRED')
INSERT INTO auth.session_statuses VALUES ('EXPIRED', 'Session expired due to timeout', 1, SYSUTCDATETIME());

IF NOT EXISTS (SELECT 1 FROM auth.session_statuses WHERE status_code = 'LOGGED_OUT')
INSERT INTO auth.session_statuses VALUES ('LOGGED_OUT', 'User logged out', 1, SYSUTCDATETIME());

IF NOT EXISTS (SELECT 1 FROM auth.session_statuses WHERE status_code = 'REVOKED')
INSERT INTO auth.session_statuses VALUES ('REVOKED', 'Session revoked by system/admin', 1, SYSUTCDATETIME());
GO

---------------------------------------------------------------
-- 1.7.2 SESSION STATUS TRANSITIONS
---------------------------------------------------------------
IF OBJECT_ID('auth.session_status_transitions', 'U') IS NULL
BEGIN
    CREATE TABLE auth.session_status_transitions
    (
        from_status NVARCHAR(20) NOT NULL,
        to_status   NVARCHAR(20) NOT NULL,

        CONSTRAINT PK_auth_session_status_transitions
            PRIMARY KEY (from_status, to_status),

        CONSTRAINT FK_auth_sst_from
            FOREIGN KEY (from_status)
            REFERENCES auth.session_statuses(status_code),

        CONSTRAINT FK_auth_sst_to
            FOREIGN KEY (to_status)
            REFERENCES auth.session_statuses(status_code)
    );
END;
GO

---------------------------------------------------------------
-- ALLOWED TRANSITIONS
---------------------------------------------------------------

-- ACTIVE transitions
INSERT INTO auth.session_status_transitions (from_status, to_status)
SELECT 'ACTIVE', 'IDLE'
WHERE NOT EXISTS (SELECT 1 FROM auth.session_status_transitions WHERE from_status='ACTIVE' AND to_status='IDLE');

INSERT INTO auth.session_status_transitions (from_status, to_status)
SELECT 'ACTIVE', 'EXPIRED'
WHERE NOT EXISTS (SELECT 1 FROM auth.session_status_transitions WHERE from_status='ACTIVE' AND to_status='EXPIRED');

INSERT INTO auth.session_status_transitions (from_status, to_status)
SELECT 'ACTIVE', 'LOGGED_OUT'
WHERE NOT EXISTS (SELECT 1 FROM auth.session_status_transitions WHERE from_status='ACTIVE' AND to_status='LOGGED_OUT');

INSERT INTO auth.session_status_transitions (from_status, to_status)
SELECT 'ACTIVE', 'REVOKED'
WHERE NOT EXISTS (SELECT 1 FROM auth.session_status_transitions WHERE from_status='ACTIVE' AND to_status='REVOKED');


-- IDLE transitions
INSERT INTO auth.session_status_transitions (from_status, to_status)
SELECT 'IDLE', 'ACTIVE'
WHERE NOT EXISTS (SELECT 1 FROM auth.session_status_transitions WHERE from_status='IDLE' AND to_status='ACTIVE');

INSERT INTO auth.session_status_transitions (from_status, to_status)
SELECT 'IDLE', 'EXPIRED'
WHERE NOT EXISTS (SELECT 1 FROM auth.session_status_transitions WHERE from_status='IDLE' AND to_status='EXPIRED');

INSERT INTO auth.session_status_transitions (from_status, to_status)
SELECT 'IDLE', 'LOGGED_OUT'
WHERE NOT EXISTS (SELECT 1 FROM auth.session_status_transitions WHERE from_status='IDLE' AND to_status='LOGGED_OUT');

INSERT INTO auth.session_status_transitions (from_status, to_status)
SELECT 'IDLE', 'REVOKED'
WHERE NOT EXISTS (SELECT 1 FROM auth.session_status_transitions WHERE from_status='IDLE' AND to_status='REVOKED');

GO

---------------------------------------------------------------
-- 1.7.3 ADD STATUS TO USER SESSIONS
---------------------------------------------------------------
IF COL_LENGTH('auth.user_sessions', 'session_status') IS NULL
BEGIN
    ALTER TABLE auth.user_sessions
    ADD session_status NVARCHAR(20) NOT NULL
        CONSTRAINT DF_auth_user_sessions_status DEFAULT 'ACTIVE';
END;
GO

---------------------------------------------------------------
-- ADD FK TO STATUS MASTER
---------------------------------------------------------------
IF NOT EXISTS (
    SELECT 1 FROM sys.foreign_keys
    WHERE name = 'FK_auth_user_sessions_status'
)
BEGIN
    ALTER TABLE auth.user_sessions
    ADD CONSTRAINT FK_auth_user_sessions_status
        FOREIGN KEY (session_status)
        REFERENCES auth.session_statuses(status_code);
END;
GO

---------------------------------------------------------------
-- ADD FK TO SESSION
---------------------------------------------------------------
IF NOT EXISTS (
    SELECT 1 FROM sys.foreign_keys
    WHERE name = 'FK_auth_session_events_session'
)
BEGIN
    ALTER TABLE auth.session_events
    ADD CONSTRAINT FK_auth_session_events_session
        FOREIGN KEY (session_id)
        REFERENCES auth.user_sessions(session_id);
END;
GO

---------------------------------------------------------------
-- ADD FK TO USER
---------------------------------------------------------------
IF NOT EXISTS (
    SELECT 1 FROM sys.foreign_keys
    WHERE name = 'FK_auth_session_events_user'
)
BEGIN
    ALTER TABLE auth.session_events
    ADD CONSTRAINT FK_auth_session_events_user
        FOREIGN KEY (user_id)
        REFERENCES auth.users(id);
END;
GO

---------------------------------------------------------------
-- 1.7.4 SESSION STATUS TRANSITION PROCEDURE
---------------------------------------------------------------
GO


-- -----------------------------------------------------------------------------
-- 030_auth\usp_session_cleanup.sql
-- -----------------------------------------------------------------------------

SET QUOTED_IDENTIFIER ON;
GO

CREATE OR ALTER PROCEDURE auth.usp_session_cleanup
AS
BEGIN
    SET NOCOUNT ON;

    DECLARE @default_timeout_minutes INT =
    (
        SELECT TRY_CONVERT(INT, setting_value)
        FROM operations.settings
        WHERE setting_name = 'auth.session_timeout_minutes'
    );

    IF @default_timeout_minutes IS NULL OR @default_timeout_minutes <= 0
        SET @default_timeout_minutes = 30;

    DECLARE @now DATETIME2(3) = SYSUTCDATETIME();

    DECLARE @SystemUserId INT =
    (
        SELECT TOP (1) id
        FROM auth.users
        WHERE username = 'system'
    );

    ------------------------------------------------------------------
    -- First: materialise expired rows into a temp table (bulletproof)
    ------------------------------------------------------------------
    IF OBJECT_ID('tempdb..#Expired') IS NOT NULL
        DROP TABLE #Expired;

    SELECT
        s.session_id,
        s.user_id,
        s.client_info,
        s.last_seen
    INTO #Expired
    FROM auth.user_sessions s
    LEFT JOIN auth.clients c
        ON c.client_name = s.client_app
    CROSS APPLY
    (
        SELECT COALESCE(c.session_timeout_minutes, @default_timeout_minutes) AS effective_timeout
    ) t
    WHERE
        s.is_active = 1
        AND (
                s.last_seen IS NULL
             OR DATEADD(MINUTE, t.effective_timeout, s.last_seen) <= @now
        );

    ------------------------------------------------------------------
    -- Log timeout events
    ------------------------------------------------------------------
    INSERT INTO auth.session_events
        (session_id, user_id, event_type, source_app, source_client, source_ip, details, created_by)
    SELECT
        e.session_id,
        e.user_id,
        'LOGOUT_TIMEOUT',
        NULL,              -- background process
        e.client_info,
        NULL,
        CONCAT(
            N'{"reason":"cleanup timeout","last_seen":"',
            CONVERT(varchar(30), e.last_seen, 126),
            N'"}'
        ),
        @SystemUserId
    FROM #Expired e;

    ------------------------------------------------------------------
    -- Deactivate expired sessions via lifecycle transition
    ------------------------------------------------------------------
    DECLARE
        @expired_session_id UNIQUEIDENTIFIER,
        @code NVARCHAR(20),
        @msg NVARCHAR(400);

    DECLARE expired_cursor CURSOR LOCAL FAST_FORWARD FOR
        SELECT e.session_id
        FROM #Expired e;

    OPEN expired_cursor;

    FETCH NEXT FROM expired_cursor INTO @expired_session_id;

    WHILE @@FETCH_STATUS = 0
    BEGIN
        EXEC auth.usp_session_set_status
            @session_id = @expired_session_id,
            @to_status = 'EXPIRED',
            @source_app = 'PeasyWare.System',
            @source_client = 'SessionCleanupJob',
            @source_ip = NULL,
            @details = N'{"reason":"cleanup timeout"}',
            @result_code = @code OUTPUT,
            @friendly_msg = @msg OUTPUT;

        FETCH NEXT FROM expired_cursor INTO @expired_session_id;
    END

    CLOSE expired_cursor;
    DEALLOCATE expired_cursor;

END;
GO

/* ============================================================
   6. LOGIN
   ============================================================*/
GO


-- -----------------------------------------------------------------------------
-- 030_auth\usp_session_set_status.sql
-- -----------------------------------------------------------------------------

SET QUOTED_IDENTIFIER ON;
GO

CREATE OR ALTER PROCEDURE auth.usp_session_set_status
(
    @session_id        UNIQUEIDENTIFIER,
    @to_status         NVARCHAR(20),
    @source_app        NVARCHAR(100) = NULL,
    @source_client     NVARCHAR(200) = NULL,
    @source_ip         NVARCHAR(50)  = NULL,
    @details           NVARCHAR(4000) = NULL,

    @result_code       NVARCHAR(20)  OUTPUT,
    @friendly_msg      NVARCHAR(400) OUTPUT
)
AS
BEGIN
    SET NOCOUNT ON;

    DECLARE
        @from_status NVARCHAR(20),
        @user_id INT,
        @system_user_id INT,
        @event_type NVARCHAR(30);

    --------------------------------------------------
    -- Lock row (prevents race conditions)
    --------------------------------------------------

    SELECT
        @from_status = s.session_status,
        @user_id = s.user_id
    FROM auth.user_sessions s WITH (UPDLOCK, ROWLOCK)
    WHERE s.session_id = @session_id;

    IF @from_status IS NULL
    BEGIN
        SET @result_code = 'ERRAUTH06';
        SET @friendly_msg = operations.fn_get_friendly_message(@result_code);
        RETURN;
    END;

    --------------------------------------------------
    -- Terminal state protection
    --------------------------------------------------

    IF @from_status IN ('EXPIRED', 'LOGGED_OUT', 'REVOKED')
    BEGIN
        SET @result_code = 'ERRAUTH06';
        SET @friendly_msg = operations.fn_get_friendly_message(@result_code);
        RETURN;
    END;

    --------------------------------------------------
    -- Validate target status
    --------------------------------------------------

    IF NOT EXISTS
    (
        SELECT 1
        FROM auth.session_statuses ss
        WHERE ss.status_code = @to_status
    )
    BEGIN
        SET @result_code = 'ERRPROC02';
        SET @friendly_msg = operations.fn_get_friendly_message(@result_code);
        RETURN;
    END;

    --------------------------------------------------
    -- No-op (same state)
    --------------------------------------------------

    IF @from_status = @to_status
    BEGIN
        SET @result_code = 'SUCAUTH02';
        SET @friendly_msg = operations.fn_get_friendly_message(@result_code);
        RETURN;
    END;

    --------------------------------------------------
    -- Validate transition
    --------------------------------------------------

    IF NOT EXISTS
    (
        SELECT 1
        FROM auth.session_status_transitions t
        WHERE t.from_status = @from_status
          AND t.to_status = @to_status
    )
    BEGIN
        SET @result_code = 'ERRAUTH07';
        SET @friendly_msg = CONCAT(
            'Illegal session transition from ',
            @from_status,
            ' to ',
            @to_status,
            '.');
        RETURN;
    END;

    --------------------------------------------------
    -- Apply transition
    --------------------------------------------------

    UPDATE auth.user_sessions
    SET
        session_status = @to_status,
        is_active =
            CASE
                WHEN @to_status IN ('ACTIVE', 'IDLE') THEN 1
                ELSE 0
            END,
        updated_at = SYSUTCDATETIME()
    WHERE session_id = @session_id;

    --------------------------------------------------
    -- Resolve event type
    --------------------------------------------------

    SET @event_type =
        CASE @to_status
            WHEN 'ACTIVE' THEN 'SESSION_REACTIVATED'
            WHEN 'IDLE' THEN 'SESSION_IDLE'
            WHEN 'EXPIRED' THEN 'LOGOUT_TIMEOUT'
            WHEN 'LOGGED_OUT' THEN 'LOGOUT_USER'
            WHEN 'REVOKED' THEN 'SESSION_KILLED'
            ELSE 'SESSION_STATUS_CHANGED'
        END;

    --------------------------------------------------
    -- System user fallback
    --------------------------------------------------

    SELECT TOP (1)
        @system_user_id = id
    FROM auth.users
    WHERE username = 'system';

    --------------------------------------------------
    -- Log event
    --------------------------------------------------

    INSERT INTO auth.session_events
    (
        session_id,
        user_id,
        event_type,
        source_app,
        source_client,
        source_ip,
        details,
        created_by
    )
    VALUES
    (
        @session_id,
        @user_id,
        @event_type,
        @source_app,
        @source_client,
        @source_ip,
        @details,
        COALESCE(CONVERT(INT, SESSION_CONTEXT(N'user_id')), @system_user_id)
    );

    --------------------------------------------------
    -- Success
    --------------------------------------------------

    SET @result_code = 'SUCAUTH02';
    SET @friendly_msg = operations.fn_get_friendly_message(@result_code);

END;
GO

---------------------------------------------------------------
-- 1.8 SESSION CONFIG TABLE
---------------------------------------------------------------
IF OBJECT_ID('auth.clients', 'U') IS NULL
BEGIN
    CREATE TABLE auth.clients
    (
        client_name NVARCHAR(100) NOT NULL
            CONSTRAINT PK_auth_clients PRIMARY KEY,
            -- Unique identifier of the client application.
            -- Must match the value stored in auth.user_sessions.client_info

        session_timeout_minutes INT NULL,
            -- Optional client-specific timeout override.
            -- NULL = use global timeout from operations.settings

        max_concurrent_sessions INT NULL,
            -- Optional limit for concurrent sessions per user.
            -- NULL = unlimited

        is_active BIT NOT NULL
            CONSTRAINT DF_auth_clients_is_active DEFAULT (1),
            -- Allows disabling a client without deleting it

        description NVARCHAR(255) NULL,

        created_at DATETIME2(3) NOT NULL
            CONSTRAINT DF_auth_clients_created_at DEFAULT SYSUTCDATETIME(),

        created_by INT NULL
            DEFAULT (CONVERT(INT, SESSION_CONTEXT(N'user_id')))
    );
END;
GO

---------------------------------------------------------------
-- 1.9 SESSION CLIENT SEED - Required, do not delete
---------------------------------------------------------------
IF NOT EXISTS (SELECT 1 FROM auth.clients WHERE client_name = 'PeasyWare.Desktop')
BEGIN
    INSERT INTO auth.clients
        (client_name, session_timeout_minutes, max_concurrent_sessions, description, created_by)
    VALUES
        ('PeasyWare.Desktop', 480, NULL, 'PeasyWare desktop application',
            (SELECT id FROM auth.users WHERE username = 'system'));
END;

IF NOT EXISTS (SELECT 1 FROM auth.clients WHERE client_name = 'PeasyWare.CLI')
BEGIN
    INSERT INTO auth.clients
        (client_name, session_timeout_minutes, max_concurrent_sessions, description, created_by)
    VALUES
        ('PeasyWare.CLI', 60, NULL, 'PeasyWare terminal application',
            (SELECT id FROM auth.users WHERE username = 'system'));
END;
GO

/* ============================================================
    2.1 HELPER: HASH PASSWORD
   ============================================================*/
GO


-- -----------------------------------------------------------------------------
-- 030_auth\usp_session_touch.sql
-- -----------------------------------------------------------------------------

SET QUOTED_IDENTIFIER ON;
GO

CREATE OR ALTER PROCEDURE auth.usp_session_touch
(
    @session_id     UNIQUEIDENTIFIER,
    @source_app     NVARCHAR(50),
    @source_client  NVARCHAR(200),
    @source_ip      NVARCHAR(50) = NULL,

    @result_code    NVARCHAR(20)  OUTPUT,
    @friendly_msg   NVARCHAR(400) OUTPUT,
    @is_alive       BIT           OUTPUT
)
AS
BEGIN
    SET NOCOUNT ON;

    SET @is_alive = 0;
    SET @result_code = NULL;
    SET @friendly_msg = NULL;

    DECLARE
        @user_id INT,
        @is_active BIT,
        @last_seen DATETIME2(3),
        @now DATETIME2(3) = SYSUTCDATETIME(),
        @timeout_minutes INT,
        @session_status NVARCHAR(20),
        @transition_code NVARCHAR(20),
        @transition_msg NVARCHAR(400),
        @client_app NVARCHAR(100),
        @details NVARCHAR(4000);

    SELECT
        @user_id = s.user_id,
        @is_active = s.is_active,
        @last_seen = s.last_seen,
        @session_status = s.session_status,
        @client_app = s.client_app
    FROM auth.user_sessions s
    WHERE s.session_id = @session_id;

    IF @user_id IS NULL
    BEGIN
        SET @result_code = 'ERRAUTH06';
        SET @friendly_msg = operations.fn_get_friendly_message(@result_code);
        RETURN;
    END;

    IF @session_status IS NULL
    BEGIN
        SET @result_code = 'ERRAUTH06';
        SET @friendly_msg = operations.fn_get_friendly_message(@result_code);
        RETURN;
    END;

    IF @session_status IN ('EXPIRED', 'LOGGED_OUT', 'REVOKED')
    BEGIN
        SET @result_code = 'ERRAUTH06';
        SET @friendly_msg = operations.fn_get_friendly_message(@result_code);
        RETURN;
    END;

    SELECT @timeout_minutes =
        COALESCE(c.session_timeout_minutes,
            TRY_CONVERT(INT, os.setting_value))
    FROM operations.settings os
    LEFT JOIN auth.clients c
        ON c.client_name = @client_app
    WHERE os.setting_name = 'auth.session_timeout_minutes';

    IF @timeout_minutes IS NULL OR @timeout_minutes <= 0
        SET @timeout_minutes = 30;

    IF @last_seen IS NULL
       OR @last_seen < DATEADD(MINUTE, -@timeout_minutes, @now)
    BEGIN
        SET @details =
            N'{"last_seen":"'
            + COALESCE(CONVERT(NVARCHAR(30), @last_seen, 126), N'NULL')
            + N'","reason":"touch timeout"}';

        EXEC auth.usp_session_set_status
            @session_id = @session_id,
            @to_status = 'EXPIRED',
            @source_app = @source_app,
            @source_client = @source_client,
            @source_ip = @source_ip,
            @details = @details,
            @result_code = @transition_code OUTPUT,
            @friendly_msg = @transition_msg OUTPUT;

        SET @result_code = 'ERRAUTH06';
        SET @friendly_msg = operations.fn_get_friendly_message(@result_code);
        RETURN;
    END;

    UPDATE auth.user_sessions
    SET
        last_seen = @now,
        session_status = CASE
            WHEN session_status = 'IDLE' THEN 'ACTIVE'
            ELSE session_status
        END,
        is_active = 1
    WHERE session_id = @session_id;

    SET @result_code = 'SUCAUTH02';
    SET @friendly_msg = operations.fn_get_friendly_message(@result_code);
    SET @is_alive = 1;
END;
GO


/* ============================================================
   8. LOGOUT
   ============================================================*/
GO


-- -----------------------------------------------------------------------------
-- 030_auth\usp_set_user_active.sql
-- -----------------------------------------------------------------------------

SET QUOTED_IDENTIFIER ON;
GO

CREATE OR ALTER PROCEDURE auth.usp_set_user_active
(
    @user_id        INT,
    @is_active      BIT,

    @result_code    NVARCHAR(20) OUTPUT,
    @friendly_msg   NVARCHAR(400) OUTPUT
)
AS
BEGIN
    SET NOCOUNT ON;

    DECLARE
        @actor          INT = TRY_CONVERT(INT, SESSION_CONTEXT(N'user_id')),
        @session_id     UNIQUEIDENTIFIER = TRY_CONVERT(UNIQUEIDENTIFIER, SESSION_CONTEXT(N'session_id')),
        @correlation_id UNIQUEIDENTIFIER = TRY_CONVERT(UNIQUEIDENTIFIER, SESSION_CONTEXT(N'correlation_id')),
        @now            DATETIME2(3) = SYSUTCDATETIME();

    BEGIN TRY

        --------------------------------------------------------
        -- Validate target user
        --------------------------------------------------------
        IF NOT EXISTS (
            SELECT 1
            FROM auth.users
            WHERE id = @user_id
        )
        BEGIN
            SET @result_code = 'ERRUSR01';

            SELECT @friendly_msg = message_template
            FROM operations.error_messages
            WHERE error_code = @result_code;

            GOTO LogAndExit;
        END;

        --------------------------------------------------------
        -- Perform update
        --------------------------------------------------------
        UPDATE auth.users
        SET
            is_active   = @is_active,
            updated_at  = @now,
            updated_by  = @actor
        WHERE id = @user_id;

        --------------------------------------------------------
        -- Success
        --------------------------------------------------------
        SET @result_code = 'SUCUSR01';

        SELECT @friendly_msg = message_template
        FROM operations.error_messages
        WHERE error_code = @result_code;

LogAndExit:

        --------------------------------------------------------
        -- Payload
        --------------------------------------------------------
        DECLARE @payload_json NVARCHAR(MAX);

        SET @payload_json = (
            SELECT
                @actor       AS PerformedBy,
                @user_id     AS TargetUserId,
                @is_active   AS IsActive,
                @result_code AS ResultCode
            FOR JSON PATH, WITHOUT_ARRAY_WRAPPER
        );

        --------------------------------------------------------
        -- Mapping (CENTRALISED)
        --------------------------------------------------------
        DECLARE @event_result_code NVARCHAR(50);
        DECLARE @event_success BIT;

        SELECT
            @event_result_code = m.event_result_code,
            @event_success     = m.event_success
        FROM audit.fn_map_user_result(@result_code) m;

        --------------------------------------------------------
        -- Audit
        --------------------------------------------------------
        EXEC audit.usp_log_event
            @correlation_id = @correlation_id,
            @user_id        = @actor,
            @session_id     = @session_id,
            @event_name     = 'user.status.updated',
            @result_code    = @event_result_code,
            @success        = @event_success,
            @payload_json   = @payload_json;

    END TRY
    BEGIN CATCH

        DECLARE @err NVARCHAR(4000) = ERROR_MESSAGE();

        DECLARE @payload_json_error NVARCHAR(MAX);

        SET @payload_json_error = (
            SELECT
                @err AS ErrorMessage,
                @user_id AS TargetUserId
            FOR JSON PATH, WITHOUT_ARRAY_WRAPPER
        );

        EXEC audit.usp_log_event
            @correlation_id = @correlation_id,
            @user_id        = @actor,
            @session_id     = @session_id,
            @event_name     = 'system.error.occurred',
            @result_code    = 'UNHANDLED_EXCEPTION',
            @success        = 0,
            @payload_json   = @payload_json_error;

        SET @result_code = 'ERRPROC02';

        SELECT @friendly_msg = message_template
        FROM operations.error_messages
        WHERE error_code = @result_code;

    END CATCH;
END;
GO


-- -----------------------------------------------------------------------------
-- 030_auth\v_active_sessions.sql
-- -----------------------------------------------------------------------------

SET QUOTED_IDENTIFIER ON;
GO

CREATE OR ALTER VIEW auth.v_active_sessions
AS
SELECT
    s.session_id,
    u.username,
    s.client_app,
    s.client_info,
    s.last_seen,
    s.is_active
FROM auth.user_sessions s
JOIN auth.users u
    ON u.id = s.user_id
WHERE s.is_active = 1;
GO


-- -----------------------------------------------------------------------------
-- 030_auth\v_users_admin.sql
-- -----------------------------------------------------------------------------

SET QUOTED_IDENTIFIER ON;
GO

CREATE OR ALTER VIEW auth.v_users_admin
AS

SELECT
    u.id,
    u.username,
    u.display_name,

    -- Role (defensive)
    COALESCE(r.role_name, '[MISSING ROLE]') AS role_name,

    u.email,

    -- ONLINE if at least one active session exists
    CAST(
        CASE
            WHEN MAX(CASE WHEN s.is_active = 1 THEN 1 ELSE 0 END) = 1
                THEN 1
            ELSE 0
        END
    AS bit) AS is_online,

    -- Most recent last_seen across ALL sessions
    MAX(s.last_seen) AS last_last_seen,

    u.is_active,
    u.must_change_password,
    u.failed_attempts,
    u.lockout_until,
    u.password_expires_at,

    u.created_at,
    u.created_by,
    u.updated_at,
    u.updated_by

FROM auth.users u

-- users may exist without a role (temporarily or due to config drift)
LEFT JOIN auth.user_roles ur
    ON u.id = ur.user_id

LEFT JOIN auth.roles r
    ON ur.role_id = r.id

LEFT JOIN auth.user_sessions s
    ON u.id = s.user_id

WHERE auth.fn_is_system_user(u.id) = 0

GROUP BY
    u.id,
    u.username,
    u.display_name,
    COALESCE(r.role_name, '[MISSING ROLE]'),
    u.email,
    u.is_active,
    u.must_change_password,
    u.failed_attempts,
    u.lockout_until,
    u.password_expires_at,
    u.created_at,
    u.created_by,
    u.updated_at,
    u.updated_by;
GO


-- -----------------------------------------------------------------------------
-- 030_auth\vw_session_forensic.sql
-- -----------------------------------------------------------------------------

SET QUOTED_IDENTIFIER ON;
GO

CREATE OR ALTER VIEW auth.vw_session_forensic
AS
SELECT
    s.session_id,
    s.is_active,
    s.login_time,
    s.last_seen,

    u.id            AS user_id,
    u.username,
    u.display_name,

    s.client_app,
    s.client_info,

    la.ip_address,
    la.os_info,
    la.correlation_id

FROM auth.user_sessions s
JOIN auth.users u
    ON u.id = s.user_id

OUTER APPLY
(
    SELECT TOP (1)
        a.ip_address,
        a.os_info,
        a.correlation_id
    FROM auth.login_attempts a
    WHERE a.session_id = s.session_id
      AND a.success = 1
    ORDER BY a.attempt_time DESC
) la;
GO


-- -----------------------------------------------------------------------------
-- 035_post_auth\v_settings.sql
-- -----------------------------------------------------------------------------

SET QUOTED_IDENTIFIER ON;
GO

CREATE OR ALTER VIEW operations.v_settings
AS
SELECT
    s.setting_name,
    s.display_name,
    s.category,
    c.display_name AS category_name,
    c.display_order AS category_order,
    s.display_order,

    s.setting_value,
    s.data_type,
    s.validation_rule,
    s.description,
    s.is_sensitive,
    s.requires_restart,

    s.created_at,
    s.created_by,
    s.updated_at,
    s.updated_by,
    u.username AS updated_by_username,

    CASE WHEN s.data_type = 'bool' THEN CAST(1 AS bit) ELSE CAST(0 AS bit) END AS is_boolean,

    CASE WHEN JSON_VALUE(s.validation_rule,'$.type') = 'enum'
         THEN CAST(1 AS bit) ELSE CAST(0 AS bit) END AS is_enum,

    CASE WHEN JSON_VALUE(s.validation_rule,'$.type') = 'range'
         THEN CAST(1 AS bit) ELSE CAST(0 AS bit) END AS is_range,

    TRY_CONVERT(int, JSON_VALUE(s.validation_rule,'$.min')) AS range_min,
    TRY_CONVERT(int, JSON_VALUE(s.validation_rule,'$.max')) AS range_max

FROM operations.settings s
LEFT JOIN operations.setting_categories c
    ON s.category = c.category
LEFT JOIN auth.users u
    ON s.updated_by = u.id;

GO

ALTER FUNCTION auth.fn_is_session_expired
(
    @last_seen       datetime2(3),
    @timeout_minutes int
)
RETURNS bit
AS
BEGIN
    IF @last_seen IS NULL OR @timeout_minutes IS NULL OR @timeout_minutes <= 0
        RETURN 1;

    IF DATEDIFF(MINUTE, @last_seen, SYSUTCDATETIME()) >= @timeout_minutes
        RETURN 1;

    RETURN 0;
END;
GO


-- -----------------------------------------------------------------------------
-- 035_post_auth\v_sku_changes.sql
-- -----------------------------------------------------------------------------

SET QUOTED_IDENTIFIER ON;
GO

CREATE OR ALTER VIEW audit.v_sku_changes
AS
SELECT
    t.trace_id,
    t.occurred_at,
    u.username,
    CASE t.action
        WHEN 'Sku.Create' THEN 'INSERT'
        WHEN 'Sku.Update' THEN 'UPDATE'
    END                                                                       AS action_type,
    JSON_VALUE(t.payload_json, '$.Data.Outcome.SkuCode')                     AS sku_code,

    -- Before state (NULL on INSERT)
    JSON_VALUE(t.payload_json, '$.Data.Outcome.Before.SkuDescription')       AS desc_before,
    JSON_VALUE(t.payload_json, '$.Data.Outcome.Before.Ean')                  AS ean_before,
    JSON_VALUE(t.payload_json, '$.Data.Outcome.Before.UomCode')              AS uom_before,
    TRY_CAST(JSON_VALUE(t.payload_json, '$.Data.Outcome.Before.WeightPerUnit')      AS DECIMAL(10,3)) AS weight_before,
    TRY_CAST(JSON_VALUE(t.payload_json, '$.Data.Outcome.Before.StandardHuQuantity') AS INT)           AS hu_qty_before,
    TRY_CAST(JSON_VALUE(t.payload_json, '$.Data.Outcome.Before.IsBatchRequired')    AS BIT)           AS batch_req_before,
    TRY_CAST(JSON_VALUE(t.payload_json, '$.Data.Outcome.Before.IsFullHuRequired')   AS BIT)           AS full_hu_req_before,
    TRY_CAST(JSON_VALUE(t.payload_json, '$.Data.Outcome.Before.IsHazardous')        AS BIT)           AS hazardous_before,
    TRY_CAST(JSON_VALUE(t.payload_json, '$.Data.Outcome.Before.IsActive')           AS BIT)           AS active_before,
    JSON_VALUE(t.payload_json, '$.Data.Outcome.Before.StorageTypeCode')      AS storage_before,
    JSON_VALUE(t.payload_json, '$.Data.Outcome.Before.SectionCode')          AS section_before,
    JSON_VALUE(t.payload_json, '$.Data.Outcome.Before.OwnerPartyCode')       AS owner_before,

    -- After state
    JSON_VALUE(t.payload_json, '$.Data.Outcome.After.SkuDescription')        AS desc_after,
    JSON_VALUE(t.payload_json, '$.Data.Outcome.After.Ean')                   AS ean_after,
    JSON_VALUE(t.payload_json, '$.Data.Outcome.After.UomCode')               AS uom_after,
    TRY_CAST(JSON_VALUE(t.payload_json, '$.Data.Outcome.After.WeightPerUnit')       AS DECIMAL(10,3)) AS weight_after,
    TRY_CAST(JSON_VALUE(t.payload_json, '$.Data.Outcome.After.StandardHuQuantity')  AS INT)           AS hu_qty_after,
    TRY_CAST(JSON_VALUE(t.payload_json, '$.Data.Outcome.After.IsBatchRequired')     AS BIT)           AS batch_req_after,
    TRY_CAST(JSON_VALUE(t.payload_json, '$.Data.Outcome.After.IsFullHuRequired')    AS BIT)           AS full_hu_req_after,
    TRY_CAST(JSON_VALUE(t.payload_json, '$.Data.Outcome.After.IsHazardous')         AS BIT)           AS hazardous_after,
    TRY_CAST(JSON_VALUE(t.payload_json, '$.Data.Outcome.After.IsActive')            AS BIT)           AS active_after,
    JSON_VALUE(t.payload_json, '$.Data.Outcome.After.StorageTypeCode')       AS storage_after,
    JSON_VALUE(t.payload_json, '$.Data.Outcome.After.SectionCode')           AS section_after,
    JSON_VALUE(t.payload_json, '$.Data.Outcome.After.OwnerPartyCode')        AS owner_after

FROM audit.trace_logs t
LEFT JOIN auth.users u ON u.id = t.user_id
WHERE t.action IN ('Sku.Create', 'Sku.Update');
GO


-- -----------------------------------------------------------------------------
-- 040_core\010_tables.sql
-- -----------------------------------------------------------------------------

SET QUOTED_IDENTIFIER ON;
GO

CREATE TABLE core.parties
(
    party_id        INT IDENTITY(1,1) PRIMARY KEY,

    -- Stable external reference (e.g. SAP BP / Vendor / Customer code)
    party_code      NVARCHAR(50)  NOT NULL,

    -- Legal registered name (finance / compliance)
    legal_name      NVARCHAR(200) NOT NULL,

    -- Friendly operational name (what users see)
    display_name    NVARCHAR(200) NOT NULL,

    -- ISO country code (e.g. GB, HU)
    country_code    CHAR(2)       NULL,

    -- Tax / VAT identifier if applicable
    tax_id          NVARCHAR(50)  NULL,

    -- Soft-enable flag (do not delete historical parties)
    is_active       BIT           NOT NULL DEFAULT (1),

    -- Audit
    created_at      DATETIME2(3)  NOT NULL DEFAULT SYSUTCDATETIME(),
    created_by      INT           NULL,
    updated_at      DATETIME2(3)  NULL,
    updated_by      INT           NULL,

    CONSTRAINT uq_parties_code UNIQUE (party_code)
);

/* ============================================================
   core.party_roles
   ------------------------------------------------------------
   Assigns functional roles to parties.

   A party may have multiple roles simultaneously
   (e.g. SUPPLIER + HAULIER).

   Role codes are intentionally free-text for now.
   ============================================================ */
CREATE TABLE core.party_roles
(
    party_id    INT          NOT NULL,
    role_code   NVARCHAR(50) NOT NULL, -- SUPPLIER, CUSTOMER, HAULIER, OWNER

    assigned_at DATETIME2(3) NOT NULL DEFAULT SYSUTCDATETIME(),
    assigned_by      INT           NULL,
    updated_at      DATETIME2(3)  NULL,
    updated_by      INT           NULL,

    CONSTRAINT pk_party_roles
        PRIMARY KEY (party_id, role_code),

    CONSTRAINT fk_party_roles_party
        FOREIGN KEY (party_id)
        REFERENCES core.parties(party_id)
);

/* ============================================================
   core.party_addresses
   ------------------------------------------------------------
   Physical or logical addresses associated with a party.
   Can be reused across inbound, outbound, billing, etc.
   ============================================================ */
CREATE TABLE core.party_addresses
(
    address_id        INT IDENTITY(1,1) PRIMARY KEY,

    -- Owning party
    party_id          INT NOT NULL,

    -- Address usage / intent
    -- e.g. SHIP_FROM, SHIP_TO, BILL_TO, HQ, YARD
    address_type      NVARCHAR(50) NOT NULL,

    -- Free-text address fields (intentionally simple)
    line_1            NVARCHAR(200) NOT NULL,
    line_2            NVARCHAR(200) NULL,
    city              NVARCHAR(100) NULL,
    region            NVARCHAR(100) NULL,
    postal_code       NVARCHAR(50)  NULL,
    country_code      CHAR(2)       NOT NULL,

    -- Optional operational hints
    dock_info         NVARCHAR(200) NULL, -- gate, dock, yard notes
    instructions      NVARCHAR(400) NULL, -- receiving notes, access rules

    -- Flags
    is_primary        BIT NOT NULL DEFAULT (0),
    is_active         BIT NOT NULL DEFAULT (1),

    -- Audit
    created_at        DATETIME2(3) NOT NULL DEFAULT SYSUTCDATETIME(),
    created_by        INT          NULL,
    updated_at        DATETIME2(3) NULL,
    updated_by        INT          NULL,

    CONSTRAINT fk_party_addresses_party
        FOREIGN KEY (party_id)
        REFERENCES core.parties(party_id)
);

/* ============================================================
   suppliers.suppliers
   ------------------------------------------------------------
   Supplier-specific attributes extending core.parties.
   ============================================================ */
CREATE TABLE suppliers.suppliers
(
    party_id             INT PRIMARY KEY,
    supplier_type        NVARCHAR(50) NULL,  -- RAW, PACKAGING, 3PL
    default_lead_days    INT          NULL,
    preferred_haulier_id INT          NULL,

    created_at    DATETIME2(3) NOT NULL DEFAULT SYSUTCDATETIME(),
    created_by    INT          NULL,
    updated_at    DATETIME2(3) NULL,
    updated_by    INT          NULL,

    CONSTRAINT fk_suppliers_party
        FOREIGN KEY (party_id)
        REFERENCES core.parties(party_id),

    CONSTRAINT fk_suppliers_haulier
        FOREIGN KEY (preferred_haulier_id)
        REFERENCES core.parties(party_id)
);


/* ============================================================
   customers.customers
   ------------------------------------------------------------
   Customer-specific attributes extending core.parties.
   ============================================================ */
CREATE TABLE customers.customers
(
    party_id               INT PRIMARY KEY,
    customer_type          NVARCHAR(50) NULL, -- RETAIL, WHOLESALE, EXPORT
    default_delivery_days  INT          NULL,
    preferred_haulier_id   INT          NULL,
    allow_crossdock        BIT NOT NULL DEFAULT (0),

    created_at    DATETIME2(3) NOT NULL DEFAULT SYSUTCDATETIME(),
    created_by    INT          NULL,
    updated_at    DATETIME2(3) NULL,
    updated_by    INT          NULL,

    CONSTRAINT fk_customers_party
        FOREIGN KEY (party_id)
        REFERENCES core.parties(party_id),

    CONSTRAINT fk_customers_haulier
        FOREIGN KEY (preferred_haulier_id)
        REFERENCES core.parties(party_id)
);


/* ============================================================
   logistics.hauliers
   ------------------------------------------------------------
   Haulier-specific attributes extending core.parties.
   ============================================================ */
CREATE TABLE logistics.hauliers
(
    party_id              INT PRIMARY KEY,
    haulier_type          NVARCHAR(50) NULL, -- INTERNAL, CONTRACTED
    default_vehicle_type  NVARCHAR(50) NULL, -- CURTAIN, BOX, FRIDGE
    requires_timeslot     BIT NOT NULL DEFAULT (0),
    notes                 NVARCHAR(500) NULL,

    CONSTRAINT fk_hauliers_party
        FOREIGN KEY (party_id)
        REFERENCES core.parties(party_id)
);


/* ============================================================
   core.party_contacts
   ============================================================ */
CREATE TABLE core.party_contacts
(
    contact_id    INT IDENTITY(1,1) PRIMARY KEY,
    party_id      INT NOT NULL,

    contact_role  NVARCHAR(50) NULL,
    contact_name  NVARCHAR(200) NULL,
    email         NVARCHAR(200) NULL,
    phone         NVARCHAR(50)  NULL,

    is_primary    BIT NOT NULL DEFAULT (0),
    is_active     BIT NOT NULL DEFAULT (1),

    created_at    DATETIME2(3) NOT NULL DEFAULT SYSUTCDATETIME(),
    created_by    INT          NULL,
    updated_at    DATETIME2(3) NULL,
    updated_by    INT          NULL,

    CONSTRAINT fk_party_contacts_party
        FOREIGN KEY (party_id)
        REFERENCES core.parties(party_id)
);


/* ============================================================
   audit.party_changes
   ============================================================ */
CREATE TABLE audit.party_changes
(
    audit_id     BIGINT IDENTITY PRIMARY KEY,
    party_id     INT NOT NULL,

    action       NVARCHAR(50) NOT NULL,
    details      NVARCHAR(500) NULL,

    changed_at   DATETIME2(3) NOT NULL DEFAULT SYSUTCDATETIME(),
    changed_by   INT NULL,
    session_id   UNIQUEIDENTIFIER NULL,

    CONSTRAINT fk_party_changes_party
        FOREIGN KEY (party_id)
        REFERENCES core.parties(party_id)
);
GO


-- -----------------------------------------------------------------------------
-- 040_core\tr_parties_audit.sql
-- -----------------------------------------------------------------------------

SET QUOTED_IDENTIFIER ON;
GO

CREATE OR ALTER TRIGGER core.tr_parties_audit
ON core.parties
AFTER INSERT, UPDATE, DELETE
AS
BEGIN
    SET NOCOUNT ON;

    INSERT INTO audit.party_changes
    (
        party_id,
        action,
        details,
        changed_by,
        session_id
    )
    SELECT
        COALESCE(i.party_id, d.party_id),

        CASE
            WHEN d.party_id IS NULL THEN 'CREATE_PARTY'
            WHEN i.party_id IS NULL THEN 'DELETE_PARTY'
            WHEN d.is_active <> i.is_active THEN 'SET_ACTIVE'
            ELSE 'UPDATE_PARTY'
        END,

        CONCAT(
            'code=', COALESCE(i.party_code, d.party_code),
            '; name=', COALESCE(i.display_name, d.display_name)
        ),

        TRY_CAST(SESSION_CONTEXT(N'user_id') AS INT),
        TRY_CAST(SESSION_CONTEXT(N'session_id') AS UNIQUEIDENTIFIER)

    FROM inserted i
    FULL JOIN deleted d
        ON d.party_id = i.party_id;
END;
GO


-- -----------------------------------------------------------------------------
-- 050_locations\010_tables.sql
-- -----------------------------------------------------------------------------

SET QUOTED_IDENTIFIER ON;
GO

CREATE TABLE locations.storage_types
(
    storage_type_id   INT IDENTITY(1,1) PRIMARY KEY,

    -- Stable code used by SKU preferences & logic (e.g. RACK, BULK)
    storage_type_code NVARCHAR(50) NOT NULL,

    -- Human-friendly name
    storage_type_name NVARCHAR(100) NOT NULL,

    -- Optional operational description
    description       NVARCHAR(255) NULL,

    is_active         BIT NOT NULL DEFAULT (1),

    created_at        DATETIME2(3) NOT NULL DEFAULT SYSUTCDATETIME(),
    created_by        INT NULL,

    CONSTRAINT uq_storage_types_code
        UNIQUE (storage_type_code)
);

/* ============================================================
   locations.storage_sections
   ------------------------------------------------------------
   Sub-division within a storage type.
   Sections are scoped to a single storage type.
   ============================================================ */
CREATE TABLE locations.storage_sections
(
    storage_section_id INT IDENTITY(1,1) PRIMARY KEY,

    --storage_type_id    INT NOT NULL,

    -- Section identifier (FLOOR, MID, TOP, LEFT, RIGHT, etc.)
    section_code       NVARCHAR(50) NOT NULL,

    section_name       NVARCHAR(100) NOT NULL,

    description        NVARCHAR(255) NULL,

    is_active          BIT NOT NULL DEFAULT (1),

    created_at         DATETIME2(3) NOT NULL DEFAULT SYSUTCDATETIME(),
    created_by         INT NULL,

    --CONSTRAINT fk_storage_sections_type
    --    FOREIGN KEY (storage_type_id)
    --    REFERENCES locations.storage_types(storage_type_id),

    --CONSTRAINT uq_storage_sections_type_code
    --    UNIQUE (storage_type_id, section_code)
);


/* ============================================================
   locations.zones
   ------------------------------------------------------------
   Operational grouping for travel paths, load balancing,
   and putaway optimisation (e.g. AISLE_01, BULK_ZONE_A).
   ============================================================ */
CREATE TABLE locations.zones
(
    zone_id        INT IDENTITY(1,1) PRIMARY KEY,

    zone_code      NVARCHAR(50) NOT NULL,
    zone_name      NVARCHAR(100) NOT NULL,

    description    NVARCHAR(255) NULL,

    is_active      BIT NOT NULL DEFAULT (1),

    created_at     DATETIME2(3) NOT NULL DEFAULT SYSUTCDATETIME(),
    created_by     INT NULL,

    CONSTRAINT uq_zones_code
        UNIQUE (zone_code)
);

/* ============================================================
   locations.bins
   ------------------------------------------------------------
   Physical storage units.
   This is the ONLY place inventory can reside.
   ============================================================ */
CREATE TABLE locations.bins
(
    bin_id              INT IDENTITY(1,1) PRIMARY KEY,

    -- Human-readable warehouse identifier (A1-01-01, BAY03, etc.)
    bin_code            NVARCHAR(100) NOT NULL,

    storage_type_id     INT NOT NULL,
    storage_section_id  INT NULL,
    zone_id             INT NULL,

    -- Capacity expressed in logical units (pallets for now)
    capacity            INT NOT NULL DEFAULT (1),

    is_active           BIT NOT NULL DEFAULT (1),

    notes               NVARCHAR(255) NULL,

    created_at          DATETIME2(3) NOT NULL DEFAULT SYSUTCDATETIME(),
    created_by          INT NULL,
    updated_at          DATETIME2(3) NULL,
    updated_by          INT NULL,

    CONSTRAINT uq_bins_code
        UNIQUE (bin_code),

    CONSTRAINT fk_bins_storage_type
        FOREIGN KEY (storage_type_id)
        REFERENCES locations.storage_types(storage_type_id),

    CONSTRAINT fk_bins_storage_section
        FOREIGN KEY (storage_section_id)
        REFERENCES locations.storage_sections(storage_section_id),

    CONSTRAINT fk_bins_zone
        FOREIGN KEY (zone_id)
        REFERENCES locations.zones(zone_id)
);

CREATE INDEX IX_bins_storage_lookup
ON locations.bins (storage_type_id, storage_section_id, zone_id)
INCLUDE (capacity, is_active);

/* ============================================================
   locations.bin_reservations
   ------------------------------------------------------------
   Temporary claims on bins for putaway / movement planning.
   ============================================================ */
CREATE TABLE locations.bin_reservations
(
    reservation_id   INT IDENTITY(1,1) PRIMARY KEY,

    bin_id           INT NOT NULL,

    reservation_type NVARCHAR(50) NOT NULL, -- PUTAWAY, MOVE, PICK

    reserved_by      INT NOT NULL,
    reserved_at      DATETIME2(3) NOT NULL DEFAULT SYSUTCDATETIME(),
    expires_at       DATETIME2(3) NOT NULL,

    CONSTRAINT fk_bin_reservations_bin
        FOREIGN KEY (bin_id)
        REFERENCES locations.bins(bin_id)
);

CREATE INDEX IX_bin_reservations_bin_expiry
ON locations.bin_reservations (bin_id, expires_at);

/* ============================================================
   inventory.skus
   ------------------------------------------------------------
   Canonical product master.
   Defines physical characteristics and storage intent.
   ============================================================ */
GO


-- -----------------------------------------------------------------------------
-- 050_locations\usp_suggest_putaway_bin.sql
-- -----------------------------------------------------------------------------

SET QUOTED_IDENTIFIER ON;
GO

CREATE OR ALTER PROCEDURE locations.usp_suggest_putaway_bin
(
    @inventory_unit_id INT,
    @suggested_bin_id INT OUTPUT
)
AS
BEGIN
    SET NOCOUNT ON;

    DECLARE
        @sku_id INT,
        @type_id INT,
        @section_id INT;

    /* --------------------------------------------------------
       1) Resolve SKU storage preferences
    -------------------------------------------------------- */
    SELECT
        @sku_id = iu.sku_id,
        @type_id = s.preferred_storage_type_id,
        @section_id = s.preferred_storage_section_id
    FROM inventory.inventory_units iu
    JOIN inventory.skus s
        ON iu.sku_id = s.sku_id
    WHERE iu.inventory_unit_id = @inventory_unit_id;

    IF @type_id IS NULL
        RETURN;

    /* --------------------------------------------------------
       2) Calculate zone activity (traffic awareness)
    -------------------------------------------------------- */
    ;WITH zone_load AS
    (
        SELECT
            b.zone_id,

            /* active putaway tasks */
            COUNT(DISTINCT t.task_id)

            +

            /* active reservations */
            COUNT(DISTINCT r.reservation_id)

            AS zone_activity

        FROM locations.bins b

        LEFT JOIN warehouse.warehouse_tasks t
            ON t.destination_bin_id = b.bin_id
           AND t.task_state_code IN ('CLM','OPN')

        LEFT JOIN locations.bin_reservations r
            ON r.bin_id = b.bin_id
           AND r.expires_at > SYSUTCDATETIME()

        WHERE b.zone_id IS NOT NULL

        GROUP BY b.zone_id
    ),

    /* --------------------------------------------------------
       3) Candidate bins
    -------------------------------------------------------- */
    bin_candidates AS
    (
        SELECT
            b.bin_id,
            b.zone_id,
            b.capacity,

            /* existing pallets */
            ISNULL(p.placement_count,0) AS placement_count,

            /* active reservations */
            ISNULL(r.reservation_count,0) AS reservation_count,

            /* zone traffic */
            ISNULL(z.zone_activity,0) AS zone_activity

        FROM locations.bins b

        OUTER APPLY
        (
            SELECT COUNT(*) AS placement_count
            FROM inventory.inventory_placements ip
            WHERE ip.bin_id = b.bin_id
        ) p

        OUTER APPLY
        (
            SELECT COUNT(*) AS reservation_count
            FROM locations.bin_reservations br
            WHERE br.bin_id = b.bin_id
              AND br.expires_at > SYSUTCDATETIME()
        ) r

        LEFT JOIN zone_load z
            ON z.zone_id = b.zone_id

        WHERE
            b.is_active = 1
            AND b.storage_type_id = @type_id
            AND (@section_id IS NULL OR b.storage_section_id = @section_id)
    )

    /* --------------------------------------------------------
       4) Select best bin
    -------------------------------------------------------- */
    SELECT TOP (1)
        @suggested_bin_id = bin_id
    FROM bin_candidates
    WHERE (placement_count + reservation_count) < capacity
    ORDER BY
        zone_activity ASC,       -- least busy zone first
        placement_count ASC,     -- emptier bins preferred
        NEWID();                 -- random tie break to prevent clustering

END
GO


-- -----------------------------------------------------------------------------
-- 060_inventory\010_tables.sql
-- -----------------------------------------------------------------------------

SET QUOTED_IDENTIFIER ON;
GO

CREATE TABLE inventory.skus
(
    sku_id                  INT IDENTITY(1,1) PRIMARY KEY,

    -- External / business identifier (SAP material, item code)
    sku_code                NVARCHAR(50) NOT NULL,

    sku_description         NVARCHAR(255) NOT NULL,

    ean NVARCHAR(20) NULL UNIQUE, -- Barcode for easy scanning.

    uom_code                NVARCHAR(10) NOT NULL,  -- EA, PAL, KG, etc.

    -- Physical characteristics (used later for rules & capacity)
    weight_per_unit         DECIMAL(10,3) NULL,
    standard_hu_quantity INT NULL,
    is_full_hu_required     BIT NOT NULL DEFAULT (0),

    -- Batch / lot control
    is_batch_required       BIT NOT NULL DEFAULT (0), -- If 1, batch number is mandatory at receiving time

    -- Stock owner (used in multi-owner / 3PL mode)
    owner_party_id          INT NULL,

    -- Storage intent (THIS is what putaway reads)
    preferred_storage_type_id   INT NOT NULL,
    preferred_storage_section_id INT NULL,

    is_hazardous            BIT NOT NULL DEFAULT (0),
    is_active               BIT NOT NULL DEFAULT (1),

    created_at              DATETIME2(3) NOT NULL DEFAULT SYSUTCDATETIME(),
    created_by              INT NULL,
    updated_at              DATETIME2(3) NULL,
    updated_by              INT NULL,

    CONSTRAINT uq_skus_code
        UNIQUE (sku_code),

    CONSTRAINT fk_skus_storage_type
        FOREIGN KEY (preferred_storage_type_id)
        REFERENCES locations.storage_types(storage_type_id),

    CONSTRAINT fk_skus_storage_section
        FOREIGN KEY (preferred_storage_section_id)
        REFERENCES locations.storage_sections(storage_section_id),

    CONSTRAINT fk_skus_owner_party
        FOREIGN KEY (owner_party_id)
        REFERENCES core.parties(party_id)
);
GO

/* ============================================================
   inventory.stock_states & statuses
   ------------------------------------------------------------
   Canonical state / status master.
   Defines allowed movements and transitions.
   ============================================================ */
CREATE TABLE inventory.stock_states
(
    state_code        VARCHAR(3)   NOT NULL PRIMARY KEY, -- RCD
    state_code_desc   NVARCHAR(30) NOT NULL,             -- RECEIVED
    is_terminal       BIT NOT NULL DEFAULT 0
);

INSERT INTO inventory.stock_states (state_code, state_code_desc, is_terminal)
VALUES
('EXP', 'EXPECTED', 0),
('RCD', 'RECEIVED', 0),
('PTW', 'PUTAWAY', 0),
('PKD', 'PICKED', 0),
('MOV', 'IN MOVEMENT', 0),
('REV', 'REVERSED', 1),
('SHP', 'SHIPPED', 1);

CREATE TABLE inventory.stock_statuses
(
    status_code       VARCHAR(2)   NOT NULL PRIMARY KEY, -- AV
    status_desc       NVARCHAR(30) NOT NULL              -- AVAILABLE
);

INSERT INTO inventory.stock_statuses (status_code, status_desc)
VALUES
('AV', 'AVAILABLE'),
('QC', 'QC HOLD'),
('BL', 'BLOCKED'),
('DM', 'DAMAGED');

CREATE TABLE inventory.stock_state_transitions
(
    from_state_code    VARCHAR(3) NOT NULL,
    to_state_code      VARCHAR(3) NOT NULL,
    requires_authority BIT NOT NULL DEFAULT 0,
    notes              NVARCHAR(200),

    PRIMARY KEY (from_state_code, to_state_code),

    FOREIGN KEY (from_state_code) REFERENCES inventory.stock_states(state_code),
    FOREIGN KEY (to_state_code)   REFERENCES inventory.stock_states(state_code)
);

INSERT INTO inventory.stock_state_transitions
VALUES
('RCD','PTW',0,'Putaway complete'),
('RCD','REV',1,'Reversed'),
('RCD','MOV',0,'Staging fallback move initiated'),
('PTW','MOV',0,'Bin-to-bin move initiated'),
('MOV','PTW',0,'Move confirmed into destination bin'),
('MOV','RCD',1,'Move cancelled — unit returned to staging'),
('PTW','PKD',0,'Picked'),
('PKD','SHP',0,'Shipped');

CREATE TABLE inventory.stock_operation_rules
(
    state_code     VARCHAR(3) NOT NULL,
    status_code    VARCHAR(2) NOT NULL,

    can_move       BIT NOT NULL DEFAULT 1,
    can_allocate   BIT NOT NULL DEFAULT 1,
    can_ship       BIT NOT NULL DEFAULT 1,
    can_adjust     BIT NOT NULL DEFAULT 1,
    requires_override BIT NOT NULL DEFAULT 0,

    PRIMARY KEY (state_code, status_code),

    FOREIGN KEY (state_code)  REFERENCES inventory.stock_states(state_code),
    FOREIGN KEY (status_code) REFERENCES inventory.stock_statuses(status_code)
);

-- Normal usable stock
INSERT INTO inventory.stock_operation_rules
VALUES
('PTW','AV',1,1,1,1,0),

-- QC Hold
('PTW','QC',1,0,0,1,1),

-- Blocked
('PTW','BL',0,0,0,0,1);
GO

/* ============================================================
   inventory.inventory_units
   ------------------------------------------------------------
   Physical inventory units (pallets, handling units).
   One row = one traceable unit.
   ============================================================ */
/* ============================================================
   inventory.inventory_units
   ------------------------------------------------------------
   Physical inventory units (pallets, handling units).
   One row = one traceable unit.
   ============================================================ */
CREATE TABLE inventory.inventory_units
(
    inventory_unit_id   INT IDENTITY(1,1) PRIMARY KEY,

    sku_id              INT NOT NULL,

    -- External identifier (SSCC, pallet ID, HU)
    external_ref        NVARCHAR(100) NULL,

    batch_number        NVARCHAR(100) NULL,
    best_before_date    DATE NULL,

    quantity            INT NOT NULL,

    -- Lifecycle axis (RCD, PTW, PKD, SHP)
    stock_state_code    VARCHAR(3) NOT NULL,

    -- Restriction axis (AV, QC, BL, DM)
    stock_status_code   VARCHAR(2) NOT NULL,

    created_at          DATETIME2(3) NOT NULL DEFAULT SYSUTCDATETIME(),
    created_by          INT NULL,
    updated_at          DATETIME2(3) NULL,
    updated_by          INT NULL,

    CONSTRAINT fk_inventory_units_sku
        FOREIGN KEY (sku_id)
        REFERENCES inventory.skus(sku_id),

    CONSTRAINT fk_inventory_units_state
        FOREIGN KEY (stock_state_code)
        REFERENCES inventory.stock_states(state_code),

    CONSTRAINT fk_inventory_units_status
        FOREIGN KEY (stock_status_code)
        REFERENCES inventory.stock_statuses(status_code)
);
GO

/* ============================================================
   Indexes
   ============================================================ */

-- 1. Unique SSCC + status
CREATE UNIQUE INDEX ux_inventory_units_external_ref
ON inventory.inventory_units (external_ref)
WHERE external_ref IS NOT NULL
  AND stock_state_code <> 'REV'
  AND stock_state_code <> 'SHP'
  AND stock_state_code <> 'MOV';
GO

-- 2. Fast lookup by SKU (stock aggregation, joins)
CREATE INDEX ix_inventory_units_sku_id
ON inventory.inventory_units (sku_id);
GO

-- 3. Optimised availability queries (SKU + status filtering)
CREATE INDEX ix_inventory_units_sku_state_status
ON inventory.inventory_units (sku_id, stock_state_code, stock_status_code);
GO

CREATE INDEX IX_inventory_units_state
ON inventory.inventory_units (stock_state_code);
GO

/* ============================================================
   inventory.inventory_placements
   ------------------------------------------------------------
   Current physical placement of inventory units.
   One active placement per inventory unit.
   ============================================================ */
CREATE TABLE inventory.inventory_placements
(
    inventory_unit_id   INT PRIMARY KEY,

    bin_id              INT NOT NULL,

    placed_at           DATETIME2(3) NOT NULL DEFAULT SYSUTCDATETIME(),
    placed_by           INT NULL,

    CONSTRAINT fk_inventory_placements_unit
        FOREIGN KEY (inventory_unit_id)
        REFERENCES inventory.inventory_units(inventory_unit_id),

    CONSTRAINT fk_inventory_placements_bin
        FOREIGN KEY (bin_id)
        REFERENCES locations.bins(bin_id)
);

CREATE INDEX IX_inventory_placements_bin
ON inventory.inventory_placements (bin_id);

/* ============================================================
   inventory.inventory_movements
   ------------------------------------------------------------
   Immutable event log of all stock movements.

   One row = one atomic inventory movement event.
   Never updated. Only inserted.
   ============================================================ */
IF OBJECT_ID('inventory.inventory_movements','U') IS NOT NULL
    DROP TABLE inventory.inventory_movements;
GO

CREATE TABLE inventory.inventory_movements
(
    movement_id            INT IDENTITY(1,1)
                           CONSTRAINT PK_inventory_movements
                           PRIMARY KEY,

    /* --------------------------------------------------------
       What moved
       -------------------------------------------------------- */

    inventory_unit_id      INT NOT NULL
                           CONSTRAINT FK_inventory_movements_unit
                           REFERENCES inventory.inventory_units(inventory_unit_id),

    sku_id                 INT NOT NULL
                           CONSTRAINT FK_inventory_movements_sku
                           REFERENCES inventory.skus(sku_id),

    moved_qty              INT NOT NULL
                           CHECK (moved_qty > 0),

    /* --------------------------------------------------------
       Location transition
       -------------------------------------------------------- */

    from_bin_id            INT NULL
                           CONSTRAINT FK_inventory_movements_from_bin
                           REFERENCES locations.bins(bin_id),

    to_bin_id              INT NULL
                           CONSTRAINT FK_inventory_movements_to_bin
                           REFERENCES locations.bins(bin_id),

    /* --------------------------------------------------------
       Lifecycle transition (NEW)
       -------------------------------------------------------- */

    from_state_code        VARCHAR(3) NULL
                           CONSTRAINT FK_inventory_movements_from_state
                           REFERENCES inventory.stock_states(state_code),

    to_state_code          VARCHAR(3) NULL
                           CONSTRAINT FK_inventory_movements_to_state
                           REFERENCES inventory.stock_states(state_code),

    /* --------------------------------------------------------
       Restriction transition (NEW)
       -------------------------------------------------------- */

    from_status_code       VARCHAR(2) NULL
                           CONSTRAINT FK_inventory_movements_from_status
                           REFERENCES inventory.stock_statuses(status_code),

    to_status_code         VARCHAR(2) NULL
                           CONSTRAINT FK_inventory_movements_to_status
                           REFERENCES inventory.stock_statuses(status_code),

    /* --------------------------------------------------------
       Business context
       -------------------------------------------------------- */

    movement_type          NVARCHAR(30) NOT NULL,
    -- RECEIVE
    -- PUTAWAY
    -- BIN_MOVE
    -- ALLOCATE
    -- DEALLOCATE
    -- PICK
    -- LOAD
    -- SHIP
    -- ADJUSTMENT
    -- STATUS_CHANGE
    -- STATE_CHANGE
    -- REVERSAL

    reference_type         NVARCHAR(30) NULL,
    -- INBOUND
    -- OUTBOUND
    -- ADJUSTMENT
    -- MANUAL

    reference_id           INT NULL,

    /* --------------------------------------------------------
       Operational metadata
       -------------------------------------------------------- */

    moved_at               DATETIME2(3) NOT NULL
                           CONSTRAINT DF_inventory_movements_moved_at
                           DEFAULT SYSUTCDATETIME(),

    moved_by_user_id       INT NOT NULL
                           CONSTRAINT FK_inventory_movements_user
                           REFERENCES auth.users(id),

    session_id             UNIQUEIDENTIFIER NULL,

    /* --------------------------------------------------------
       Reversal control
       -------------------------------------------------------- */

    is_reversal            BIT NOT NULL DEFAULT(0),

    reversed_movement_id   INT NULL
                           CONSTRAINT FK_inventory_movements_reversal
                           REFERENCES inventory.inventory_movements(movement_id)
);
GO

CREATE NONCLUSTERED INDEX IX_inventory_movements_unit
ON inventory.inventory_movements(inventory_unit_id, moved_at DESC);
GO

CREATE NONCLUSTERED INDEX IX_inventory_movements_reference
ON inventory.inventory_movements(reference_type, reference_id);
GO

CREATE NONCLUSTERED INDEX IX_inventory_movements_bin
ON inventory.inventory_movements(to_bin_id, moved_at DESC);
GO

CREATE NONCLUSTERED INDEX IX_inventory_movements_state_status
ON inventory.inventory_movements(to_state_code, to_status_code, moved_at DESC);
GO

/* ============================================================
   core.parties
   ------------------------------------------------------------
   Canonical table for all external business entities
   (suppliers, customers, hauliers, owners, etc.).

   One row = one real-world legal entity.
   Roles are assigned separately via core.party_roles.

   This table is intentionally role-agnostic.
   ============================================================ */
GO


-- -----------------------------------------------------------------------------
-- 060_inventory\usp_create_sku.sql
-- -----------------------------------------------------------------------------

SET QUOTED_IDENTIFIER ON;
GO

CREATE OR ALTER PROCEDURE inventory.usp_create_sku
(
    @sku_code                       NVARCHAR(50),
    @sku_description                NVARCHAR(200),
    @ean                            NVARCHAR(50)     = NULL,
    @uom_code                       NVARCHAR(20)     = N'Each',
    @weight_per_unit                DECIMAL(10,3)    = NULL,
    @standard_hu_quantity           INT              = 0,
    @is_hazardous                   BIT              = 0,
    @is_batch_required              BIT              = 0,
    @is_full_hu_required            BIT              = 0,
    @preferred_storage_type_code    NVARCHAR(50)     = NULL,
    @preferred_storage_section_code NVARCHAR(50)     = NULL,
    @owner_party_code               NVARCHAR(50)     = NULL,
    @user_id                        INT              = NULL,
    @session_id                     UNIQUEIDENTIFIER = NULL
)
AS
BEGIN
    SET NOCOUNT ON;
    SET XACT_ABORT ON;

    BEGIN TRY
        BEGIN TRAN;

        IF EXISTS (SELECT 1 FROM inventory.skus WHERE sku_code = @sku_code)
        BEGIN
            SELECT CAST(0 AS BIT) AS success, N'ERRSKU02' AS result_code, NULL AS sku_id;
            ROLLBACK;
            RETURN;
        END

        -- Resolve storage type: use supplied code, fallback to RACK, fallback to any active
        DECLARE @storage_type_id INT =
            ISNULL(
                (SELECT TOP 1 storage_type_id FROM locations.storage_types WHERE storage_type_code = @preferred_storage_type_code AND is_active = 1),
                ISNULL(
                    (SELECT TOP 1 storage_type_id FROM locations.storage_types WHERE storage_type_code = 'RACK' AND is_active = 1),
                    (SELECT TOP 1 storage_type_id FROM locations.storage_types WHERE is_active = 1 ORDER BY storage_type_id)
                )
            );

        -- Resolve storage section: use supplied code, NULL if not found
        DECLARE @storage_section_id INT =
            (SELECT TOP 1 storage_section_id FROM locations.storage_sections WHERE section_code = @preferred_storage_section_code AND is_active = 1);

        -- Resolve owner party
        DECLARE @enable_multi_owner  BIT          = 0;
        DECLARE @default_owner_code  NVARCHAR(50) = NULL;
        DECLARE @owner_party_id      INT          = NULL;

        SELECT @enable_multi_owner = TRY_CAST(setting_value AS BIT)
        FROM operations.settings WHERE setting_name = 'inventory.enable_multi_owner';

        SELECT @default_owner_code = setting_value
        FROM operations.settings WHERE setting_name = 'inventory.default_owner_party_code';

        IF @owner_party_code IS NOT NULL
        BEGIN
            SET @owner_party_id = (SELECT party_id FROM core.parties WHERE party_code = @owner_party_code COLLATE Latin1_General_CS_AS AND is_active = 1);
            IF @owner_party_id IS NULL
            BEGIN
                SELECT CAST(0 AS BIT) AS success, N'ERRSKU03' AS result_code, NULL AS sku_id;
                ROLLBACK; RETURN;
            END
        END
        ELSE IF @enable_multi_owner = 0
        BEGIN
            -- Multi-owner disabled: silently assign default owner
            SET @owner_party_id = (SELECT party_id FROM core.parties WHERE party_code = @default_owner_code COLLATE Latin1_General_CS_AS AND is_active = 1);
        END
        ELSE
        BEGIN
            -- Multi-owner enabled but no owner provided: require it
            SELECT CAST(0 AS BIT) AS success, N'ERRSKU04' AS result_code, NULL AS sku_id;
            ROLLBACK; RETURN;
        END

        INSERT INTO inventory.skus
            (sku_code, sku_description, ean, uom_code, weight_per_unit,
             standard_hu_quantity, is_hazardous, is_batch_required, is_full_hu_required,
             is_active, owner_party_id,
             preferred_storage_type_id, preferred_storage_section_id,
             created_at, created_by)
        VALUES
            (@sku_code, @sku_description, @ean, @uom_code, @weight_per_unit,
             @standard_hu_quantity, @is_hazardous, @is_batch_required, @is_full_hu_required,
             1, @owner_party_id,
             @storage_type_id, @storage_section_id,
             SYSUTCDATETIME(), @user_id);

        DECLARE @sku_id INT = SCOPE_IDENTITY();

        COMMIT;

        SELECT CAST(1 AS BIT) AS success, N'SUCSKU01' AS result_code, @sku_id AS sku_id;

    END TRY
    BEGIN CATCH
        IF @@TRANCOUNT > 0 ROLLBACK;
        SELECT CAST(0 AS BIT) AS success, N'ERRSKU99' AS result_code, NULL AS sku_id;
    END CATCH
END;
GO


-- -----------------------------------------------------------------------------
-- 060_inventory\usp_update_sku.sql
-- -----------------------------------------------------------------------------

SET QUOTED_IDENTIFIER ON;
GO

CREATE OR ALTER PROCEDURE inventory.usp_update_sku
(
    @sku_code                       NVARCHAR(50),
    @sku_description                NVARCHAR(200),
    @ean                            NVARCHAR(50)     = NULL,
    @uom_code                       NVARCHAR(20)     = N'Each',
    @weight_per_unit                DECIMAL(10,3)    = NULL,
    @standard_hu_quantity           INT              = 0,
    @is_hazardous                   BIT              = 0,
    @is_batch_required              BIT              = 0,
    @is_full_hu_required            BIT              = 0,
    @is_active                      BIT              = 1,
    @preferred_storage_type_code    NVARCHAR(50)     = NULL,
    @preferred_storage_section_code NVARCHAR(50)     = NULL,
    @owner_party_code               NVARCHAR(50)     = NULL,
    @user_id                        INT              = NULL,
    @session_id                     UNIQUEIDENTIFIER = NULL
)
AS
BEGIN
    SET NOCOUNT ON;
    SET XACT_ABORT ON;

    BEGIN TRY
        BEGIN TRAN;

        IF NOT EXISTS (SELECT 1 FROM inventory.skus WHERE sku_code = @sku_code)
        BEGIN
            SELECT CAST(0 AS BIT) AS success, N'ERRSKU01' AS result_code;
            ROLLBACK;
            RETURN;
        END

        -- Resolve storage type: use supplied code, keep existing if NULL supplied
        DECLARE @storage_type_id INT =
            CASE
                WHEN @preferred_storage_type_code IS NOT NULL
                THEN (SELECT TOP 1 storage_type_id FROM locations.storage_types WHERE storage_type_code = @preferred_storage_type_code AND is_active = 1)
                ELSE (SELECT preferred_storage_type_id FROM inventory.skus WHERE sku_code = @sku_code)
            END;

        -- Resolve storage section: use supplied code, keep existing if NULL supplied
        DECLARE @storage_section_id INT =
            CASE
                WHEN @preferred_storage_section_code IS NOT NULL
                THEN (SELECT TOP 1 storage_section_id FROM locations.storage_sections WHERE section_code = @preferred_storage_section_code AND is_active = 1)
                ELSE (SELECT preferred_storage_section_id FROM inventory.skus WHERE sku_code = @sku_code)
            END;

        -- Resolve owner: if provided, validate and use; otherwise keep existing
        DECLARE @owner_party_id INT = NULL;
        IF @owner_party_code IS NOT NULL
        BEGIN
            SET @owner_party_id = (SELECT party_id FROM core.parties WHERE party_code = @owner_party_code COLLATE Latin1_General_CS_AS AND is_active = 1);
            IF @owner_party_id IS NULL
            BEGIN
                SELECT CAST(0 AS BIT) AS success, N'ERRSKU03' AS result_code;
                ROLLBACK; RETURN;
            END
        END
        ELSE
        BEGIN
            -- Keep existing owner
            SELECT @owner_party_id = owner_party_id FROM inventory.skus WHERE sku_code = @sku_code;
        END

        UPDATE inventory.skus
        SET sku_description              = @sku_description,
            ean                          = @ean,
            uom_code                     = @uom_code,
            weight_per_unit              = @weight_per_unit,
            standard_hu_quantity         = @standard_hu_quantity,
            is_hazardous                 = @is_hazardous,
            is_batch_required            = @is_batch_required,
            is_full_hu_required          = @is_full_hu_required,
            is_active                    = @is_active,
            preferred_storage_type_id    = @storage_type_id,
            preferred_storage_section_id = @storage_section_id,
            owner_party_id               = @owner_party_id,
            updated_at                   = SYSUTCDATETIME(),
            updated_by                   = @user_id
        WHERE sku_code = @sku_code;

        COMMIT;
        SELECT CAST(1 AS BIT) AS success, N'SUCSKU02' AS result_code;

    END TRY
    BEGIN CATCH
        IF @@TRANCOUNT > 0 ROLLBACK;
        SELECT CAST(0 AS BIT) AS success, N'ERRSKU99' AS result_code;
    END CATCH
END;
GO


-- -----------------------------------------------------------------------------
-- 060_inventory\usp_update_stock_status.sql
-- -----------------------------------------------------------------------------

SET QUOTED_IDENTIFIER ON;
GO

CREATE OR ALTER PROCEDURE inventory.usp_update_stock_status
(
    @sscc_list   NVARCHAR(MAX),
    @new_status  VARCHAR(2),
    @reason      NVARCHAR(200)    = NULL,
    @user_id     INT              = NULL,
    @session_id  UNIQUEIDENTIFIER = NULL
)
AS
BEGIN
    SET NOCOUNT ON;
    SET XACT_ABORT ON;

    EXEC sys.sp_set_session_context @key = N'user_id',    @value = @user_id;
    EXEC sys.sp_set_session_context @key = N'session_id', @value = @session_id;

    BEGIN TRY
        BEGIN TRAN;

        -- Validate target status exists
        IF NOT EXISTS (SELECT 1 FROM inventory.stock_statuses WHERE status_code = @new_status)
        BEGIN
            SELECT CAST(0 AS BIT) AS success, N'ERRINV02' AS result_code, 0 AS affected_count;
            ROLLBACK; RETURN;
        END

        -- Parse comma-separated SSCC list into a table
        DECLARE @ssccs TABLE (sscc NVARCHAR(100));

        INSERT INTO @ssccs (sscc)
        SELECT LTRIM(RTRIM(value))
        FROM STRING_SPLIT(@sscc_list, ',')
        WHERE LTRIM(RTRIM(value)) <> '';

        DECLARE @now          DATETIME2(3) = SYSUTCDATETIME();
        DECLARE @affected_count INT = 0;

        -- Update matching active units
        UPDATE inventory.inventory_units
        SET stock_status_code = @new_status,
            updated_at        = @now,
            updated_by        = @user_id
        WHERE external_ref      IN (SELECT sscc FROM @ssccs)
          AND stock_state_code NOT IN ('REV', 'SHP');

        SET @affected_count = @@ROWCOUNT;

        COMMIT;

        SELECT CAST(1 AS BIT) AS success, N'SUCINV01' AS result_code, @affected_count AS affected_count;

    END TRY
    BEGIN CATCH
        IF @@TRANCOUNT > 0 ROLLBACK;
        SELECT CAST(0 AS BIT) AS success, N'ERRINV99' AS result_code, 0 AS affected_count;
    END CATCH
END;
GO
PRINT 'inventory.usp_update_stock_status created.';
GO


-- -----------------------------------------------------------------------------
-- 060_inventory\v_skus.sql
-- -----------------------------------------------------------------------------

SET QUOTED_IDENTIFIER ON;
GO

CREATE OR ALTER VIEW inventory.v_skus
AS
SELECT
    s.sku_id,
    s.sku_code,
    s.sku_description,
    s.ean,
    s.uom_code,
    s.weight_per_unit,
    s.standard_hu_quantity,
    s.is_hazardous,
    s.is_batch_required,
    s.is_full_hu_required,
    s.is_active,
    st.storage_type_code        AS preferred_storage_type_code,
    ss.section_code             AS preferred_section_code,
    s.created_at,
    cu.username                 AS created_by_username,
    s.updated_at,
    uu.username                 AS updated_by_username,
    s.owner_party_id,
    op.party_code               AS owner_party_code,
    op.display_name             AS owner_name
FROM inventory.skus s
LEFT JOIN locations.storage_types    st ON st.storage_type_id    = s.preferred_storage_type_id
LEFT JOIN locations.storage_sections ss ON ss.storage_section_id = s.preferred_storage_section_id
LEFT JOIN auth.users cu              ON cu.id = s.created_by
LEFT JOIN auth.users uu              ON uu.id = s.updated_by
LEFT JOIN core.parties op            ON op.party_id = s.owner_party_id;
GO
PRINT 'inventory.v_skus created.';
GO


-- -----------------------------------------------------------------------------
-- 070_inbound\010_tables.sql
-- -----------------------------------------------------------------------------

SET QUOTED_IDENTIFIER ON;
GO

CREATE TABLE inbound.inbound_statuses
(
    status_code VARCHAR(3) PRIMARY KEY,   -- EXP, ACT, RCV, CLS, CNL
    description NVARCHAR(50) NOT NULL,
    is_terminal BIT NOT NULL DEFAULT(0)
);

INSERT INTO inbound.inbound_statuses VALUES
('EXP', 'Expected', 0),
('ACT', 'Activated', 0),
('RCV', 'Receiving', 0),
('CLS', 'Closed', 1),
('CNL', 'Cancelled', 1);

CREATE TABLE inbound.inbound_status_transitions
(
    from_status_code VARCHAR(3) NOT NULL,
    to_status_code   VARCHAR(3) NOT NULL,
    requires_authority BIT NOT NULL DEFAULT(0),

    CONSTRAINT PK_inbound_status_transitions
        PRIMARY KEY (from_status_code, to_status_code),

    CONSTRAINT FK_inbound_transition_from
        FOREIGN KEY (from_status_code)
        REFERENCES inbound.inbound_statuses(status_code),

    CONSTRAINT FK_inbound_transition_to
        FOREIGN KEY (to_status_code)
        REFERENCES inbound.inbound_statuses(status_code)
);

INSERT INTO inbound.inbound_status_transitions VALUES
('EXP','ACT',0),
('ACT','RCV',0),
('RCV','CLS',0),
('EXP','CNL',0),
('ACT','CNL',1),
('CLS', 'RCV', 1);



/* ============================================================
   inbound.inbound_deliveries
   ------------------------------------------------------------
   Canonical inbound advice header table.

   One row = one advised inbound document (ASN / delivery note).

   This table represents INTENT, not execution.
   No stock, no pallets, no quantities live here.

   Purpose:
   - Planning
   - Visibility
   - Status progression
   - Linking parties before warehouse activity begins
   ============================================================ */
   /********************************************************************************************
    Table: inbound.inbound_modes
    Purpose: Reference table defining structural inbound receiving modes
             - SSCC   : Fully pre-advised handling units
             - MANUAL : Loose / quantity-based receiving
    ********************************************************************************************/
    IF NOT EXISTS (
        SELECT 1
        FROM sys.tables t
        JOIN sys.schemas s ON s.schema_id = t.schema_id
        WHERE t.name = 'inbound_modes'
          AND s.name = 'inbound'
    )
    BEGIN
        CREATE TABLE inbound.inbound_modes
        (
            mode_code   VARCHAR(6)  NOT NULL PRIMARY KEY,
            mode_name   NVARCHAR(50) NOT NULL,
            description NVARCHAR(200) NULL,
            is_active   BIT NOT NULL DEFAULT 1
        );
    END;
    GO

    /* --------------------------------------------------------
       Seed inbound mode reference data
    -------------------------------------------------------- */

    IF NOT EXISTS (
        SELECT 1 FROM inbound.inbound_modes WHERE mode_code = 'SSCC'
    )
    BEGIN
        INSERT INTO inbound.inbound_modes (mode_code, mode_name, description)
        VALUES ('SSCC', 'SSCC Controlled', 'Fully pre-advised handling units');
    END;

    IF NOT EXISTS (
        SELECT 1 FROM inbound.inbound_modes WHERE mode_code = 'MANUAL'
    )
    BEGIN
        INSERT INTO inbound.inbound_modes (mode_code, mode_name, description)
        VALUES ('MANUAL', 'Manual Quantity', 'Loose or bulk quantity receiving');
    END;
    GO

    CREATE TABLE inbound.inbound_deliveries
    (
        inbound_id           INT IDENTITY(1,1) PRIMARY KEY,

        inbound_ref          NVARCHAR(50) NOT NULL UNIQUE,

        supplier_party_id    INT NOT NULL,
        owner_party_id       INT NOT NULL,
        haulier_party_id     INT NULL,

        ship_to_address_id   INT NOT NULL,

        expected_arrival_at  DATETIME2(3) NULL,

        inbound_status_code  VARCHAR(3) NOT NULL DEFAULT 'EXP',

        -- Structural mode (set on activation, immutable afterwards)
        inbound_mode_code    VARCHAR(6) NULL,

        created_at           DATETIME2(3) NOT NULL DEFAULT SYSUTCDATETIME(),
        created_by           INT NULL,

        updated_at           DATETIME2(3) NULL,
        updated_by           INT NULL,

        CONSTRAINT FK_inbound_status
            FOREIGN KEY (inbound_status_code)
            REFERENCES inbound.inbound_statuses(status_code),

        CONSTRAINT FK_inbound_mode
            FOREIGN KEY (inbound_mode_code)
            REFERENCES inbound.inbound_modes(mode_code),

        CONSTRAINT fk_inbound_supplier
            FOREIGN KEY (supplier_party_id)
            REFERENCES core.parties(party_id),

        CONSTRAINT fk_inbound_owner
            FOREIGN KEY (owner_party_id)
            REFERENCES core.parties(party_id),

        CONSTRAINT fk_inbound_haulier
            FOREIGN KEY (haulier_party_id)
            REFERENCES core.parties(party_id),

        CONSTRAINT fk_inbound_ship_to
            FOREIGN KEY (ship_to_address_id)
            REFERENCES core.party_addresses(address_id)
    );
    GO

    CREATE INDEX IX_inbound_status_mode
    ON inbound.inbound_deliveries (inbound_status_code, inbound_mode_code);
    GO

/* ============================================================
   View: inbound.vw_inbound_overview
   ------------------------------------------------------------
   Operational overview of inbound advice.

   Used by:
   - CLI "View expected deliveries"
   - Desktop inbound list
   - Reporting / dashboards
   ============================================================ */
GO


-- -----------------------------------------------------------------------------
-- 070_inbound\020_tables_lines.sql
-- -----------------------------------------------------------------------------

SET QUOTED_IDENTIFIER ON;
GO

CREATE TABLE inbound.inbound_line_states
(
    state_code      VARCHAR(3) PRIMARY KEY, -- EXP, PRC, RCV, CNL
    state_desc      NVARCHAR(30) NOT NULL,
    is_terminal     BIT NOT NULL DEFAULT 0
);

INSERT INTO inbound.inbound_line_states
VALUES
('EXP','EXPECTED',0),
('PRC','PARTIALLY_RECEIVED',0),
('RCV','RECEIVED',1),
('CNL','CANCELLED',1);

CREATE TABLE inbound.inbound_line_state_transitions
(
    from_state_code VARCHAR(3) NOT NULL,
    to_state_code   VARCHAR(3) NOT NULL,
    requires_authority BIT NOT NULL DEFAULT(0),

    CONSTRAINT PK_inbound_line_transitions
        PRIMARY KEY (from_state_code, to_state_code),

    CONSTRAINT FK_inbound_line_transition_from
        FOREIGN KEY (from_state_code)
        REFERENCES inbound.inbound_line_states(state_code),

    CONSTRAINT FK_inbound_line_transition_to
        FOREIGN KEY (to_state_code)
        REFERENCES inbound.inbound_line_states(state_code)
);
GO

INSERT INTO inbound.inbound_line_state_transitions VALUES
('EXP','PRC',0),
('PRC','PRC',0),  -- multiple partial receipts
('PRC','RCV',0),
('EXP','RCV',0),
('EXP','CNL',1),
('PRC','CNL',1),
('PRC', 'EXP', 1),
('RCV', 'PRC', 1),
('RCV', 'EXP', 1);
GO

CREATE TABLE inbound.inbound_lines
(
    inbound_line_id     INT IDENTITY(1,1) PRIMARY KEY,
    inbound_id          INT NOT NULL,
    line_no             INT NOT NULL,

    sku_id              INT NOT NULL,
    expected_qty        INT NOT NULL CHECK (expected_qty > 0),
    received_qty        INT NOT NULL DEFAULT (0),

    arrival_stock_status_code VARCHAR(2) NOT NULL DEFAULT 'AV',
    batch_number        NVARCHAR(100) NULL,
    best_before_date    DATE NULL,

    line_state_code     VARCHAR(3) NOT NULL DEFAULT 'EXP',

    created_at          DATETIME2(3) NOT NULL DEFAULT SYSUTCDATETIME(),
    created_by          INT NULL,
    updated_at                  DATETIME2(3) NULL,
    updated_by                  INT NULL,

    CONSTRAINT FK_inbound_lines_header
        FOREIGN KEY (inbound_id)
        REFERENCES inbound.inbound_deliveries(inbound_id),

    CONSTRAINT FK_inbound_lines_sku
        FOREIGN KEY (sku_id)
        REFERENCES inventory.skus(sku_id),

    CONSTRAINT FK_inbound_line_state
        FOREIGN KEY (line_state_code)
        REFERENCES inbound.inbound_line_states(state_code),

    CONSTRAINT UQ_inbound_line
        UNIQUE (inbound_id, line_no),

    CONSTRAINT CK_received_qty_valid
        CHECK (received_qty <= expected_qty),

    CONSTRAINT FK_inbound_lines_arrival_status
        FOREIGN KEY (arrival_stock_status_code)
        REFERENCES inventory.stock_statuses(status_code)
);

/* ============================================================
   inbound.inbound_expected_units
   ------------------------------------------------------------
   Pre-advised handling units (SSCC-level expectations).
   One row = one expected handling unit for an inbound line.
   ============================================================ */
   CREATE TABLE inbound.inbound_expected_unit_states
    (
        state_code VARCHAR(3) PRIMARY KEY,
        description NVARCHAR(50) NOT NULL
    );

    INSERT INTO inbound.inbound_expected_unit_states VALUES
        ('EXP', 'EXPECTED'),
        ('CLM', 'CLAIMED'),
        ('RCV', 'RECEIVED'),
        ('CNL', 'CANCELLED');

/* =========================================================================================
   TABLE: inbound.inbound_expected_unit_state_transitions
   Purpose: Allowed state changes for SSCC expected units (EXP/CLM/RCV/...)
========================================================================================= */
IF OBJECT_ID('inbound.inbound_expected_unit_state_transitions', 'U') IS NULL
BEGIN
    CREATE TABLE inbound.inbound_expected_unit_state_transitions
    (
        from_state_code     VARCHAR(3) NOT NULL,
        to_state_code       VARCHAR(3) NOT NULL,
        requires_authority  BIT NOT NULL DEFAULT(0),

        CONSTRAINT PK_inbound_expected_unit_state_transitions
            PRIMARY KEY (from_state_code, to_state_code)
    );
END;
GO

/* Seed transitions (idempotent) */
MERGE inbound.inbound_expected_unit_state_transitions AS tgt
USING (VALUES
    ('EXP','CLM',0),  -- preview claim
    ('CLM','EXP',0),  -- auto-expire / release claim
    ('CLM','RCV',0),  -- confirm receive
    ('EXP','RCV',1),  -- optional: admin force receive without claim (usually NO; keep as 1)
    ('RCV', 'EXP', 1)
) AS src(from_state_code, to_state_code, requires_authority)
ON  tgt.from_state_code = src.from_state_code
AND tgt.to_state_code   = src.to_state_code
WHEN NOT MATCHED THEN
    INSERT (from_state_code, to_state_code, requires_authority)
    VALUES (src.from_state_code, src.to_state_code, src.requires_authority);
GO

/* ============================================================
   inbound.inbound_expected_units (WITH CLAIM FIELDS)
   Includes optional updated_at / updated_by
   ============================================================ */

    IF OBJECT_ID('inbound.inbound_expected_units', 'U') IS NULL
    BEGIN
        CREATE TABLE inbound.inbound_expected_units
        (
            inbound_expected_unit_id    INT IDENTITY(1,1) PRIMARY KEY,

            inbound_line_id             INT NOT NULL,

            -- Expected SSCC from ASN / EDI
            expected_external_ref       NVARCHAR(100) NOT NULL,

            expected_quantity           INT NOT NULL CHECK (expected_quantity > 0),

            batch_number                NVARCHAR(100) NULL,
            best_before_date            DATE NULL,

            expected_unit_state_code    VARCHAR(3) NOT NULL
                CONSTRAINT DF_inbexp_state_code DEFAULT ('EXP'),

            received_inventory_unit_id  INT NULL,

            -- Claim / lock fields (two-scan confirm hardening)
            claimed_session_id          UNIQUEIDENTIFIER NULL,
            claimed_by_user_id          INT NULL,
            claimed_at                  DATETIME2(3) NULL,
            claim_expires_at            DATETIME2(3) NULL,
            claim_token                 UNIQUEIDENTIFIER NULL,

            created_at                  DATETIME2(3) NOT NULL
                CONSTRAINT DF_inbexp_created_at DEFAULT (SYSUTCDATETIME()),

            created_by                  INT NULL,

            updated_at                  DATETIME2(3) NULL,
            updated_by                  INT NULL,

            CONSTRAINT FK_inbexp_line
                FOREIGN KEY (inbound_line_id)
                REFERENCES inbound.inbound_lines(inbound_line_id),

            CONSTRAINT FK_inbexp_inventory_unit
                FOREIGN KEY (received_inventory_unit_id)
                REFERENCES inventory.inventory_units(inventory_unit_id),

            CONSTRAINT FK_inbexp_state
                FOREIGN KEY (expected_unit_state_code)
                REFERENCES inbound.inbound_expected_unit_states(state_code),

            CONSTRAINT UQ_inbexp_external_ref
                UNIQUE (expected_external_ref),

            CONSTRAINT CK_inbexp_quantity
                CHECK (expected_quantity > 0)
        );

        CREATE INDEX IX_inbexp_line
        ON inbound.inbound_expected_units(inbound_line_id);

        CREATE INDEX IX_inbexp_claim_session 
        ON inbound.inbound_expected_units(claimed_session_id, claim_expires_at);

        CREATE INDEX IX_inbexp_units_claim
        ON inbound.inbound_expected_units (expected_external_ref)
        INCLUDE (received_inventory_unit_id, claimed_session_id, claim_expires_at);

        /* OPTIONAL (recommended): helps clean up / find expiring claims fast */
        CREATE INDEX IX_inbexp_claim_expires
        ON inbound.inbound_expected_units (claim_expires_at)
        INCLUDE (expected_external_ref, claimed_session_id, received_inventory_unit_id);

    END;
    GO

/* ============================================================
   
   ============================================================ */
    IF OBJECT_ID('inbound.inbound_expected_units', 'U') IS NOT NULL
    AND NOT EXISTS
    (
        SELECT 1
        FROM sys.default_constraints dc
        JOIN sys.columns c
            ON c.object_id = dc.parent_object_id
           AND c.column_id = dc.parent_column_id
        WHERE dc.parent_object_id = OBJECT_ID('inbound.inbound_expected_units')
          AND c.name = 'created_by'
    )
    BEGIN
        ALTER TABLE inbound.inbound_expected_units
        ADD CONSTRAINT DF_inbexp_created_by
        DEFAULT (CONVERT(int, SESSION_CONTEXT(N'user_id')))
        FOR created_by;
    END;
    GO

/* ============================================================
   inbound.inbound_receipts
   ------------------------------------------------------------
   Physical receipt events against inbound lines.

   One row = one receive transaction.
   Immutable business event.
   ============================================================ */
   IF OBJECT_ID('inbound.inbound_receipts','U') IS NOT NULL
    DROP TABLE inbound.inbound_receipts;
GO


-- -----------------------------------------------------------------------------
-- 070_inbound\030_tables_receipts.sql
-- -----------------------------------------------------------------------------

SET QUOTED_IDENTIFIER ON;
GO

CREATE TABLE inbound.inbound_receipts
(
    receipt_id              INT IDENTITY(1,1)
                            CONSTRAINT PK_inbound_receipts
                            PRIMARY KEY,

    inbound_line_id         INT NOT NULL
                            CONSTRAINT FK_inbound_receipts_line
                            REFERENCES inbound.inbound_lines(inbound_line_id),

    inbound_expected_unit_id INT NULL
                            CONSTRAINT FK_inbound_receipts_expected_unit
                            REFERENCES inbound.inbound_expected_units(inbound_expected_unit_id),

    inventory_unit_id       INT NOT NULL
                            CONSTRAINT FK_inbound_receipts_inventory
                            REFERENCES inventory.inventory_units(inventory_unit_id),

    received_qty            INT NOT NULL CHECK (received_qty > 0),

    received_by_user_id     INT NOT NULL
                            CONSTRAINT FK_inbound_receipts_user
                            REFERENCES auth.users(id),

    session_id              UNIQUEIDENTIFIER NULL,

    received_at             DATETIME2(3) NOT NULL
                            CONSTRAINT DF_inbound_receipts_received_at
                            DEFAULT SYSUTCDATETIME(),

    is_reversal             BIT NOT NULL DEFAULT(0),
    reversed_receipt_id     INT NULL
                            CONSTRAINT FK_inbound_receipts_reversal
                            REFERENCES inbound.inbound_receipts(receipt_id)
);
GO

CREATE NONCLUSTERED INDEX IX_inbound_receipts_line
ON inbound.inbound_receipts(inbound_line_id)
INCLUDE (received_qty, received_at);
GO

USE PW_Core_DEV;
GO

/* ============================================================
   View: inbound.vw_inbounds_activatable
   ------------------------------------------------------------
   Returns inbound deliveries eligible for activation.

   Criteria:
   - Status = 'EXP' (Expected — not yet activated)
   - Has at least one inbound line
   
   Used by:
   - CLI: ActivateInboundScreen.RenderList()
   - Application: IInboundQueryRepository.GetActivatableInbounds()

   Columns match SqlInboundQueryRepository.GetActivatableInbounds()
   ordinal read: inbound_id(0), inbound_ref(1),
                 expected_arrival_at(2), line_count(3)
   ============================================================ */
GO


-- -----------------------------------------------------------------------------
-- 070_inbound\tr_inbound_deliveries_audit.sql
-- -----------------------------------------------------------------------------




-- -----------------------------------------------------------------------------
-- 070_inbound\trg_inbound_expected_units_guard.sql
-- -----------------------------------------------------------------------------

SET QUOTED_IDENTIFIER ON;
GO

CREATE OR ALTER TRIGGER inbound.trg_inbound_expected_units_guard
ON inbound.inbound_expected_units
AFTER INSERT, UPDATE, DELETE
AS
BEGIN
    SET NOCOUNT ON;

    ---------------------------------------------------------------------
    -- 1) Block INSERT or DELETE after activation
    ---------------------------------------------------------------------
    IF (
           (EXISTS (SELECT 1 FROM inserted) AND NOT EXISTS (SELECT 1 FROM deleted))
        OR (EXISTS (SELECT 1 FROM deleted) AND NOT EXISTS (SELECT 1 FROM inserted))
       )
    BEGIN
        IF EXISTS
        (
            SELECT 1
            FROM inbound.inbound_deliveries d
            JOIN inbound.inbound_lines l
                ON l.inbound_id = d.inbound_id
            WHERE l.inbound_line_id IN
            (
                SELECT inbound_line_id FROM inserted
                UNION
                SELECT inbound_line_id FROM deleted
            )
              AND d.inbound_status_code <> 'EXP'
        )
        BEGIN
            THROW 50001, 'ERRINBSTRUCT02', 1;
        END

        RETURN;
    END

    ---------------------------------------------------------------------
    -- 2) UPDATE case – allow claim/receive fields only
    ---------------------------------------------------------------------
    IF EXISTS
    (
        SELECT 1
        FROM inbound.inbound_deliveries d
        JOIN inbound.inbound_lines l
            ON l.inbound_id = d.inbound_id
        WHERE l.inbound_line_id IN
        (
            SELECT inbound_line_id FROM inserted
            UNION
            SELECT inbound_line_id FROM deleted
        )
          AND d.inbound_status_code <> 'EXP'
    )
    BEGIN
        -- Block structural column changes
        IF EXISTS
        (
            SELECT 1
            FROM inserted i
            JOIN deleted d
              ON d.inbound_expected_unit_id = i.inbound_expected_unit_id
            WHERE
                ISNULL(i.inbound_line_id,0) <> ISNULL(d.inbound_line_id,0)
             OR ISNULL(i.expected_external_ref,'') <> ISNULL(d.expected_external_ref,'')
             OR ISNULL(i.expected_quantity,0) <> ISNULL(d.expected_quantity,0)
             OR ISNULL(i.batch_number,'') <> ISNULL(d.batch_number,'')
             OR ISNULL(i.best_before_date,'19000101') <> ISNULL(d.best_before_date,'19000101')
        )
        BEGIN
            THROW 50001, 'ERRINBSTRUCT02', 1;
        END

        -- Enforce allowed expected unit state transitions
        IF EXISTS
        (
            SELECT 1
            FROM inserted i
            JOIN deleted d
              ON d.inbound_expected_unit_id = i.inbound_expected_unit_id
            WHERE ISNULL(i.expected_unit_state_code,'') <> ISNULL(d.expected_unit_state_code,'')
              AND NOT EXISTS
              (
                  SELECT 1
                  FROM inbound.inbound_expected_unit_state_transitions t
                  WHERE t.from_state_code = d.expected_unit_state_code
                    AND t.to_state_code   = i.expected_unit_state_code
              )
        )
        BEGIN
            THROW 50001, 'ERRINBSTRUCT02', 1;
        END
    END
END;
GO


/* =========================================================================================
   Trigger: inbound.trg_inbound_mode_guard
   Prevents inbound_mode_code from being changed once set
========================================================================================= */
GO


-- -----------------------------------------------------------------------------
-- 070_inbound\trg_inbound_lines_guard.sql
-- -----------------------------------------------------------------------------

SET QUOTED_IDENTIFIER ON;
GO

CREATE OR ALTER TRIGGER inbound.trg_inbound_lines_guard
ON inbound.inbound_lines
AFTER INSERT, UPDATE, DELETE
AS
BEGIN
    SET NOCOUNT ON;

    ---------------------------------------------------------------------
    -- 1) Block INSERT or DELETE after activation
    ---------------------------------------------------------------------
    IF (
           (EXISTS (SELECT 1 FROM inserted) AND NOT EXISTS (SELECT 1 FROM deleted))
        OR (EXISTS (SELECT 1 FROM deleted) AND NOT EXISTS (SELECT 1 FROM inserted))
       )
    BEGIN
        IF EXISTS
        (
            SELECT 1
            FROM inbound.inbound_deliveries d
            JOIN inbound.inbound_lines l
                ON l.inbound_id = d.inbound_id
            WHERE l.inbound_line_id IN
            (
                SELECT inbound_line_id FROM inserted
                UNION
                SELECT inbound_line_id FROM deleted
            )
              AND d.inbound_status_code <> 'EXP'
        )
        BEGIN
            THROW 50001, 'ERRINBSTRUCT01', 1;
        END

        RETURN;
    END

    ---------------------------------------------------------------------
    -- 2) UPDATE case – allow operational fields only
    ---------------------------------------------------------------------
    IF EXISTS
    (
        SELECT 1
        FROM inbound.inbound_deliveries d
        JOIN inbound.inbound_lines l
            ON l.inbound_id = d.inbound_id
        WHERE l.inbound_line_id IN
        (
            SELECT inbound_line_id FROM inserted
            UNION
            SELECT inbound_line_id FROM deleted
        )
          AND d.inbound_status_code <> 'EXP'
    )
    BEGIN
        -- Block structural changes
        IF EXISTS
        (
            SELECT 1
            FROM inserted i
            JOIN deleted d
              ON d.inbound_line_id = i.inbound_line_id
            WHERE
                ISNULL(i.inbound_id,0) <> ISNULL(d.inbound_id,0)
             OR ISNULL(i.line_no,0) <> ISNULL(d.line_no,0)
             OR ISNULL(i.sku_id,0) <> ISNULL(d.sku_id,0)
             OR ISNULL(i.expected_qty,0) <> ISNULL(d.expected_qty,0)
             OR ISNULL(i.batch_number,'') <> ISNULL(d.batch_number,'')
             OR ISNULL(i.best_before_date,'19000101') <> ISNULL(d.best_before_date,'19000101')
        )
        BEGIN
            THROW 50001, 'ERRINBSTRUCT01', 1;
        END

        -- Enforce allowed line state transitions
        IF EXISTS
        (
            SELECT 1
            FROM inserted i
            JOIN deleted d
              ON d.inbound_line_id = i.inbound_line_id
            WHERE ISNULL(i.line_state_code,'') <> ISNULL(d.line_state_code,'')
              AND NOT EXISTS
              (
                  SELECT 1
                  FROM inbound.inbound_line_state_transitions t
                  WHERE t.from_state_code = d.line_state_code
                    AND t.to_state_code   = i.line_state_code
              )
        )
        BEGIN
            THROW 50001, 'ERRINBSTRUCT01', 1;
        END
    END
END;
GO

/* =========================================================================================
   Trigger: inbound.trg_inbound_expected_units_guard
   Blocks structural modification of expected units after activation.
   Allows operational claim/receive updates in ACT/RCV/CLS, enforcing allowed transitions.
========================================================================================= */
GO


-- -----------------------------------------------------------------------------
-- 070_inbound\trg_inbound_mode_guard.sql
-- -----------------------------------------------------------------------------

SET QUOTED_IDENTIFIER ON;
GO

CREATE OR ALTER TRIGGER inbound.trg_inbound_mode_guard
ON inbound.inbound_deliveries
AFTER UPDATE
AS
BEGIN
    SET NOCOUNT ON;

    IF EXISTS (
        SELECT 1
        FROM inserted i
        JOIN deleted d ON d.inbound_id = i.inbound_id
        WHERE d.inbound_mode_code IS NOT NULL
          AND i.inbound_mode_code <> d.inbound_mode_code
    )
    BEGIN
        THROW 50001, 'ERRINBMODE01', 1;
    END
END;
GO

CREATE INDEX IX_inbexp_outstanding
ON inbound.inbound_expected_units(expected_external_ref)
WHERE received_inventory_unit_id IS NULL;


/* ============================================================
   warehouse.warehouse_tasks
   ------------------------------------------------------------
   Operational work instructions for warehouse movements.
   One row = one actionable task for an operator.
   ============================================================ */
GO


-- -----------------------------------------------------------------------------
-- 070_inbound\usp_activate_inbound.sql
-- -----------------------------------------------------------------------------

SET QUOTED_IDENTIFIER ON;
GO

CREATE OR ALTER PROCEDURE inbound.usp_activate_inbound
(
    @inbound_id INT,
    @user_id INT = NULL,
    @session_id UNIQUEIDENTIFIER = NULL
)
AS
BEGIN
    SET NOCOUNT ON;
    SET XACT_ABORT ON;

    DECLARE
        @current_status      VARCHAR(3),
        @existing_mode       VARCHAR(6),
        @sscc_line_count     INT,
        @manual_line_count   INT,
        @mode_code           VARCHAR(6);

    BEGIN TRY
        BEGIN TRAN;

        SELECT
            @current_status = inbound_status_code,
            @existing_mode  = inbound_mode_code
        FROM inbound.inbound_deliveries WITH (UPDLOCK, HOLDLOCK)
        WHERE inbound_id = @inbound_id;

        IF @current_status IS NULL
        BEGIN
            SELECT CAST(0 AS BIT) AS success, N'ERRINB01' AS result_code, NULL AS inbound_id;
            ROLLBACK;
            RETURN;
        END

        IF NOT EXISTS
        (
            SELECT 1
            FROM inbound.inbound_status_transitions
            WHERE from_status_code = @current_status
              AND to_status_code   = 'ACT'
        )
        BEGIN
            SELECT CAST(0 AS BIT) AS success, N'ERRINB05' AS result_code, NULL AS inbound_id;
            ROLLBACK;
            RETURN;
        END

        IF NOT EXISTS
        (
            SELECT 1
            FROM inbound.inbound_lines
            WHERE inbound_id = @inbound_id
              AND line_state_code <> 'CNL'
        )
        BEGIN
            SELECT CAST(0 AS BIT) AS success, N'ERRINB03' AS result_code, NULL AS inbound_id;
            ROLLBACK;
            RETURN;
        END

        SELECT
            @sscc_line_count = COUNT(DISTINCT l.inbound_line_id)
        FROM inbound.inbound_lines l
        JOIN inbound.inbound_expected_units eu
            ON eu.inbound_line_id = l.inbound_line_id
        WHERE l.inbound_id = @inbound_id
          AND l.line_state_code <> 'CNL';

        SELECT
            @manual_line_count = COUNT(*)
        FROM inbound.inbound_lines l
        WHERE l.inbound_id = @inbound_id
          AND l.line_state_code <> 'CNL'
          AND NOT EXISTS (
                SELECT 1
                FROM inbound.inbound_expected_units eu
                WHERE eu.inbound_line_id = l.inbound_line_id
          );

        IF @sscc_line_count > 0 AND @manual_line_count > 0
        BEGIN
            SELECT CAST(0 AS BIT) AS success, N'ERRINBHYB01' AS result_code, NULL AS inbound_id;
            ROLLBACK;
            RETURN;
        END

        IF @sscc_line_count > 0
            SET @mode_code = 'SSCC';
        ELSE
            SET @mode_code = 'MANUAL';

        IF @existing_mode IS NOT NULL AND @existing_mode <> @mode_code
        BEGIN
            SELECT CAST(0 AS BIT) AS success, N'ERRINBMODE01' AS result_code, NULL AS inbound_id;
            ROLLBACK;
            RETURN;
        END

        EXEC sys.sp_set_session_context @key = N'user_id',    @value = @user_id;
        EXEC sys.sp_set_session_context @key = N'session_id', @value = @session_id;

        UPDATE inbound.inbound_deliveries
        SET inbound_status_code = 'ACT',
            inbound_mode_code   = @mode_code,
            updated_at          = SYSUTCDATETIME(),
            updated_by          = @user_id
        WHERE inbound_id = @inbound_id;

        COMMIT;

        SELECT CAST(1 AS BIT) AS success, N'SUCINB01' AS result_code, @inbound_id AS inbound_id;

    END TRY
    BEGIN CATCH
        IF @@TRANCOUNT > 0 ROLLBACK;
        SELECT CAST(0 AS BIT) AS success, N'ERRINB99' AS result_code, NULL AS inbound_id;
    END CATCH
END;
GO


-- -----------------------------------------------------------------------------
-- 070_inbound\usp_create_expected_unit.sql
-- -----------------------------------------------------------------------------

SET QUOTED_IDENTIFIER ON;
GO

CREATE OR ALTER PROCEDURE inbound.usp_create_expected_unit
(
    @inbound_ref     NVARCHAR(50),
    @sscc            NVARCHAR(18),
    @quantity        INT,
    @batch_number    NVARCHAR(100)    = NULL,
    @best_before_date DATE            = NULL,
    @user_id         INT              = NULL,
    @session_id      UNIQUEIDENTIFIER = NULL
)
AS
BEGIN
    SET NOCOUNT ON;
    SET XACT_ABORT ON;

    BEGIN TRY
        BEGIN TRAN;

        -- Resolve to the most recent line on this inbound
        DECLARE @inbound_line_id INT = (
            SELECT TOP 1 l.inbound_line_id
            FROM inbound.inbound_lines l
            JOIN inbound.inbound_deliveries d ON d.inbound_id = l.inbound_id
            WHERE d.inbound_ref = @inbound_ref
            ORDER BY l.line_no DESC
        );

        IF @inbound_line_id IS NULL
        BEGIN
            SELECT CAST(0 AS BIT) AS success, N'ERRINB01' AS result_code,
                   NULL AS inbound_expected_unit_id;
            ROLLBACK;
            RETURN;
        END

        -- Duplicate SSCC check within this inbound
        IF EXISTS (
            SELECT 1
            FROM inbound.inbound_expected_units eu
            JOIN inbound.inbound_lines l ON l.inbound_line_id = eu.inbound_line_id
            JOIN inbound.inbound_deliveries d ON d.inbound_id = l.inbound_id
            WHERE d.inbound_ref = @inbound_ref
              AND eu.expected_external_ref = @sscc
        )
        BEGIN
            SELECT CAST(0 AS BIT) AS success, N'ERRINBU01' AS result_code,
                   NULL AS inbound_expected_unit_id;
            ROLLBACK;
            RETURN;
        END

        INSERT INTO inbound.inbound_expected_units
            (inbound_line_id, expected_external_ref, expected_quantity,
             batch_number, best_before_date, created_at, created_by)
        VALUES
            (@inbound_line_id, @sscc, @quantity,
             @batch_number, @best_before_date, SYSUTCDATETIME(), @user_id);

        DECLARE @unit_id INT = SCOPE_IDENTITY();

        COMMIT;

        SELECT CAST(1 AS BIT) AS success, N'SUCINBU01' AS result_code,
               @unit_id AS inbound_expected_unit_id;

    END TRY
    BEGIN CATCH
        IF @@TRANCOUNT > 0 ROLLBACK;
        SELECT CAST(0 AS BIT) AS success, N'ERRINB99' AS result_code,
               NULL AS inbound_expected_unit_id;
    END CATCH
END;
GO
PRINT 'inbound.usp_create_expected_unit created.';
GO

-- ── 5. outbound.usp_create_order (party-code based) ─────────────────────


-- ── 6. outbound.usp_create_shipment (party-code based) ──────────────────


-- ── 7. outbound.usp_add_order_to_shipment (ref-based overload) ──────────


PRINT '------------------------------------------------------------';
PRINT 'API SPs patch complete.';
PRINT '------------------------------------------------------------';
GO

-- ============================================================
-- Bin-to-bin move SPs + putaway confirm fix
-- Merged from WIP: 2026-04-26
-- ============================================================
GO


-- -----------------------------------------------------------------------------
-- 070_inbound\usp_create_inbound_line.sql
-- -----------------------------------------------------------------------------

SET QUOTED_IDENTIFIER ON;
GO

CREATE OR ALTER PROCEDURE inbound.usp_create_inbound_line
(
    @inbound_ref          NVARCHAR(50),
    @sku_code             NVARCHAR(50),
    @expected_qty         INT,
    @batch_number         NVARCHAR(100)    = NULL,
    @best_before_date     DATE             = NULL,
    @arrival_stock_status NVARCHAR(2)      = N'AV',
    @user_id              INT              = NULL,
    @session_id           UNIQUEIDENTIFIER = NULL
)
AS
BEGIN
    SET NOCOUNT ON;
    SET XACT_ABORT ON;

    BEGIN TRY
        BEGIN TRAN;

        DECLARE @inbound_id INT = (
            SELECT inbound_id FROM inbound.inbound_deliveries WHERE inbound_ref = @inbound_ref COLLATE Latin1_General_CS_AS
        );

        IF @inbound_id IS NULL
        BEGIN
            SELECT CAST(0 AS BIT) AS success, N'ERRINB01' AS result_code,
                   NULL AS inbound_line_id, NULL AS inbound_id;
            ROLLBACK;
            RETURN;
        END

        DECLARE @sku_id INT = (
            SELECT sku_id FROM inventory.skus WHERE sku_code = @sku_code AND is_active = 1
        );

        IF @sku_id IS NULL
        BEGIN
            SELECT CAST(0 AS BIT) AS success, N'ERRSKU01' AS result_code,
                   NULL AS inbound_line_id, NULL AS inbound_id;
            ROLLBACK;
            RETURN;
        END

        DECLARE @line_no INT = ISNULL(
            (SELECT MAX(line_no) FROM inbound.inbound_lines WHERE inbound_id = @inbound_id), 0
        ) + 10;

        INSERT INTO inbound.inbound_lines
            (inbound_id, line_no, sku_id, expected_qty, received_qty,
             batch_number, best_before_date, arrival_stock_status_code,
             created_at, created_by)
        VALUES
            (@inbound_id, @line_no, @sku_id, @expected_qty, 0,
             @batch_number, @best_before_date, @arrival_stock_status,
             SYSUTCDATETIME(), @user_id);

        DECLARE @inbound_line_id INT = SCOPE_IDENTITY();

        COMMIT;

        SELECT CAST(1 AS BIT) AS success, N'SUCINBL02' AS result_code,
               @inbound_line_id AS inbound_line_id, @inbound_id AS inbound_id;

    END TRY
    BEGIN CATCH
        IF @@TRANCOUNT > 0 ROLLBACK;
        SELECT CAST(0 AS BIT) AS success, N'ERRINB99' AS result_code,
               NULL AS inbound_line_id, NULL AS inbound_id;
    END CATCH
END;
GO
PRINT 'inbound.usp_create_inbound_line created.';
GO

-- ── 4. inbound.usp_create_expected_unit ─────────────────────────────────
-- Adds an SSCC to the most recently added line on this inbound.
-- If the inbound has multiple lines, the caller must extend this
-- or add a @sku_code parameter to target a specific line.
GO


-- -----------------------------------------------------------------------------
-- 070_inbound\usp_create_inbound.sql
-- -----------------------------------------------------------------------------

SET QUOTED_IDENTIFIER ON;
GO

CREATE OR ALTER PROCEDURE inbound.usp_create_inbound
(
    @inbound_ref         NVARCHAR(50),
    @supplier_party_code NVARCHAR(50),
    @haulier_party_code  NVARCHAR(50)     = NULL,
    @expected_arrival_at DATETIME2(3)     = NULL,
    @user_id             INT              = NULL,
    @session_id          UNIQUEIDENTIFIER = NULL
)
AS
BEGIN
    SET NOCOUNT ON;
    SET XACT_ABORT ON;

    BEGIN TRY
        BEGIN TRAN;

        IF EXISTS (SELECT 1 FROM inbound.inbound_deliveries WHERE inbound_ref = @inbound_ref COLLATE Latin1_General_CS_AS)
        BEGIN
            SELECT CAST(0 AS BIT) AS success, N'ERRINB02' AS result_code, NULL AS inbound_id;
            ROLLBACK;
            RETURN;
        END

        DECLARE @supplier_id INT = (
            SELECT party_id FROM core.parties WHERE party_code = @supplier_party_code
        );

        IF @supplier_id IS NULL
        BEGIN
            SELECT CAST(0 AS BIT) AS success, N'ERRPARTY01' AS result_code, NULL AS inbound_id;
            ROLLBACK;
            RETURN;
        END

        DECLARE @haulier_id INT = NULL;
        IF @haulier_party_code IS NOT NULL
            SET @haulier_id = (
                SELECT party_id FROM core.parties WHERE party_code = @haulier_party_code
            );

        DECLARE @ship_to_id INT = (
            SELECT TOP 1 pa.address_id
            FROM core.party_addresses pa
            JOIN core.parties p ON pa.party_id = p.party_id
            JOIN core.party_roles pr ON pr.party_id = p.party_id
            WHERE pr.role_code = 'WAREHOUSE'
              AND pa.is_primary = 1
        );

        INSERT INTO inbound.inbound_deliveries
            (inbound_ref, supplier_party_id, owner_party_id, haulier_party_id,
             ship_to_address_id, expected_arrival_at, created_at, created_by)
        VALUES
            (@inbound_ref, @supplier_id, @supplier_id, @haulier_id,
             @ship_to_id, @expected_arrival_at, SYSUTCDATETIME(), @user_id);

        DECLARE @inbound_id INT = SCOPE_IDENTITY();

        COMMIT;

        SELECT CAST(1 AS BIT) AS success, N'SUCINB02' AS result_code, @inbound_id AS inbound_id;

    END TRY
    BEGIN CATCH
        IF @@TRANCOUNT > 0 ROLLBACK;
        SELECT CAST(0 AS BIT) AS success, N'ERRINB99' AS result_code, NULL AS inbound_id;
    END CATCH
END;
GO
PRINT 'inbound.usp_create_inbound created.';
GO

-- ── 3. inbound.usp_create_inbound_line ──────────────────────────────────
GO


-- -----------------------------------------------------------------------------
-- 070_inbound\usp_get_inbound_summary.sql
-- -----------------------------------------------------------------------------

SET QUOTED_IDENTIFIER ON;
GO

CREATE OR ALTER PROCEDURE inbound.usp_get_inbound_summary
(
    @inbound_ref NVARCHAR(50)
)
AS
BEGIN
    SET NOCOUNT ON;

    SELECT
        CAST(CASE WHEN d.inbound_id IS NULL THEN 0 ELSE 1 END AS BIT) AS ExistsFlag,
        CAST(CASE WHEN d.inbound_status_code IN ('ACT','RCV') THEN 1 ELSE 0 END AS BIT) AS IsReceivable,
        CAST(
            CASE WHEN EXISTS (
                SELECT 1
                FROM inbound.inbound_expected_units eu
                JOIN inbound.inbound_lines l ON eu.inbound_line_id = l.inbound_line_id
                WHERE l.inbound_id = d.inbound_id AND eu.expected_unit_state_code = 'EXP'
            ) THEN 1 ELSE 0 END
        AS BIT) AS HasExpectedUnits,
        d.inbound_mode_code AS InboundMode
    FROM inbound.inbound_deliveries d
    WHERE d.inbound_ref = @inbound_ref COLLATE Latin1_General_CS_AS;
END
GO

/********************************************************************************************
    PROCEDURE: inbound.usp_validate_sscc_for_receive
    Purpose  : Preview + claim an expected SSCC unit for receiving (CLM window)
               Enforces expected-unit state transitions via inbound.inbound_expected_unit_state_transitions
               Keeps output contract columns 0-19 stable for C# reader mapping
********************************************************************************************/
GO


-- -----------------------------------------------------------------------------
-- 070_inbound\usp_receive_inbound_line.sql
-- -----------------------------------------------------------------------------

SET QUOTED_IDENTIFIER ON;
GO

CREATE OR ALTER PROCEDURE inbound.usp_receive_inbound_line
(
    @inbound_line_id            INT = NULL,
    @received_qty               INT = NULL,
    @staging_bin_code           NVARCHAR(100),
    @inbound_expected_unit_id   INT = NULL,
    @claim_token                UNIQUEIDENTIFIER = NULL,
    @external_ref               NVARCHAR(100) = NULL,
    @batch_number               NVARCHAR(100) = NULL,
    @best_before_date           DATE = NULL,
    @user_id                    INT = NULL,
    @session_id                 UNIQUEIDENTIFIER = NULL
)
AS
BEGIN
    SET NOCOUNT ON;
    SET XACT_ABORT ON;

    EXEC sys.sp_set_session_context @key = N'user_id',    @value = @user_id;
    EXEC sys.sp_set_session_context @key = N'session_id', @value = @session_id;

    DECLARE @is_closed BIT = 0;

    BEGIN TRY
        BEGIN TRAN;

        SET @staging_bin_code = LTRIM(RTRIM(@staging_bin_code)) COLLATE Latin1_General_CS_AS;

        IF NULLIF(@staging_bin_code, N'') IS NULL
        BEGIN
            SELECT CAST(0 AS BIT) AS success, N'ERRINBL07' AS result_code,
                   NULL AS inbound_line_id, NULL AS inbound_id, CAST(0 AS BIT) AS is_closed;
            ROLLBACK;
            RETURN;
        END

        DECLARE @is_sscc_mode BIT =
            CASE WHEN @inbound_expected_unit_id IS NOT NULL THEN 1 ELSE 0 END;

        DECLARE
            @resolved_line_id          INT = NULL,
            @sku_id                    INT = NULL,
            @inbound_id                INT = NULL,
            @expected_qty              INT = NULL,
            @already_received          INT = NULL,
            @line_state                VARCHAR(3),
            @header_status             VARCHAR(3),
            @expected_unit_qty         INT,
            @existing_received_id      INT,
            @now                       DATETIME2(3) = SYSUTCDATETIME(),
            @claim_expires_at          DATETIME2(3),
            @db_claim_token            UNIQUEIDENTIFIER,
            @claimed_session_id        UNIQUEIDENTIFIER,
            @new_received_qty          INT,
            @new_line_state            VARCHAR(3),
            @receipt_id                INT,
            @arrival_status_code       VARCHAR(2),
            /* Capture scanned values before overwrite from expected unit */
            @scanned_best_before_date  DATE           = @best_before_date,
            @scanned_batch_number      NVARCHAR(100)  = @batch_number;

        IF @is_sscc_mode = 1
        BEGIN
            IF @session_id IS NULL OR @claim_token IS NULL
            BEGIN
                SELECT CAST(0 AS BIT) AS success, N'ERRPROC02' AS result_code,
                       NULL AS inbound_line_id, NULL AS inbound_id, CAST(0 AS BIT) AS is_closed;
                ROLLBACK;
                RETURN;
            END

            SELECT
                @resolved_line_id     = eu.inbound_line_id,
                @expected_unit_qty    = eu.expected_quantity,
                @external_ref         = eu.expected_external_ref,
                @batch_number         = eu.batch_number,
                @best_before_date     = eu.best_before_date,
                @existing_received_id = eu.received_inventory_unit_id,
                @claim_expires_at     = eu.claim_expires_at,
                @db_claim_token       = eu.claim_token,
                @claimed_session_id   = eu.claimed_session_id
            FROM inbound.inbound_expected_units eu WITH (UPDLOCK, HOLDLOCK)
            WHERE eu.inbound_expected_unit_id = @inbound_expected_unit_id;

            IF @resolved_line_id IS NULL
            BEGIN
                SELECT CAST(0 AS BIT) AS success, N'ERRSSCC01' AS result_code,
                       NULL AS inbound_line_id, NULL AS inbound_id, CAST(0 AS BIT) AS is_closed;
                ROLLBACK;
                RETURN;
            END

            IF @existing_received_id IS NOT NULL
            BEGIN
                SELECT CAST(0 AS BIT) AS success, N'ERRSSCC06' AS result_code,
                       NULL AS inbound_line_id, NULL AS inbound_id, CAST(0 AS BIT) AS is_closed;
                ROLLBACK;
                RETURN;
            END

            IF @claim_expires_at IS NOT NULL AND @claim_expires_at <= @now
            BEGIN
                SELECT CAST(0 AS BIT) AS success, N'ERRSSCC08' AS result_code,
                       NULL AS inbound_line_id, NULL AS inbound_id, CAST(0 AS BIT) AS is_closed;
                ROLLBACK;
                RETURN;
            END

            IF @claimed_session_id <> @session_id
               OR @db_claim_token <> @claim_token
            BEGIN
                SELECT CAST(0 AS BIT) AS success, N'ERRSSCC08' AS result_code,
                       NULL AS inbound_line_id, NULL AS inbound_id, CAST(0 AS BIT) AS is_closed;
                ROLLBACK;
                RETURN;
            END

            /* ── BBE mismatch — hard block ────────────────────────────────────────────── */
            IF @scanned_best_before_date IS NOT NULL
               AND @best_before_date IS NOT NULL
               AND @scanned_best_before_date <> @best_before_date
            BEGIN
                SELECT CAST(0 AS BIT) AS success, N'ERRINBL09' AS result_code,
                       NULL AS inbound_line_id, NULL AS inbound_id, CAST(0 AS BIT) AS is_closed;
                ROLLBACK;
                RETURN;
            END

            /* ── Batch number mismatch — hard block ───────────────────────────────────── */
            IF @scanned_batch_number IS NOT NULL
               AND @batch_number IS NOT NULL
               AND @scanned_batch_number <> @batch_number
            BEGIN
                SELECT CAST(0 AS BIT) AS success, N'ERRINBL10' AS result_code,
                       NULL AS inbound_line_id, NULL AS inbound_id, CAST(0 AS BIT) AS is_closed;
                ROLLBACK;
                RETURN;
            END

            SET @received_qty = @expected_unit_qty;
        END
        ELSE
        BEGIN
            SET @resolved_line_id = @inbound_line_id;

            IF @resolved_line_id IS NULL
            BEGIN
                SELECT CAST(0 AS BIT) AS success, N'ERRINBL01' AS result_code,
                       NULL AS inbound_line_id, NULL AS inbound_id, CAST(0 AS BIT) AS is_closed;
                ROLLBACK;
                RETURN;
            END

            IF @received_qty IS NULL OR @received_qty <= 0
            BEGIN
                SELECT CAST(0 AS BIT) AS success, N'ERRINBL06' AS result_code,
                       NULL AS inbound_line_id, NULL AS inbound_id, CAST(0 AS BIT) AS is_closed;
                ROLLBACK;
                RETURN;
            END
        END

        SELECT
            @sku_id               = l.sku_id,
            @inbound_id           = l.inbound_id,
            @expected_qty         = l.expected_qty,
            @already_received     = ISNULL(l.received_qty, 0),
            @line_state           = l.line_state_code,
            @arrival_status_code  = l.arrival_stock_status_code
        FROM inbound.inbound_lines l WITH (UPDLOCK, HOLDLOCK)
        WHERE l.inbound_line_id = @resolved_line_id;

        IF (@already_received + @received_qty) > @expected_qty
        BEGIN
            SELECT CAST(0 AS BIT) AS success, N'ERRINBL02' AS result_code,
                   NULL AS inbound_line_id, NULL AS inbound_id, CAST(0 AS BIT) AS is_closed;
            ROLLBACK;
            RETURN;
        END

        /* --------------------------------------------------------
           4c) Duplicate SSCC guard — explicit check before INSERT
           so the unique index violation becomes ERRSSCC02 not ERRINBL99
        -------------------------------------------------------- */
        IF @external_ref IS NOT NULL
           AND EXISTS
           (
               SELECT 1
               FROM inventory.inventory_units
               WHERE external_ref      = @external_ref
                 AND stock_state_code NOT IN ('REV', 'SHP')
           )
        BEGIN
            SELECT CAST(0 AS BIT) AS success, N'ERRSSCC02' AS result_code,
                   NULL AS inbound_line_id, NULL AS inbound_id, CAST(0 AS BIT) AS is_closed;
            ROLLBACK;
            RETURN;
        END

        DECLARE @inventory_unit_id INT;

        INSERT INTO inventory.inventory_units
        (
            sku_id, external_ref, batch_number, best_before_date,
            quantity, stock_state_code, stock_status_code,
            created_at, created_by
        )
        VALUES
        (
            @sku_id, @external_ref, @batch_number, @best_before_date,
            @received_qty, 'RCD', @arrival_status_code,
            SYSUTCDATETIME(), @user_id
        );

        SET @inventory_unit_id = SCOPE_IDENTITY();

        DECLARE @staging_bin_id INT;

        SELECT @staging_bin_id = bin_id
        FROM locations.bins
        WHERE bin_code = LTRIM(RTRIM(@staging_bin_code)) COLLATE Latin1_General_CS_AS
          AND is_active = 1;

        IF @staging_bin_id IS NULL
        BEGIN
            SELECT CAST(0 AS BIT) AS success, N'ERRINBL08' AS result_code,
                   NULL AS inbound_line_id, NULL AS inbound_id, CAST(0 AS BIT) AS is_closed;
            ROLLBACK;
            RETURN;
        END

        INSERT INTO inventory.inventory_placements
        (inventory_unit_id, bin_id, placed_at, placed_by)
        VALUES
        (@inventory_unit_id, @staging_bin_id, SYSUTCDATETIME(), @user_id);

        IF @is_sscc_mode = 1
        BEGIN
            UPDATE inbound.inbound_expected_units
            SET received_inventory_unit_id = @inventory_unit_id,
                expected_unit_state_code   = 'RCV'
            WHERE inbound_expected_unit_id = @inbound_expected_unit_id;
        END

        SET @new_received_qty = @already_received + @received_qty;

        SET @new_line_state =
            CASE
                WHEN @new_received_qty < @expected_qty THEN 'PRC'
                ELSE 'RCV'
            END;

        UPDATE inbound.inbound_lines
        SET received_qty    = @new_received_qty,
            line_state_code = @new_line_state,
            updated_at      = SYSUTCDATETIME(),
            updated_by      = @user_id
        WHERE inbound_line_id = @resolved_line_id;

        IF @@ROWCOUNT = 0
        BEGIN
            SELECT CAST(0 AS BIT) AS success, N'ERRINBL_UPDATE_MISS' AS result_code,
                   @resolved_line_id AS inbound_line_id, NULL AS inbound_id, CAST(0 AS BIT) AS is_closed;
            ROLLBACK;
            RETURN;
        END

        INSERT INTO inbound.inbound_receipts
        (
            inbound_line_id, inbound_expected_unit_id, inventory_unit_id,
            received_qty, received_at, received_by_user_id, session_id
        )
        VALUES
        (
            @resolved_line_id, @inbound_expected_unit_id, @inventory_unit_id,
            @received_qty, SYSUTCDATETIME(), @user_id, @session_id
        );

        SET @receipt_id = SCOPE_IDENTITY();

        INSERT INTO inventory.inventory_movements
        (
            inventory_unit_id, sku_id, moved_qty,
            from_bin_id, to_bin_id,
            from_state_code, to_state_code,
            from_status_code, to_status_code,
            movement_type, reference_type, reference_id,
            moved_at, moved_by_user_id, session_id
        )
        VALUES
        (
            @inventory_unit_id, @sku_id, @received_qty,
            NULL, @staging_bin_id,
            NULL, 'RCD',
            NULL, @arrival_status_code,
            'INBOUND', 'RECEIPT', @receipt_id,
            SYSUTCDATETIME(), @user_id, @session_id
        );

        IF NOT EXISTS
        (
            SELECT 1
            FROM inbound.inbound_lines
            WHERE inbound_id = @inbound_id
              AND line_state_code NOT IN ('RCV','CNL')
        )
        BEGIN
            UPDATE inbound.inbound_deliveries
            SET inbound_status_code = 'CLS',
                updated_at          = SYSUTCDATETIME(),
                updated_by          = @user_id
            WHERE inbound_id = @inbound_id;

            SET @is_closed = 1;
        END

        COMMIT;

        SELECT
            CAST(1 AS BIT)       AS success,
            N'SUCINBL01'         AS result_code,
            @resolved_line_id    AS inbound_line_id,
            @inbound_id          AS inbound_id,
            @is_closed           AS is_closed;

    END TRY
    BEGIN CATCH
        IF @@TRANCOUNT > 0 ROLLBACK;

        SELECT
            CAST(0 AS BIT)  AS success,
            N'ERRINBL99'    AS result_code,
            NULL            AS inbound_line_id,
            NULL            AS inbound_id,
            CAST(0 AS BIT)  AS is_closed;
    END CATCH
END;
GO


-- -----------------------------------------------------------------------------
-- 070_inbound\usp_reverse_inbound_receipt.sql
-- -----------------------------------------------------------------------------

SET QUOTED_IDENTIFIER ON;
GO

CREATE OR ALTER PROCEDURE inbound.usp_reverse_inbound_receipt
(
    @receipt_id      INT,
    @reason_code     NVARCHAR(50) = NULL,
    @reason_text     NVARCHAR(400) = NULL,
    @user_id         INT = NULL,
    @session_id      UNIQUEIDENTIFIER = NULL
)
AS
BEGIN
    SET NOCOUNT ON;
    SET XACT_ABORT ON;

    EXEC sys.sp_set_session_context @key = N'user_id',    @value = @user_id;
    EXEC sys.sp_set_session_context @key = N'session_id', @value = @session_id;

    DECLARE
        @inbound_id               INT,
        @inbound_line_id          INT,
        @inbound_expected_unit_id INT,
        @inventory_unit_id        INT,
        @received_qty             INT,
        @reversal_receipt_id      INT,
        @header_reopened          BIT = 0,
        @old_header_status        VARCHAR(3),
        @new_header_status        VARCHAR(3);

    BEGIN TRY
        BEGIN TRAN;

        SELECT
            @inbound_line_id          = r.inbound_line_id,
            @inbound_expected_unit_id = r.inbound_expected_unit_id,
            @inventory_unit_id        = r.inventory_unit_id,
            @received_qty             = r.received_qty
        FROM inbound.inbound_receipts r WITH (UPDLOCK, HOLDLOCK)
        WHERE r.receipt_id = @receipt_id
          AND r.is_reversal = 0;

        IF @inbound_line_id IS NULL
        BEGIN
            SELECT CAST(0 AS BIT) AS success, N'ERRINBREV01' AS result_code,
                   NULL AS inbound_id, NULL AS inbound_line_id,
                   NULL AS receipt_id, NULL AS reversal_receipt_id,
                   NULL AS inventory_unit_id, CAST(0 AS BIT) AS header_reopened;
            ROLLBACK;
            RETURN;
        END

        IF EXISTS
        (
            SELECT 1
            FROM inbound.inbound_receipts
            WHERE receipt_id = @receipt_id
              AND reversed_receipt_id IS NOT NULL
        )
        BEGIN
            SELECT CAST(0 AS BIT) AS success, N'ERRINBREV02' AS result_code,
                   NULL AS inbound_id, NULL AS inbound_line_id,
                   @receipt_id AS receipt_id, NULL AS reversal_receipt_id,
                   NULL AS inventory_unit_id, CAST(0 AS BIT) AS header_reopened;
            ROLLBACK;
            RETURN;
        END

        SELECT @inbound_id = inbound_id
        FROM inbound.inbound_lines
        WHERE inbound_line_id = @inbound_line_id;

        SELECT @old_header_status = inbound_status_code
        FROM inbound.inbound_deliveries WITH (UPDLOCK, HOLDLOCK)
        WHERE inbound_id = @inbound_id;

        DECLARE
            @sku_id               INT,
            @from_bin_id          INT,
            @unit_status_code     VARCHAR(2),
            @original_movement_id INT;

        SELECT
            @sku_id           = iu.sku_id,
            @unit_status_code = iu.stock_status_code,
            @from_bin_id      = ip.bin_id
        FROM inventory.inventory_units iu
        LEFT JOIN inventory.inventory_placements ip
            ON ip.inventory_unit_id = iu.inventory_unit_id
        WHERE iu.inventory_unit_id = @inventory_unit_id;

        SELECT @original_movement_id = movement_id
        FROM inventory.inventory_movements
        WHERE inventory_unit_id = @inventory_unit_id
          AND movement_type     = 'INBOUND'
          AND is_reversal       = 0;

        UPDATE inventory.inventory_units
        SET stock_state_code = 'REV',
            updated_at       = SYSUTCDATETIME(),
            updated_by       = @user_id
        WHERE inventory_unit_id = @inventory_unit_id;

        IF @@ROWCOUNT = 0
        BEGIN
            SELECT CAST(0 AS BIT) AS success, N'ERRINBREV03' AS result_code,
                   @inbound_id AS inbound_id, @inbound_line_id AS inbound_line_id,
                   @receipt_id AS receipt_id, NULL AS reversal_receipt_id,
                   @inventory_unit_id AS inventory_unit_id, CAST(0 AS BIT) AS header_reopened;
            ROLLBACK;
            RETURN;
        END

        DELETE FROM inventory.inventory_placements
        WHERE inventory_unit_id = @inventory_unit_id;

        INSERT INTO inventory.inventory_movements
        (
            inventory_unit_id, sku_id, moved_qty,
            from_bin_id, to_bin_id,
            from_state_code, to_state_code,
            from_status_code, to_status_code,
            movement_type, reference_type, reference_id,
            moved_at, moved_by_user_id, session_id,
            is_reversal, reversed_movement_id
        )
        VALUES
        (
            @inventory_unit_id, @sku_id, @received_qty,
            @from_bin_id, NULL,
            'RCD', 'REV',
            @unit_status_code, @unit_status_code,
            'REVERSAL', 'INBOUND', @receipt_id,
            SYSUTCDATETIME(), @user_id, @session_id,
            1, @original_movement_id
        );

        IF @inbound_expected_unit_id IS NOT NULL
        BEGIN
            UPDATE inbound.inbound_expected_units
            SET received_inventory_unit_id = NULL,
                expected_unit_state_code   = 'EXP',
                claimed_session_id         = NULL,
                claimed_by_user_id         = NULL,
                claimed_at                 = NULL,
                claim_expires_at           = NULL,
                claim_token                = NULL,
                updated_at                 = SYSUTCDATETIME(),
                updated_by                 = @user_id
            WHERE inbound_expected_unit_id = @inbound_expected_unit_id;
        END

        INSERT INTO inbound.inbound_receipts
        (
            inbound_line_id, inbound_expected_unit_id, inventory_unit_id,
            received_qty, received_by_user_id, session_id,
            received_at, is_reversal, reversed_receipt_id
        )
        VALUES
        (
            @inbound_line_id, @inbound_expected_unit_id, @inventory_unit_id,
            @received_qty, @user_id, @session_id,
            SYSUTCDATETIME(), 1, @receipt_id
        );

        SET @reversal_receipt_id = SCOPE_IDENTITY();

        UPDATE inbound.inbound_receipts
        SET reversed_receipt_id = @reversal_receipt_id
        WHERE receipt_id = @receipt_id;

        UPDATE l
        SET
            received_qty =
            (
                SELECT ISNULL(SUM(
                    CASE
                        WHEN r.is_reversal = 0 THEN r.received_qty
                        ELSE -r.received_qty
                    END), 0)
                FROM inbound.inbound_receipts r
                WHERE r.inbound_line_id = l.inbound_line_id
            ),
            line_state_code =
            CASE
                WHEN (
                    SELECT ISNULL(SUM(
                        CASE
                            WHEN r.is_reversal = 0 THEN r.received_qty
                            ELSE -r.received_qty
                        END), 0)
                    FROM inbound.inbound_receipts r
                    WHERE r.inbound_line_id = l.inbound_line_id
                ) = 0 THEN 'EXP'
                WHEN (
                    SELECT ISNULL(SUM(
                        CASE
                            WHEN r.is_reversal = 0 THEN r.received_qty
                            ELSE -r.received_qty
                        END), 0)
                    FROM inbound.inbound_receipts r
                    WHERE r.inbound_line_id = l.inbound_line_id
                ) < l.expected_qty THEN 'PRC'
                ELSE 'RCV'
            END,
            updated_at = SYSUTCDATETIME(),
            updated_by = @user_id
        FROM inbound.inbound_lines l
        WHERE l.inbound_line_id = @inbound_line_id;

        SET @new_header_status = 'ACT';

        IF EXISTS
        (
            SELECT 1 FROM inbound.inbound_lines
            WHERE inbound_id = @inbound_id AND line_state_code IN ('PRC','RCV')
        )
            SET @new_header_status = 'RCV';

        IF NOT EXISTS
        (
            SELECT 1 FROM inbound.inbound_lines
            WHERE inbound_id = @inbound_id AND line_state_code NOT IN ('RCV','CNL')
        )
            SET @new_header_status = 'CLS';

        UPDATE inbound.inbound_deliveries
        SET inbound_status_code = @new_header_status,
            updated_at          = SYSUTCDATETIME(),
            updated_by          = @user_id
        WHERE inbound_id = @inbound_id;

        IF @old_header_status = 'CLS' AND @new_header_status <> 'CLS'
            SET @header_reopened = 1;

        COMMIT;

        SELECT
            CAST(1 AS BIT)        AS success,
            N'SUCINBREV01'        AS result_code,
            @inbound_id           AS inbound_id,
            @inbound_line_id      AS inbound_line_id,
            @receipt_id           AS receipt_id,
            @reversal_receipt_id  AS reversal_receipt_id,
            @inventory_unit_id    AS inventory_unit_id,
            @header_reopened      AS header_reopened;

    END TRY
    BEGIN CATCH
        IF @@TRANCOUNT > 0 ROLLBACK;
        SELECT
            CAST(0 AS BIT)  AS success, N'ERRINBREV99'  AS result_code,
            NULL AS inbound_id, NULL AS inbound_line_id,
            @receipt_id AS receipt_id, NULL AS reversal_receipt_id,
            NULL AS inventory_unit_id, CAST(0 AS BIT) AS header_reopened;
    END CATCH
END;
GO

DECLARE @SystemUserId INT = (SELECT id FROM auth.users WHERE username = 'system');
DECLARE @OutputId INT;
/* ========================================================
   AUDIT FOUNDATION (CLEAN BOOTSTRAP)
======================================================== */

----------------------------------------------------------
-- 1. EVENT CATALOG
----------------------------------------------------------
IF OBJECT_ID('audit.event_catalog') IS NULL
BEGIN
    CREATE TABLE audit.event_catalog
    (
        event_name NVARCHAR(200) PRIMARY KEY,
        description NVARCHAR(500) NOT NULL,
        is_active BIT NOT NULL DEFAULT 1
    );
END;

----------------------------------------------------------
-- 2. EVENT CATALOG SEED
----------------------------------------------------------
INSERT INTO audit.event_catalog (event_name, description)
SELECT v.event_name, v.description
FROM (VALUES

    ('auth.login', 'User login attempt'),
    ('auth.password.changed', 'User password updated'),

    ('user.created', 'User account created'),
    ('user.status.updated', 'User enabled or disabled'),
    ('user.password.reset', 'Admin password reset'),

    ('session.created', 'Session started'),
    ('session.touched', 'Session activity recorded'),
    ('session.ended', 'Session ended'),
    ('session.logout', 'User logout'),

    ('system.setting.updated', 'System configuration updated'),
    ('system.error.occurred', 'Unhandled system error'),

    ('trace.session', 'Session trace heartbeat'),
    ('trace.action', 'Generic trace action')

) v(event_name, description)
WHERE NOT EXISTS (
    SELECT 1 FROM audit.event_catalog e WHERE e.event_name = v.event_name
);

----------------------------------------------------------
-- 3. RESULT CODE TABLE
----------------------------------------------------------
IF OBJECT_ID('audit.event_result_codes') IS NULL
BEGIN
    CREATE TABLE audit.event_result_codes
    (
        event_name NVARCHAR(200) NOT NULL,
        result_code NVARCHAR(50) NOT NULL,
        PRIMARY KEY (event_name, result_code),
        FOREIGN KEY (event_name) REFERENCES audit.event_catalog(event_name)
    );
END;

----------------------------------------------------------
-- 4. RESULT CODE SEED (ALL DOMAINS)
----------------------------------------------------------
INSERT INTO audit.event_result_codes (event_name, result_code)
SELECT v.event_name, v.result_code
FROM (VALUES

    -- auth.login
    ('auth.login', 'SUCCESS'),
    ('auth.login', 'INVALID_PASSWORD'),
    ('auth.login', 'USER_DISABLED'),
    ('auth.login', 'USER_LOCKED'),
    ('auth.login', 'USER_TERMINAL_LOCK'),
    ('auth.login', 'ALREADY_LOGGED_IN'),
    ('auth.login', 'PASSWORD_CHANGE_REQUIRED'),
    ('auth.login', 'ERROR'),

    -- user.created
    ('user.created', 'SUCCESS'),
    ('user.created', 'DUPLICATE_USERNAME'),
    ('user.created', 'DUPLICATE_EMAIL'),
    ('user.created', 'INVALID_ROLE'),
    ('user.created', 'ERROR'),

    -- user.status.updated
    ('user.status.updated', 'SUCCESS'),
    ('user.status.updated', 'NOT_FOUND'),
    ('user.status.updated', 'ERROR'),

    -- user.password.reset
    ('user.password.reset', 'SUCCESS'),
    ('user.password.reset', 'NOT_FOUND'),
    ('user.password.reset', 'VALIDATION_FAILED'),
    ('user.password.reset', 'ERROR'),

    -- session.logout
    ('session.logout', 'SUCCESS'),
    ('session.logout', 'NOT_FOUND'),
    ('session.logout', 'ALREADY_ENDED'),
    ('session.logout', 'ERROR'),

    -- session.touched
    ('session.touched', 'SUCCESS'),
    ('session.touched', 'SESSION_EXPIRED'),

    -- session.ended
    ('session.ended', 'SUCCESS'),

    -- settings
    ('system.setting.updated', 'SUCCESS'),
    ('system.setting.updated', 'VALIDATION_FAILED'),
    ('system.setting.updated', 'ERROR'),

    -- system error
    ('system.error.occurred', 'UNHANDLED_EXCEPTION')

) v(event_name, result_code)
WHERE NOT EXISTS (
    SELECT 1
    FROM audit.event_result_codes e
    WHERE e.event_name = v.event_name
      AND e.result_code = v.result_code
);

----------------------------------------------------------
-- 5. FK FROM audit_events → catalog
----------------------------------------------------------
IF NOT EXISTS (
    SELECT 1 FROM sys.foreign_keys WHERE name = 'FK_audit_events_event_name'
)
BEGIN
    ALTER TABLE audit.audit_events
    ADD CONSTRAINT FK_audit_events_event_name
    FOREIGN KEY (event_name)
    REFERENCES audit.event_catalog(event_name);
END;

----------------------------------------------------------
-- 6. VALIDATION FUNCTION
----------------------------------------------------------
-- Drop check constraint before dropping function it references
IF EXISTS (SELECT 1 FROM sys.check_constraints WHERE name = 'CK_audit_events_valid_result_code')
    ALTER TABLE audit.audit_events DROP CONSTRAINT CK_audit_events_valid_result_code;

IF OBJECT_ID('audit.fn_is_valid_result_code') IS NOT NULL
    DROP FUNCTION audit.fn_is_valid_result_code;
GO

CREATE FUNCTION audit.fn_is_valid_result_code
(
    @event_name NVARCHAR(200),
    @result_code NVARCHAR(50)
)
RETURNS BIT
AS
BEGIN
    RETURN (
        SELECT CASE 
            WHEN EXISTS (
                SELECT 1
                FROM audit.event_result_codes
                WHERE event_name = @event_name
                  AND result_code = @result_code
            )
            THEN 1 ELSE 0 END
    );
END;
GO

----------------------------------------------------------
-- 7. CHECK CONSTRAINT
----------------------------------------------------------
IF NOT EXISTS (
    SELECT 1 FROM sys.check_constraints
    WHERE name = 'CK_audit_events_valid_result_code'
)
BEGIN
    ALTER TABLE audit.audit_events
    ADD CONSTRAINT CK_audit_events_valid_result_code
    CHECK (audit.fn_is_valid_result_code(event_name, result_code) = 1);
END;

----------------------------------------------------------
-- 8. TRACE TABLE
----------------------------------------------------------
IF OBJECT_ID('audit.trace_logs') IS NULL
BEGIN
    CREATE TABLE audit.trace_logs
    (
        trace_id        BIGINT IDENTITY PRIMARY KEY,
        occurred_at     DATETIME2 NOT NULL DEFAULT SYSUTCDATETIME(),
        correlation_id  UNIQUEIDENTIFIER NULL,
        user_id         INT NULL,
        session_id      UNIQUEIDENTIFIER NULL,
        level           NVARCHAR(10) NOT NULL,
        action          NVARCHAR(200) NOT NULL,
        payload_json    NVARCHAR(MAX) NULL
    );
END;

----------------------------------------------------------
-- 9. TRACE PROCEDURE
----------------------------------------------------------
IF OBJECT_ID('audit.usp_log_trace') IS NOT NULL
    DROP PROCEDURE audit.usp_log_trace;
GO

CREATE PROCEDURE audit.usp_log_trace
(
    @correlation_id UNIQUEIDENTIFIER = NULL,
    @user_id        INT = NULL,
    @session_id     UNIQUEIDENTIFIER = NULL,
    @level          NVARCHAR(10),
    @action         NVARCHAR(200),
    @payload_json   NVARCHAR(MAX) = NULL
)
AS
BEGIN
    SET NOCOUNT ON;

    SET @level  = UPPER(LTRIM(RTRIM(@level)));
    SET @action = LTRIM(RTRIM(@action));

    IF @level NOT IN ('INFO', 'WARN', 'ERROR')
        THROW 51001, 'audit.usp_log_trace: invalid level.', 1;

    IF @action IS NULL OR @action = ''
        THROW 51002, 'audit.usp_log_trace: action is required.', 1;

    IF @payload_json IS NOT NULL AND ISJSON(@payload_json) <> 1
        THROW 51003, 'audit.usp_log_trace: payload must be valid JSON.', 1;

    INSERT INTO audit.trace_logs
    (
        occurred_at,
        correlation_id,
        user_id,
        session_id,
        level,
        action,
        payload_json
    )
    VALUES
    (
        SYSUTCDATETIME(),
        @correlation_id,
        @user_id,
        @session_id,
        @level,
        @action,
        @payload_json
    );
END;
GO

/* ========================================================
   EVENT RESULT CODES (IDEMPOTENT INSERT)
======================================================== */

/* ========================================================
   EVENT CATALOG TABLE
======================================================== */

IF OBJECT_ID('audit.event_catalog') IS NULL
BEGIN
    CREATE TABLE audit.event_catalog
    (
        event_name NVARCHAR(200) PRIMARY KEY,
        description NVARCHAR(500) NOT NULL,
        is_active BIT NOT NULL DEFAULT 1
    );
END;

/* ========================================================
   AUTH RESULT MAPPING FUNCTION
======================================================== */

IF OBJECT_ID('audit.fn_map_auth_result') IS NOT NULL
    DROP FUNCTION audit.fn_map_auth_result;
GO

CREATE FUNCTION audit.fn_map_auth_result
(
    @result_code NVARCHAR(20)
)
RETURNS TABLE
AS
RETURN
(
    SELECT
        event_result_code =
            CASE
                WHEN @result_code = 'SUCAUTH01' THEN 'SUCCESS'

                WHEN @result_code = 'ERRAUTH01' THEN 'INVALID_PASSWORD'
                WHEN @result_code = 'ERRAUTH02' THEN 'USER_DISABLED'
                WHEN @result_code = 'ERRAUTH05' THEN 'ALREADY_LOGGED_IN'
                WHEN @result_code = 'ERRAUTH07' THEN 'USER_LOCKED'
                WHEN @result_code = 'ERRAUTH08' THEN 'USER_TERMINAL_LOCK'
                WHEN @result_code = 'ERRAUTH09' THEN 'PASSWORD_CHANGE_REQUIRED'

                ELSE 'ERROR'
            END,

        event_success =
            CASE
                WHEN @result_code = 'SUCAUTH01' THEN 1
                ELSE 0
            END
);
GO


/* ========================================================
   CHECK CONSTRAINT (SAFE ADD)
======================================================== */

IF NOT EXISTS (
    SELECT 1
    FROM sys.check_constraints
    WHERE name = 'CK_audit_events_valid_result_code'
)
BEGIN
    ALTER TABLE audit.audit_events
    ADD CONSTRAINT CK_audit_events_valid_result_code
    CHECK (audit.fn_is_valid_result_code(event_name, result_code) = 1);
END;
GO

IF OBJECT_ID('audit.fn_map_user_result') IS NOT NULL
    DROP FUNCTION audit.fn_map_user_result;
GO

CREATE FUNCTION audit.fn_map_user_result
(
    @result_code NVARCHAR(20)
)
RETURNS TABLE
AS
RETURN
(
    SELECT
        event_result_code =
            CASE
                WHEN @result_code = 'SUCAUTHUSR01' THEN 'SUCCESS'
                WHEN @result_code = 'ERRAUTHUSR01' THEN 'DUPLICATE_USERNAME'
                WHEN @result_code = 'ERRAUTHUSR04' THEN 'DUPLICATE_EMAIL'
                WHEN @result_code = 'ERRAUTHUSR02' THEN 'INVALID_ROLE'
                WHEN @result_code = 'ERRUSR01' THEN 'NOT_FOUND'
                WHEN @result_code = 'SUCUSR01' THEN 'SUCCESS'
                WHEN @result_code = 'ERRAUTH02' THEN 'NOT_FOUND'
                WHEN @result_code = 'SUCAUTH10' THEN 'SUCCESS'
                WHEN @result_code LIKE 'ERRAUTH%' THEN 'VALIDATION_FAILED'
                WHEN @result_code = 'SUCAUTH03' THEN 'SUCCESS'
                WHEN @result_code = 'ERRAUTH06' THEN 'NOT_FOUND'
                ELSE 'ERROR'
            END,

        event_success =
            CASE
                WHEN @result_code = 'SUCAUTHUSR01' THEN 1
                ELSE 0
            END
);
GO

/* ============================================================
   10. CREATE USER (provisioning)
   ============================================================*/
GO


-- -----------------------------------------------------------------------------
-- 070_inbound\usp_validate_sscc_for_receive.sql
-- -----------------------------------------------------------------------------

SET QUOTED_IDENTIFIER ON;
GO

CREATE OR ALTER PROCEDURE inbound.usp_validate_sscc_for_receive
(
    @external_ref             NVARCHAR(100),
    @staging_bin_code         NVARCHAR(100),
    @scanned_best_before_date DATE          = NULL,
    @scanned_batch_number     NVARCHAR(100) = NULL,
    @restrict_to_inbound_ref  NVARCHAR(50)  = NULL,
    @user_id                  INT           = NULL,
    @session_id               UNIQUEIDENTIFIER = NULL
)
AS
BEGIN
    SET NOCOUNT ON;
    SET XACT_ABORT ON;

    DECLARE
        @success                  BIT              = 0,
        @result_code              NVARCHAR(20)     = NULL,
        @inbound_expected_unit_id INT              = NULL,
        @inbound_line_id          INT              = NULL,
        @inbound_ref              NVARCHAR(50)     = NULL,
        @header_status            VARCHAR(3)       = NULL,
        @line_state               VARCHAR(3)       = NULL,
        @sku_code                 NVARCHAR(50)     = NULL,
        @sku_description          NVARCHAR(200)    = NULL,
        @expected_unit_qty        INT              = NULL,
        @line_expected_qty        INT              = NULL,
        @line_received_qty        INT              = NULL,
        @arrival_status_code      VARCHAR(2)       = NULL,
        @batch_number             NVARCHAR(100)    = NULL,
        @best_before_date         DATE             = NULL,
        @received_inventory_id    INT              = NULL,

        @expected_unit_state      VARCHAR(3)       = NULL,

        @claimed_session_id       UNIQUEIDENTIFIER = NULL,
        @claimed_by_user_id       INT              = NULL,
        @claim_expires_at         DATETIME2(3)     = NULL,
        @claim_token              UNIQUEIDENTIFIER = NULL,

        @ttl_seconds              INT              = NULL,
        @now                      DATETIME2(3)     = SYSUTCDATETIME();

    ----------------------------------------------------------------------
    -- TTL seconds
    ----------------------------------------------------------------------
    SELECT @ttl_seconds = TRY_CONVERT(INT, s.setting_value)
    FROM operations.settings s
    WHERE s.setting_name = 'inbound.sscc_claim_ttl_seconds';

    IF @ttl_seconds IS NULL OR @ttl_seconds <= 0
        SET @ttl_seconds = 30;

    ----------------------------------------------------------------------
    -- 0) Cleanup expired claims
    ----------------------------------------------------------------------
    UPDATE inbound.inbound_expected_units
    SET expected_unit_state_code = 'EXP',
        claimed_session_id       = NULL,
        claimed_by_user_id       = NULL,
        claimed_at               = NULL,
        claim_expires_at         = NULL,
        claim_token              = NULL
    WHERE claim_expires_at IS NOT NULL
      AND claim_expires_at < @now
      AND received_inventory_unit_id IS NULL
      AND expected_unit_state_code = 'CLM';

    BEGIN TRY
        ------------------------------------------------------------------
        -- 1) Resolve expected unit
        ------------------------------------------------------------------
        SELECT TOP (1)
            @inbound_line_id          = l.inbound_line_id,
            @inbound_ref              = d.inbound_ref,
            @header_status            = d.inbound_status_code,
            @line_state               = l.line_state_code,
            @sku_code                 = s.sku_code,
            @sku_description          = s.sku_description,
            @expected_unit_qty        = eu.expected_quantity,
            @line_expected_qty        = l.expected_qty,
            @line_received_qty        = ISNULL(l.received_qty, 0),
            @batch_number             = eu.batch_number,
            @best_before_date         = eu.best_before_date,
            @received_inventory_id    = eu.received_inventory_unit_id,
            @expected_unit_state      = eu.expected_unit_state_code,
            @inbound_expected_unit_id = eu.inbound_expected_unit_id,
            @claimed_session_id       = eu.claimed_session_id,
            @claimed_by_user_id       = eu.claimed_by_user_id,
            @claim_expires_at         = eu.claim_expires_at,
            @claim_token              = eu.claim_token,
            @arrival_status_code      = l.arrival_stock_status_code
        FROM inbound.inbound_expected_units eu
        JOIN inbound.inbound_lines l
            ON eu.inbound_line_id = l.inbound_line_id
        JOIN inbound.inbound_deliveries d
            ON l.inbound_id = d.inbound_id
        JOIN inventory.skus s
            ON l.sku_id = s.sku_id
        WHERE eu.expected_external_ref = LTRIM(RTRIM(@external_ref))
          AND (@restrict_to_inbound_ref IS NULL
               OR d.inbound_ref COLLATE Latin1_General_CS_AS = @restrict_to_inbound_ref);

        IF @inbound_line_id IS NULL
        BEGIN
            SELECT
                CAST(0 AS BIT)  AS success,
                N'ERRSSCC01'    AS result_code,
                NULL AS inbound_expected_unit_id, NULL AS inbound_line_id,
                NULL AS inbound_ref,              NULL AS header_status,
                NULL AS line_state,               NULL AS sku_code,
                NULL AS sku_description,          NULL AS expected_unit_qty,
                NULL AS line_expected_qty,        NULL AS line_received_qty,
                NULL AS outstanding_before,       NULL AS outstanding_after,
                NULL AS batch_number,             NULL AS best_before_date,
                NULL AS claimed_session_id,       NULL AS claimed_by_user_id,
                NULL AS claim_expires_at,         NULL AS claim_token,
                NULL AS arrival_stock_status_code;
            RETURN;
        END;

        ------------------------------------------------------------------
        -- 2) Already received?
        ------------------------------------------------------------------
        IF @received_inventory_id IS NOT NULL
        BEGIN
            SELECT
                CAST(0 AS BIT)  AS success,
                N'ERRSSCC06'    AS result_code,
                @inbound_expected_unit_id AS inbound_expected_unit_id,
                @inbound_line_id          AS inbound_line_id,
                @inbound_ref              AS inbound_ref,
                @header_status            AS header_status,
                @line_state               AS line_state,
                @sku_code                 AS sku_code,
                @sku_description          AS sku_description,
                @expected_unit_qty        AS expected_unit_qty,
                @line_expected_qty        AS line_expected_qty,
                @line_received_qty        AS line_received_qty,
                (@line_expected_qty - @line_received_qty)           AS outstanding_before,
                (@line_expected_qty - @line_received_qty)           AS outstanding_after,
                @batch_number             AS batch_number,
                @best_before_date         AS best_before_date,
                NULL AS claimed_session_id, NULL AS claimed_by_user_id,
                NULL AS claim_expires_at,   NULL AS claim_token,
                NULL AS arrival_stock_status_code;
            RETURN;
        END;

        ------------------------------------------------------------------
        -- 3) Header lifecycle check
        ------------------------------------------------------------------
        IF @header_status NOT IN ('ACT','RCV')
        BEGIN
            SELECT
                CAST(0 AS BIT)  AS success,
                N'ERRINBL04'    AS result_code,
                @inbound_expected_unit_id AS inbound_expected_unit_id,
                @inbound_line_id          AS inbound_line_id,
                @inbound_ref              AS inbound_ref,
                @header_status            AS header_status,
                @line_state               AS line_state,
                @sku_code                 AS sku_code,
                @sku_description          AS sku_description,
                @expected_unit_qty        AS expected_unit_qty,
                @line_expected_qty        AS line_expected_qty,
                @line_received_qty        AS line_received_qty,
                (@line_expected_qty - @line_received_qty)           AS outstanding_before,
                (@line_expected_qty - @line_received_qty)           AS outstanding_after,
                @batch_number             AS batch_number,
                @best_before_date         AS best_before_date,
                NULL AS claimed_session_id, NULL AS claimed_by_user_id,
                NULL AS claim_expires_at,   NULL AS claim_token,
                NULL AS arrival_stock_status_code;
            RETURN;
        END;

        ------------------------------------------------------------------
        -- 4.1) Active claim exists -> reject
        ------------------------------------------------------------------
        IF @claimed_session_id IS NOT NULL
           AND @claim_expires_at IS NOT NULL
           AND @claim_expires_at >= DATEADD(SECOND, -1, @now)
        BEGIN
            SELECT
                CAST(0 AS BIT)  AS success,
                N'ERRSSCC07'    AS result_code,
                @inbound_expected_unit_id AS inbound_expected_unit_id,
                @inbound_line_id          AS inbound_line_id,
                @inbound_ref              AS inbound_ref,
                @header_status            AS header_status,
                @line_state               AS line_state,
                @sku_code                 AS sku_code,
                @sku_description          AS sku_description,
                @expected_unit_qty        AS expected_unit_qty,
                @line_expected_qty        AS line_expected_qty,
                @line_received_qty        AS line_received_qty,
                (@line_expected_qty - @line_received_qty)                        AS outstanding_before,
                (@line_expected_qty - @line_received_qty - @expected_unit_qty)   AS outstanding_after,
                @batch_number             AS batch_number,
                @best_before_date         AS best_before_date,
                @claimed_session_id       AS claimed_session_id,
                @claimed_by_user_id       AS claimed_by_user_id,
                @claim_expires_at         AS claim_expires_at,
                @claim_token              AS claim_token,
                NULL AS arrival_stock_status_code;
            RETURN;
        END;

        ------------------------------------------------------------------
        -- 4.2) Transition validation (EXP -> CLM)
        ------------------------------------------------------------------
        IF NOT EXISTS
        (
            SELECT 1
            FROM inbound.inbound_expected_unit_state_transitions t
            WHERE t.from_state_code = @expected_unit_state
              AND t.to_state_code   = 'CLM'
        )
        BEGIN
            SELECT
                CAST(0 AS BIT)  AS success,
                N'ERRSSCCSTATE01' AS result_code,
                @inbound_expected_unit_id AS inbound_expected_unit_id,
                @inbound_line_id          AS inbound_line_id,
                @inbound_ref              AS inbound_ref,
                @header_status            AS header_status,
                @line_state               AS line_state,
                @sku_code                 AS sku_code,
                @sku_description          AS sku_description,
                @expected_unit_qty        AS expected_unit_qty,
                @line_expected_qty        AS line_expected_qty,
                @line_received_qty        AS line_received_qty,
                (@line_expected_qty - @line_received_qty)           AS outstanding_before,
                (@line_expected_qty - @line_received_qty)           AS outstanding_after,
                @batch_number             AS batch_number,
                @best_before_date         AS best_before_date,
                NULL AS claimed_session_id, NULL AS claimed_by_user_id,
                NULL AS claim_expires_at,   NULL AS claim_token,
                NULL AS arrival_stock_status_code;
            RETURN;
        END;

        ------------------------------------------------------------------
        -- 4.3) BBE mismatch — hard block before claim is written
        ------------------------------------------------------------------
        IF @scanned_best_before_date IS NOT NULL
           AND @best_before_date IS NOT NULL
           AND @scanned_best_before_date <> @best_before_date
        BEGIN
            SELECT
                CAST(0 AS BIT)  AS success,
                N'ERRINBL09'    AS result_code,
                @inbound_expected_unit_id AS inbound_expected_unit_id,
                @inbound_line_id          AS inbound_line_id,
                @inbound_ref              AS inbound_ref,
                @header_status            AS header_status,
                @line_state               AS line_state,
                @sku_code                 AS sku_code,
                @sku_description          AS sku_description,
                @expected_unit_qty        AS expected_unit_qty,
                @line_expected_qty        AS line_expected_qty,
                @line_received_qty        AS line_received_qty,
                (@line_expected_qty - @line_received_qty) AS outstanding_before,
                (@line_expected_qty - @line_received_qty) AS outstanding_after,
                @batch_number             AS batch_number,
                @best_before_date         AS best_before_date,
                NULL AS claimed_session_id, NULL AS claimed_by_user_id,
                NULL AS claim_expires_at,   NULL AS claim_token,
                NULL AS arrival_stock_status_code;
            RETURN;
        END;

        ------------------------------------------------------------------
        -- 4.4) Batch mismatch — hard block before claim is written
        ------------------------------------------------------------------
        IF @scanned_batch_number IS NOT NULL
           AND @batch_number IS NOT NULL
           AND @scanned_batch_number <> @batch_number
        BEGIN
            SELECT
                CAST(0 AS BIT)  AS success,
                N'ERRINBL10'    AS result_code,
                @inbound_expected_unit_id AS inbound_expected_unit_id,
                @inbound_line_id          AS inbound_line_id,
                @inbound_ref              AS inbound_ref,
                @header_status            AS header_status,
                @line_state               AS line_state,
                @sku_code                 AS sku_code,
                @sku_description          AS sku_description,
                @expected_unit_qty        AS expected_unit_qty,
                @line_expected_qty        AS line_expected_qty,
                @line_received_qty        AS line_received_qty,
                (@line_expected_qty - @line_received_qty) AS outstanding_before,
                (@line_expected_qty - @line_received_qty) AS outstanding_after,
                @batch_number             AS batch_number,
                @best_before_date         AS best_before_date,
                NULL AS claimed_session_id, NULL AS claimed_by_user_id,
                NULL AS claim_expires_at,   NULL AS claim_token,
                NULL AS arrival_stock_status_code;
            RETURN;
        END;

        ------------------------------------------------------------------
        -- 4.5) Create NEW claim
        ------------------------------------------------------------------
        SET @claim_token      = NEWID();
        SET @claim_expires_at = DATEADD(SECOND, @ttl_seconds, @now);

        UPDATE inbound.inbound_expected_units
        SET expected_unit_state_code = 'CLM',
            claimed_session_id       = @session_id,
            claimed_by_user_id       = @user_id,
            claimed_at               = @now,
            claim_expires_at         = @claim_expires_at,
            claim_token              = @claim_token
        WHERE inbound_expected_unit_id = @inbound_expected_unit_id
          AND received_inventory_unit_id IS NULL
          AND (
                claimed_session_id IS NULL
                OR claim_expires_at < @now
              );

        ------------------------------------------------------------------
        -- 4.6) Race protection
        ------------------------------------------------------------------
        IF @@ROWCOUNT = 0
        BEGIN
            SELECT
                CAST(0 AS BIT)  AS success,
                N'ERRSSCC07'    AS result_code,
                @inbound_expected_unit_id AS inbound_expected_unit_id,
                @inbound_line_id          AS inbound_line_id,
                @inbound_ref              AS inbound_ref,
                @header_status            AS header_status,
                @line_state               AS line_state,
                @sku_code                 AS sku_code,
                @sku_description          AS sku_description,
                @expected_unit_qty        AS expected_unit_qty,
                @line_expected_qty        AS line_expected_qty,
                @line_received_qty        AS line_received_qty,
                (@line_expected_qty - @line_received_qty)           AS outstanding_before,
                (@line_expected_qty - @line_received_qty)           AS outstanding_after,
                @batch_number             AS batch_number,
                @best_before_date         AS best_before_date,
                NULL AS claimed_session_id, NULL AS claimed_by_user_id,
                NULL AS claim_expires_at,   NULL AS claim_token,
                NULL AS arrival_stock_status_code;
            RETURN;
        END;

        ------------------------------------------------------------------
        -- 5) Valid preview
        ------------------------------------------------------------------
        SET @success     = 1;
        SET @result_code = N'SUCSSCC01';

        SELECT
            @success                                                          AS success,
            @result_code                                                      AS result_code,
            @inbound_expected_unit_id                                         AS inbound_expected_unit_id,
            @inbound_line_id                                                  AS inbound_line_id,
            @inbound_ref                                                      AS inbound_ref,
            @header_status                                                    AS header_status,
            @line_state                                                       AS line_state,
            @sku_code                                                         AS sku_code,
            @sku_description                                                  AS sku_description,
            @expected_unit_qty                                                AS expected_unit_qty,
            @line_expected_qty                                                AS line_expected_qty,
            @line_received_qty                                                AS line_received_qty,
            (@line_expected_qty - @line_received_qty)                         AS outstanding_before,
            (@line_expected_qty - @line_received_qty - @expected_unit_qty)    AS outstanding_after,
            @batch_number                                                     AS batch_number,
            @best_before_date                                                 AS best_before_date,
            @session_id                                                       AS claimed_session_id,
            @user_id                                                          AS claimed_by_user_id,
            @claim_expires_at                                                 AS claim_expires_at,
            @claim_token                                                      AS claim_token,
            @arrival_status_code                                              AS arrival_stock_status_code;

    END TRY
    BEGIN CATCH
        DECLARE @err_no   INT = ERROR_NUMBER();
        DECLARE @err_line INT = ERROR_LINE();
        DECLARE @err_msg  NVARCHAR(2048) = ERROR_MESSAGE();

        SELECT
            CAST(0 AS BIT)  AS success,
            N'ERRSSCC99'    AS result_code,
            NULL AS inbound_expected_unit_id, NULL AS inbound_line_id,
            NULL AS inbound_ref,              NULL AS header_status,
            NULL AS line_state,               NULL AS sku_code,
            NULL AS sku_description,          NULL AS expected_unit_qty,
            NULL AS line_expected_qty,        NULL AS line_received_qty,
            NULL AS outstanding_before,       NULL AS outstanding_after,
            NULL AS batch_number,             NULL AS best_before_date,
            NULL AS claimed_session_id,       NULL AS claimed_by_user_id,
            NULL AS claim_expires_at,         NULL AS claim_token,
            NULL AS arrival_stock_status_code;
    END CATCH
END;
GO
/********************************************************************************************
    SECTION: Inbound Structural Guards (Operationally-aware)
    Purpose : Prevent structural modification after activation while allowing operational flow
              - Inbound lines:
                    * Block INSERT/DELETE once ACT+
                    * Allow UPDATE only for receiving progression (received_qty, line_state_code, updated_*)
              - Expected units:
                    * Block INSERT/DELETE once ACT+
                    * Allow UPDATE only for claim/receive fields + expected_unit_state_code transitions
              - Inbound mode:
                    * Prevent inbound_mode_code from being changed once set
********************************************************************************************/

/* =========================================================================================
   Trigger: inbound.trg_inbound_lines_guard
   Blocks structural modification of inbound lines after activation.
   Allows operational updates (receiving progression) in ACT/RCV.
========================================================================================= */
GO


-- -----------------------------------------------------------------------------
-- 070_inbound\vw_inbound_by_supplier.sql
-- -----------------------------------------------------------------------------

SET QUOTED_IDENTIFIER ON;
GO

CREATE OR ALTER VIEW inbound.vw_inbound_by_supplier
AS
SELECT
    s.party_code     AS supplier_code,
    s.display_name   AS supplier_name,
    COUNT(*)         AS open_inbounds
FROM inbound.inbound_deliveries d
JOIN core.parties s ON s.party_id = d.supplier_party_id
WHERE d.inbound_status_code IN ('EXP','ACT','RCV')
GROUP BY s.party_code, s.display_name;
GO

/* ============================================================
   logistics.vw_inbound_by_haulier
   ============================================================ */
GO


-- -----------------------------------------------------------------------------
-- 070_inbound\vw_inbound_lines_receivable.sql
-- -----------------------------------------------------------------------------

SET QUOTED_IDENTIFIER ON;
GO

CREATE OR ALTER VIEW inbound.vw_inbound_lines_receivable
AS
SELECT
    l.inbound_line_id,
    d.inbound_ref,
    l.line_no,
    s.sku_code,
    s.sku_description,
    l.expected_qty,
    l.received_qty,
    (l.expected_qty - l.received_qty) AS outstanding_qty,
    l.line_state_code
FROM inbound.inbound_lines l
JOIN inbound.inbound_deliveries d
    ON d.inbound_id = l.inbound_id
JOIN inventory.skus s
    ON s.sku_id = l.sku_id
WHERE
    d.inbound_status_code IN ('ACT','RCV')
    AND l.line_state_code NOT IN ('RCV','CNL')
    AND (l.expected_qty - l.received_qty) > 0;
GO

/********************************************************************************************
    Procedure: inbound.usp_activate_inbound
    Purpose  : Activates inbound delivery (EXP → ACT)
               - Validates transition rules
               - Enforces structural consistency (no mixed SSCC / Manual lines)
               - Determines and persists inbound_mode_code (SSCC / MANUAL)
               - Locks header during activation
********************************************************************************************/
GO


-- -----------------------------------------------------------------------------
-- 070_inbound\vw_inbound_overview.sql
-- -----------------------------------------------------------------------------

SET QUOTED_IDENTIFIER ON;
GO

CREATE OR ALTER VIEW inbound.vw_inbound_overview
AS
SELECT
    d.inbound_id,
    d.inbound_ref,
    d.inbound_status_code,
    d.expected_arrival_at,

    s.display_name   AS supplier_name,
    o.display_name   AS owner_name,
    h.display_name   AS haulier_name,

    a.city,
    a.postal_code,
    a.country_code

FROM inbound.inbound_deliveries d
JOIN core.parties s ON s.party_id = d.supplier_party_id
JOIN core.parties o ON o.party_id = d.owner_party_id
LEFT JOIN core.parties h ON h.party_id = d.haulier_party_id
JOIN core.party_addresses a ON a.address_id = d.ship_to_address_id;
GO

/* ============================================================
   View: inbound.vw_inbound_by_supplier
   ------------------------------------------------------------
   Supplier-centric workload view.

   Used for:
   - Planning
   - Supplier performance insight
   ============================================================ */
GO


-- -----------------------------------------------------------------------------
-- 070_inbound\vw_inbounds_activatable.sql
-- -----------------------------------------------------------------------------

SET QUOTED_IDENTIFIER ON;
GO

CREATE OR ALTER VIEW inbound.vw_inbounds_activatable
AS
SELECT
    d.inbound_id,
    d.inbound_ref,
    d.expected_arrival_at,
    COUNT(l.inbound_line_id)  AS line_count

FROM inbound.inbound_deliveries d
JOIN inbound.inbound_lines l
    ON l.inbound_id = d.inbound_id

WHERE d.inbound_status_code = 'EXP'

GROUP BY
    d.inbound_id,
    d.inbound_ref,
    d.expected_arrival_at;
GO


-- -----------------------------------------------------------------------------
-- 075_post_inbound\vw_inbound_by_haulier.sql
-- -----------------------------------------------------------------------------




-- -----------------------------------------------------------------------------
-- 080_warehouse\010_tables.sql
-- -----------------------------------------------------------------------------

SET QUOTED_IDENTIFIER ON;
GO

CREATE TABLE warehouse.warehouse_tasks
(
    task_id                 INT IDENTITY(1,1) PRIMARY KEY,

    -- Task classification
    task_type_code          NVARCHAR(20) NOT NULL,   -- PUTAWAY, MOVE, PICK

    -- Object being moved
    inventory_unit_id       INT NOT NULL,

    -- Movement context
    source_bin_id           INT NULL,
    destination_bin_id      INT NULL,

    -- Task lifecycle
    task_state_code         VARCHAR(3) NOT NULL DEFAULT 'OPN', -- OPN, CLM, CNF, CNL, EXP

    -- Assignment
    claimed_by_user_id      INT NULL,
    claimed_session_id      UNIQUEIDENTIFIER NULL,

    claimed_at              DATETIME2(3) NULL,
    expires_at              DATETIME2(3) NULL,

    -- Completion
    completed_at            DATETIME2(3) NULL,
    completed_by_user_id    INT NULL,

    -- Audit
    created_at              DATETIME2(3) NOT NULL DEFAULT SYSUTCDATETIME(),
    created_by              INT NULL,
    updated_at              DATETIME2(3) NULL,
    updated_by              INT NULL,

    CONSTRAINT fk_tasks_inventory_unit
        FOREIGN KEY (inventory_unit_id)
        REFERENCES inventory.inventory_units(inventory_unit_id),

    CONSTRAINT fk_tasks_source_bin
        FOREIGN KEY (source_bin_id)
        REFERENCES locations.bins(bin_id),

    CONSTRAINT fk_tasks_destination_bin
        FOREIGN KEY (destination_bin_id)
        REFERENCES locations.bins(bin_id)
);

CREATE INDEX IX_tasks_state
ON warehouse.warehouse_tasks (task_state_code);

CREATE INDEX IX_tasks_inventory
ON warehouse.warehouse_tasks (inventory_unit_id);

CREATE INDEX IX_tasks_expiry
ON warehouse.warehouse_tasks (expires_at);

/* ============================================================
   warehouse.task_states
   ------------------------------------------------------------
   Canonical lifecycle states for warehouse tasks.
   ============================================================ */
CREATE TABLE warehouse.task_states
(
    state_code      VARCHAR(3) NOT NULL PRIMARY KEY,
    state_desc      NVARCHAR(30) NOT NULL,
    is_terminal     BIT NOT NULL DEFAULT 0
);

INSERT INTO warehouse.task_states (state_code, state_desc, is_terminal)
VALUES
('OPN','OPEN',0),
('CLM','CLAIMED',0),
('CNF','CONFIRMED',1),
('EXP','EXPIRED',1),
('CNL','CANCELLED',1);

/* ============================================================
   warehouse.task_state_transitions
   ------------------------------------------------------------
   Defines legal transitions between task lifecycle states.
   ============================================================ */
CREATE TABLE warehouse.task_state_transitions
(
    from_state_code    VARCHAR(3) NOT NULL,
    to_state_code      VARCHAR(3) NOT NULL,
    requires_authority BIT NOT NULL DEFAULT 0,
    notes              NVARCHAR(200) NULL,

    PRIMARY KEY (from_state_code, to_state_code),

    FOREIGN KEY (from_state_code)
        REFERENCES warehouse.task_states(state_code),

    FOREIGN KEY (to_state_code)
        REFERENCES warehouse.task_states(state_code)
);

INSERT INTO warehouse.task_state_transitions
VALUES
('OPN','CLM',0,'Operator claims task'),
('OPN','CNL',1,'Task cancelled before claim'),

('CLM','CNF',0,'Task completed'),
('CLM','EXP',0,'Task expired due to TTL'),
('CLM','CNL',1,'Supervisor cancels task');

ALTER TABLE warehouse.warehouse_tasks
ADD CONSTRAINT fk_tasks_state
FOREIGN KEY (task_state_code)
REFERENCES warehouse.task_states(state_code);

CREATE UNIQUE INDEX UX_tasks_open_unit
ON warehouse.warehouse_tasks (inventory_unit_id)
WHERE task_state_code IN ('OPN','CLM');
GO


-- -----------------------------------------------------------------------------
-- 080_warehouse\usp_bin_to_bin_move_confirm.sql
-- -----------------------------------------------------------------------------

SET QUOTED_IDENTIFIER ON;
GO

CREATE OR ALTER PROCEDURE warehouse.usp_bin_to_bin_move_confirm
(
    @task_id          INT,
    @scanned_bin_code NVARCHAR(100),
    @user_id          INT              = NULL,
    @session_id       UNIQUEIDENTIFIER = NULL
)
AS
BEGIN
    SET NOCOUNT ON;
    SET XACT_ABORT ON;

    BEGIN TRY
        BEGIN TRAN;

        SET @scanned_bin_code = LTRIM(RTRIM(@scanned_bin_code)) COLLATE Latin1_General_CS_AS;

        DECLARE
            @inventory_unit_id  INT,
            @source_bin_id      INT,
            @destination_bin_id INT,
            @dest_bin_code      NVARCHAR(100),
            @task_state         VARCHAR(3),
            @sku_id             INT,
            @now                DATETIME2(3) = SYSUTCDATETIME();

        SELECT
            @inventory_unit_id  = inventory_unit_id,
            @source_bin_id      = source_bin_id,
            @destination_bin_id = destination_bin_id,
            @task_state         = task_state_code
        FROM warehouse.warehouse_tasks WITH (UPDLOCK, HOLDLOCK)
        WHERE task_id       = @task_id
          AND task_type_code = 'MOVE'
          AND task_state_code IN ('OPN', 'CLM');

        IF @inventory_unit_id IS NULL
        BEGIN
            SELECT CAST(0 AS BIT) AS success, N'ERRMOVE05' AS result_code;
            ROLLBACK; RETURN;
        END

        -- Validate scanned bin against destination
        SELECT @dest_bin_code = bin_code
        FROM locations.bins
        WHERE bin_id = @destination_bin_id;

        IF @dest_bin_code IS NOT NULL
           AND LTRIM(RTRIM(@scanned_bin_code)) <> LTRIM(RTRIM(@dest_bin_code))
        BEGIN
            SELECT CAST(0 AS BIT) AS success, N'ERRMOVE06' AS result_code;
            ROLLBACK; RETURN;
        END

        -- If no destination was set on the task, resolve the scanned bin
        IF @destination_bin_id IS NULL
        BEGIN
            SELECT @destination_bin_id = bin_id
            FROM locations.bins
            WHERE bin_code = @scanned_bin_code COLLATE Latin1_General_CS_AS AND is_active = 1;

            IF @destination_bin_id IS NULL
            BEGIN
                SELECT CAST(0 AS BIT) AS success, N'ERRMOVE04' AS result_code;
                ROLLBACK; RETURN;
            END

            SET @dest_bin_code = @scanned_bin_code COLLATE Latin1_General_CS_AS;
        END

        SELECT @sku_id = sku_id FROM inventory.inventory_units WHERE inventory_unit_id = @inventory_unit_id;

        -- Update placement
        UPDATE inventory.inventory_placements
        SET bin_id = @destination_bin_id
        WHERE inventory_unit_id = @inventory_unit_id;

        -- If the unit is RCD and is leaving a staging bin, transition to PTW.
        -- A bin-to-bin move out of staging = manual putaway, regardless of destination.
        IF EXISTS (
            SELECT 1
            FROM inventory.inventory_units iu
            JOIN locations.bins b ON b.bin_id = @source_bin_id
            JOIN locations.storage_types st ON st.storage_type_id = b.storage_type_id
            WHERE iu.inventory_unit_id = @inventory_unit_id
              AND iu.stock_state_code  = 'RCD'
              AND st.storage_type_code = 'STAGE'
        )
        BEGIN
            UPDATE inventory.inventory_units
            SET stock_state_code = 'PTW',
                updated_at       = @now,
                updated_by       = @user_id
            WHERE inventory_unit_id = @inventory_unit_id;
        END

        -- Record movement — capture actual from/to state (may differ if RCD->PTW transition occurred)
        DECLARE @movement_id  INT;
        DECLARE @from_state   VARCHAR(3);
        DECLARE @to_state     VARCHAR(3);

        SELECT @to_state = stock_state_code FROM inventory.inventory_units WHERE inventory_unit_id = @inventory_unit_id;

        SELECT @from_state =
            CASE
                WHEN @to_state = 'PTW' AND EXISTS (
                    SELECT 1 FROM locations.bins b
                    JOIN locations.storage_types st ON st.storage_type_id = b.storage_type_id
                    WHERE b.bin_id = @source_bin_id AND st.storage_type_code = 'STAGE'
                ) THEN 'RCD'
                ELSE @to_state
            END;

        INSERT INTO inventory.inventory_movements
            (inventory_unit_id, sku_id, moved_qty,
             from_bin_id, to_bin_id,
             from_state_code, to_state_code,
             from_status_code, to_status_code,
             movement_type, reference_type, reference_id,
             moved_at, moved_by_user_id, session_id)
        SELECT
            @inventory_unit_id, @sku_id, quantity,
            @source_bin_id, @destination_bin_id,
            @from_state, @to_state,
            stock_status_code, stock_status_code,
            'MOVE', 'TASK', @task_id,
            @now, @user_id, @session_id
        FROM inventory.inventory_units
        WHERE inventory_unit_id = @inventory_unit_id;

        -- Complete task
        UPDATE warehouse.warehouse_tasks
        SET task_state_code      = 'CNF',
            completed_at         = @now,
            completed_by_user_id = @user_id,
            updated_at           = @now,
            updated_by           = @user_id
        WHERE task_id = @task_id;

        COMMIT;

        SELECT CAST(1 AS BIT) AS success, N'SUCMOVE02' AS result_code;

    END TRY
    BEGIN CATCH
        IF @@TRANCOUNT > 0 ROLLBACK;
        SELECT CAST(0 AS BIT) AS success, N'ERRMOVE99' AS result_code;
    END CATCH
END;
GO


-- -----------------------------------------------------------------------------
-- 080_warehouse\usp_bin_to_bin_move_create.sql
-- -----------------------------------------------------------------------------

SET QUOTED_IDENTIFIER ON;
GO

CREATE OR ALTER PROCEDURE warehouse.usp_bin_to_bin_move_create
(
    @external_ref         NVARCHAR(100),
    @destination_bin_code NVARCHAR(100)    = NULL,
    @user_id              INT              = NULL,
    @session_id           UNIQUEIDENTIFIER = NULL
)
AS
BEGIN
    SET NOCOUNT ON;
    SET XACT_ABORT ON;

    BEGIN TRY
        BEGIN TRAN;

        -- Normalise inputs
        SET @external_ref         = LTRIM(RTRIM(@external_ref));
        IF @destination_bin_code IS NOT NULL
            SET @destination_bin_code = LTRIM(RTRIM(@destination_bin_code)) COLLATE Latin1_General_CS_AS;

        -- Resolve inventory unit by SSCC
        DECLARE
            @inventory_unit_id  INT,
            @stock_state_code   VARCHAR(3),
            @source_bin_id      INT,
            @source_bin_code    NVARCHAR(100),
            @destination_bin_id INT,
            @task_id            INT,
            @ttl_seconds        INT,
            @expires_at         DATETIME2(3),
            @now                DATETIME2(3) = SYSUTCDATETIME();

        SELECT
            @inventory_unit_id = inventory_unit_id,
            @stock_state_code  = stock_state_code
        FROM inventory.inventory_units
        WHERE external_ref = @external_ref
          AND stock_state_code NOT IN ('REV', 'SHP');

        IF @inventory_unit_id IS NULL
        BEGIN
            SELECT CAST(0 AS BIT) AS success, N'ERRMOVE01' AS result_code,
                   NULL AS task_id, NULL AS inventory_unit_id,
                   NULL AS source_bin_code, NULL AS destination_bin_code;
            ROLLBACK; RETURN;
        END

        -- Unit must be in PUT, PTW or RCD state to be moved
        IF @stock_state_code NOT IN ('PUT', 'PTW', 'RCD')
        BEGIN
            SELECT CAST(0 AS BIT) AS success, N'ERRMOVE02' AS result_code,
                   NULL AS task_id, @inventory_unit_id AS inventory_unit_id,
                   NULL AS source_bin_code, NULL AS destination_bin_code;
            ROLLBACK; RETURN;
        END

        -- Resolve current placement
        SELECT @source_bin_id = bin_id
        FROM inventory.inventory_placements
        WHERE inventory_unit_id = @inventory_unit_id;

        IF @source_bin_id IS NULL
        BEGIN
            SELECT CAST(0 AS BIT) AS success, N'ERRMOVE03' AS result_code,
                   NULL AS task_id, @inventory_unit_id AS inventory_unit_id,
                   NULL AS source_bin_code, NULL AS destination_bin_code;
            ROLLBACK; RETURN;
        END

        SELECT @source_bin_code = bin_code FROM locations.bins WHERE bin_id = @source_bin_id;

        -- Resolve destination bin if provided
        IF @destination_bin_code IS NOT NULL
        BEGIN
            DECLARE @dest_bin_is_active BIT;

            SELECT @destination_bin_id = bin_id,
                   @dest_bin_is_active = is_active
            FROM locations.bins
            WHERE bin_code = @destination_bin_code COLLATE Latin1_General_CS_AS;

            IF @destination_bin_id IS NULL
            BEGIN
                SELECT CAST(0 AS BIT) AS success, N'ERRMOVE04' AS result_code,
                       NULL AS task_id, @inventory_unit_id AS inventory_unit_id,
                       @source_bin_code AS source_bin_code, @destination_bin_code AS destination_bin_code;
                ROLLBACK; RETURN;
            END

            IF @dest_bin_is_active = 0
            BEGIN
                SELECT CAST(0 AS BIT) AS success, N'ERRMOVE07' AS result_code,
                       NULL AS task_id, @inventory_unit_id AS inventory_unit_id,
                       @source_bin_code AS source_bin_code, @destination_bin_code AS destination_bin_code;
                ROLLBACK; RETURN;
            END
        END

        -- Suggest destination if not provided
        IF @destination_bin_code IS NULL
        BEGIN
            EXEC locations.usp_suggest_putaway_bin
                @inventory_unit_id = @inventory_unit_id,
                @suggested_bin_id  = @destination_bin_id OUTPUT;

            IF @destination_bin_id IS NOT NULL
                SELECT @destination_bin_code = bin_code FROM locations.bins WHERE bin_id = @destination_bin_id;
        END

        -- Reuse existing open task if present
        SELECT TOP 1
            @task_id           = task_id,
            @destination_bin_id = destination_bin_id,
            @expires_at        = expires_at
        FROM warehouse.warehouse_tasks
        WHERE inventory_unit_id = @inventory_unit_id
          AND task_type_code    = 'MOVE'
          AND task_state_code  IN ('OPN', 'CLM')
        ORDER BY created_at DESC;

        IF @task_id IS NOT NULL
        BEGIN
            DECLARE @existing_dest_code NVARCHAR(100);
            SELECT @existing_dest_code = bin_code FROM locations.bins WHERE bin_id = @destination_bin_id;
            COMMIT;
            SELECT CAST(1 AS BIT) AS success, N'SUCMOVE01' AS result_code,
                   @task_id AS task_id, @inventory_unit_id AS inventory_unit_id,
                   @source_bin_code AS source_bin_code, @existing_dest_code AS destination_bin_code;
            RETURN;
        END

        -- TTL
        SELECT @ttl_seconds = TRY_CAST(setting_value AS INT)
        FROM operations.settings
        WHERE setting_name = 'warehouse.putaway_task_ttl_seconds';

        IF @ttl_seconds IS NULL OR @ttl_seconds <= 0
            SET @ttl_seconds = 300;

        SET @expires_at = DATEADD(SECOND, @ttl_seconds, @now);

        -- Create move task
        INSERT INTO warehouse.warehouse_tasks
            (task_type_code, inventory_unit_id, source_bin_id, destination_bin_id,
             task_state_code, expires_at,
             claimed_by_user_id, claimed_at,
             created_by)
        VALUES
            ('MOVE', @inventory_unit_id, @source_bin_id, @destination_bin_id,
             'OPN', @expires_at,
             @user_id, @now,
             @user_id);

        SET @task_id = SCOPE_IDENTITY();

        COMMIT;

        SELECT CAST(1 AS BIT) AS success, N'SUCMOVE01' AS result_code,
               @task_id AS task_id, @inventory_unit_id AS inventory_unit_id,
               @source_bin_code AS source_bin_code,
               @destination_bin_code AS destination_bin_code;

    END TRY
    BEGIN CATCH
        IF @@TRANCOUNT > 0 ROLLBACK;
        SELECT CAST(0 AS BIT) AS success, N'ERRMOVE99' AS result_code,
               NULL AS task_id, NULL AS inventory_unit_id,
               NULL AS source_bin_code, NULL AS destination_bin_code;
    END CATCH
END;
GO
PRINT 'warehouse.usp_bin_to_bin_move_create created.';
GO

-- ── warehouse.usp_bin_to_bin_move_confirm ────────────────────────────────────
GO


-- -----------------------------------------------------------------------------
-- 080_warehouse\usp_cancel_task.sql
-- -----------------------------------------------------------------------------

SET QUOTED_IDENTIFIER ON;
GO

CREATE OR ALTER PROCEDURE warehouse.usp_cancel_task
(
    @task_id    INT,
    @reason     NVARCHAR(200) = NULL,
    @user_id    INT,
    @session_id UNIQUEIDENTIFIER
)
AS
BEGIN
    SET NOCOUNT ON;
    SET XACT_ABORT ON;

    EXEC sys.sp_set_session_context @key = N'user_id',    @value = @user_id;
    EXEC sys.sp_set_session_context @key = N'session_id', @value = @session_id;

    DECLARE
        @current_state  VARCHAR(3),
        @is_terminal    BIT,
        @now            DATETIME2(3) = SYSUTCDATETIME();

    BEGIN TRY
        BEGIN TRAN;

        SELECT
            @current_state = wt.task_state_code,
            @is_terminal   = ts.is_terminal
        FROM warehouse.warehouse_tasks wt WITH (UPDLOCK, HOLDLOCK)
        JOIN warehouse.task_states ts ON ts.state_code = wt.task_state_code
        WHERE wt.task_id = @task_id;

        IF @current_state IS NULL
        BEGIN
            SELECT CAST(0 AS BIT) AS success, N'ERRTASK03' AS result_code;
            ROLLBACK; RETURN;
        END

        IF @is_terminal = 1
        BEGIN
            SELECT CAST(0 AS BIT) AS success, N'ERRTASK06' AS result_code;
            ROLLBACK; RETURN;
        END

        -- Validate transition is allowed
        IF NOT EXISTS (
            SELECT 1 FROM warehouse.task_state_transitions
            WHERE from_state_code = @current_state
              AND to_state_code   = 'CNL'
        )
        BEGIN
            SELECT CAST(0 AS BIT) AS success, N'ERRTASK07' AS result_code;
            ROLLBACK; RETURN;
        END

        UPDATE warehouse.warehouse_tasks
        SET task_state_code = 'CNL',
            updated_at      = @now,
            updated_by      = @user_id
        WHERE task_id = @task_id;

        COMMIT;

        SELECT CAST(1 AS BIT) AS success, N'SUCTASK03' AS result_code;

    END TRY
    BEGIN CATCH
        IF @@TRANCOUNT > 0 ROLLBACK;
        SELECT CAST(0 AS BIT) AS success, N'ERRTASK99' AS result_code;
    END CATCH
END;
GO
PRINT 'warehouse.usp_cancel_task created.';
GO


-- -----------------------------------------------------------------------------
-- 080_warehouse\usp_create_putaway_task.sql
-- -----------------------------------------------------------------------------

SET QUOTED_IDENTIFIER ON;
GO

CREATE OR ALTER PROCEDURE warehouse.usp_create_putaway_task
(
    @inventory_unit_id INT, @user_id INT = NULL, @session_id UNIQUEIDENTIFIER = NULL
)
AS
BEGIN
    SET NOCOUNT ON; SET XACT_ABORT ON;
    DECLARE @sku_id INT, @stock_state VARCHAR(3), @current_bin_id INT,
            @dest_bin_id INT, @ttl_seconds INT, @expires_at DATETIME2(3), @task_id INT;

    BEGIN TRY
        BEGIN TRAN;

        SELECT @sku_id = sku_id, @stock_state = stock_state_code
        FROM inventory.inventory_units WHERE inventory_unit_id = @inventory_unit_id;

        IF @sku_id IS NULL
        BEGIN SELECT CAST(0 AS BIT) AS success, N'ERRTASK01' AS result_code, NULL AS task_id, NULL AS destination_bin_id; ROLLBACK; RETURN; END

        IF @stock_state <> 'RCD'
        BEGIN SELECT CAST(0 AS BIT) AS success, N'ERRTASK02' AS result_code, NULL AS task_id, NULL AS destination_bin_id; ROLLBACK; RETURN; END

        SELECT @current_bin_id = bin_id FROM inventory.inventory_placements WHERE inventory_unit_id = @inventory_unit_id;

        IF @current_bin_id IS NULL
        BEGIN SELECT CAST(0 AS BIT) AS success, N'ERRTASK03' AS result_code, NULL AS task_id, NULL AS destination_bin_id; ROLLBACK; RETURN; END

        IF EXISTS (SELECT 1 FROM warehouse.warehouse_tasks WHERE inventory_unit_id = @inventory_unit_id AND task_state_code IN ('OPN','CLM'))
        BEGIN SELECT CAST(0 AS BIT) AS success, N'ERRTASK05' AS result_code, NULL AS task_id, NULL AS destination_bin_id; ROLLBACK; RETURN; END

        EXEC locations.usp_suggest_putaway_bin @inventory_unit_id = @inventory_unit_id, @suggested_bin_id = @dest_bin_id OUTPUT;

        IF @dest_bin_id IS NULL
        BEGIN SELECT CAST(0 AS BIT) AS success, N'ERRTASK04' AS result_code, NULL AS task_id, NULL AS destination_bin_id; ROLLBACK; RETURN; END

        SELECT @ttl_seconds = TRY_CONVERT(INT, setting_value) FROM operations.settings
        WHERE setting_name = 'warehouse.putaway_task_ttl_seconds';

        IF @ttl_seconds IS NULL OR @ttl_seconds <= 0 SET @ttl_seconds = 300;
        SET @expires_at = DATEADD(SECOND, @ttl_seconds, SYSUTCDATETIME());

        INSERT INTO warehouse.warehouse_tasks
            (task_type_code, inventory_unit_id, source_bin_id, destination_bin_id, task_state_code, expires_at, created_by)
        VALUES ('PUTAWAY', @inventory_unit_id, @current_bin_id, @dest_bin_id, 'OPN', @expires_at, @user_id);

        SET @task_id = SCOPE_IDENTITY();
        COMMIT;

        SELECT CAST(1 AS BIT) AS success, N'SUCTASK01' AS result_code,
               @task_id AS task_id, @dest_bin_id AS destination_bin_id;

    END TRY
    BEGIN CATCH
        IF @@TRANCOUNT > 0 ROLLBACK;
        SELECT CAST(0 AS BIT) AS success, N'ERRTASK99' AS result_code, NULL AS task_id, NULL AS destination_bin_id;
    END CATCH
END;
GO


-- -----------------------------------------------------------------------------
-- 080_warehouse\usp_putaway_confirm_task.sql
-- -----------------------------------------------------------------------------

SET QUOTED_IDENTIFIER ON;
GO

CREATE OR ALTER PROCEDURE warehouse.usp_putaway_confirm_task
(
    @task_id          INT,
    @scanned_bin_code NVARCHAR(100),
    @user_id          INT,
    @session_id       UNIQUEIDENTIFIER
)
AS
BEGIN
    SET NOCOUNT ON;
    SET XACT_ABORT ON;

    DECLARE
        @inventory_unit_id   INT, @source_bin_id INT, @dest_bin_id INT,
        @dest_bin_code       NVARCHAR(100), @sku_id INT, @quantity INT,
        @task_state          VARCHAR(3), @scanned_bin_id INT,
        @bin_capacity        INT, @bin_active BIT,
        @current_placements  INT, @active_reservations INT,
        @current_status_code VARCHAR(2), @now DATETIME2(3) = SYSUTCDATETIME();

    BEGIN TRY
        BEGIN TRAN;

        SELECT @inventory_unit_id = inventory_unit_id, @source_bin_id = source_bin_id,
               @dest_bin_id = destination_bin_id, @task_state = task_state_code
        FROM warehouse.warehouse_tasks WITH (UPDLOCK, HOLDLOCK) WHERE task_id = @task_id;

        IF @inventory_unit_id IS NULL
        BEGIN SELECT CAST(0 AS BIT) AS success, N'ERRTASK01' AS result_code; ROLLBACK; RETURN; END

        IF @task_state NOT IN ('OPN','CLM')
        BEGIN SELECT CAST(0 AS BIT) AS success, N'ERRTASK07' AS result_code; ROLLBACK; RETURN; END

        SELECT @dest_bin_code = bin_code FROM locations.bins WHERE bin_id = @dest_bin_id;

        IF LTRIM(RTRIM(@scanned_bin_code)) COLLATE Latin1_General_CS_AS <> LTRIM(RTRIM(@dest_bin_code)) COLLATE Latin1_General_CS_AS
        BEGIN SELECT CAST(0 AS BIT) AS success, N'ERRTASK08' AS result_code; ROLLBACK; RETURN; END

        SELECT @scanned_bin_id = bin_id, @bin_capacity = capacity, @bin_active = is_active
        FROM locations.bins WHERE bin_id = @dest_bin_id;

        IF @bin_active = 0
        BEGIN SELECT CAST(0 AS BIT) AS success, N'ERRTASK09' AS result_code; ROLLBACK; RETURN; END

        SELECT @current_placements = COUNT(*) FROM inventory.inventory_placements WHERE bin_id = @dest_bin_id;
        SELECT @active_reservations = COUNT(*) FROM locations.bin_reservations
        WHERE bin_id = @dest_bin_id AND expires_at > @now;

        IF (@current_placements + @active_reservations - 1) >= @bin_capacity
        BEGIN SELECT CAST(0 AS BIT) AS success, N'ERRTASK09' AS result_code; ROLLBACK; RETURN; END

        SELECT @sku_id = sku_id, @quantity = quantity, @current_status_code = stock_status_code
        FROM inventory.inventory_units WITH (UPDLOCK, HOLDLOCK) WHERE inventory_unit_id = @inventory_unit_id;

        UPDATE inventory.inventory_placements SET bin_id = @dest_bin_id, placed_at = @now, placed_by = @user_id
        WHERE inventory_unit_id = @inventory_unit_id;

        UPDATE inventory.inventory_units
        SET stock_state_code = 'PTW', updated_at = @now, updated_by = @user_id
        WHERE inventory_unit_id = @inventory_unit_id AND stock_state_code = 'RCD';

        UPDATE warehouse.warehouse_tasks
        SET task_state_code = 'CNF', completed_at = @now, completed_by_user_id = @user_id,
            updated_at = @now, updated_by = @user_id
        WHERE task_id = @task_id;

        DELETE FROM locations.bin_reservations
        WHERE bin_id = @dest_bin_id AND reservation_type = 'PUTAWAY' AND expires_at >= @now;

        INSERT INTO inventory.inventory_movements
            (inventory_unit_id, sku_id, moved_qty, from_bin_id, to_bin_id,
             from_state_code, to_state_code, from_status_code, to_status_code,
             movement_type, reference_type, reference_id, moved_at, moved_by_user_id, session_id)
        VALUES
            (@inventory_unit_id, @sku_id, @quantity, @source_bin_id, @dest_bin_id,
             'RCD', 'PTW', @current_status_code, @current_status_code,
             'PUTAWAY', 'TASK', @task_id, @now, @user_id, @session_id);

        COMMIT;
        SELECT CAST(1 AS BIT) AS success, N'SUCTASK02' AS result_code;

    END TRY
    BEGIN CATCH
        IF @@TRANCOUNT > 0 ROLLBACK;
        SELECT CAST(0 AS BIT) AS success, N'ERRTASK99' AS result_code;
    END CATCH
END;
GO


-- -----------------------------------------------------------------------------
-- 080_warehouse\usp_putaway_create_task_for_unit.sql
-- -----------------------------------------------------------------------------

SET QUOTED_IDENTIFIER ON;
GO

CREATE OR ALTER PROCEDURE warehouse.usp_putaway_create_task_for_unit
(
    @inventory_unit_id INT,
    @user_id           INT,
    @session_id        UNIQUEIDENTIFIER
)
AS
BEGIN
    SET NOCOUNT ON;
    SET XACT_ABORT ON;

    DECLARE
        @task_id            INT,
        @dest_bin_id        INT,
        @dest_bin_code      NVARCHAR(100),
        @source_bin_id      INT,
        @ttl_seconds        INT,
        @expires_at         DATETIME2(3),
        @sku_id             INT,
        @state_code         VARCHAR(3),
        @stock_status_code  VARCHAR(2),
        @source_bin_code    NVARCHAR(100),
        @zone_code          NVARCHAR(50);

    BEGIN TRY
        BEGIN TRAN;

        SELECT @sku_id = sku_id, @state_code = stock_state_code, @stock_status_code = stock_status_code
        FROM inventory.inventory_units WHERE inventory_unit_id = @inventory_unit_id;

        IF @sku_id IS NULL
        BEGIN
            SELECT CAST(0 AS BIT) AS success, N'ERRTASK01' AS result_code,
                   NULL AS task_id, NULL AS destination_bin_code, NULL AS inventory_unit_id,
                   NULL AS source_bin_code, NULL AS stock_state_code, NULL AS stock_status_code,
                   NULL AS expires_at, NULL AS zone_code;
            ROLLBACK; RETURN;
        END

        IF @state_code <> 'RCD'
        BEGIN
            SELECT CAST(0 AS BIT) AS success, N'ERRTASK02' AS result_code,
                   NULL AS task_id, NULL AS destination_bin_code, NULL AS inventory_unit_id,
                   NULL AS source_bin_code, NULL AS stock_state_code, NULL AS stock_status_code,
                   NULL AS expires_at, NULL AS zone_code;
            ROLLBACK; RETURN;
        END

        SELECT @source_bin_id = bin_id FROM inventory.inventory_placements
        WHERE inventory_unit_id = @inventory_unit_id;

        IF @source_bin_id IS NULL
        BEGIN
            SELECT CAST(0 AS BIT) AS success, N'ERRTASK03' AS result_code,
                   NULL AS task_id, NULL AS destination_bin_code, NULL AS inventory_unit_id,
                   NULL AS source_bin_code, NULL AS stock_state_code, NULL AS stock_status_code,
                   NULL AS expires_at, NULL AS zone_code;
            ROLLBACK; RETURN;
        END

        SELECT @source_bin_code = b.bin_code, @zone_code = z.zone_code
        FROM locations.bins b
        LEFT JOIN locations.zones z ON z.zone_id = b.zone_id
        WHERE b.bin_id = @source_bin_id;

        SELECT TOP (1) @task_id = task_id, @dest_bin_id = destination_bin_id, @expires_at = expires_at
        FROM warehouse.warehouse_tasks
        WHERE inventory_unit_id = @inventory_unit_id AND task_state_code IN ('OPN','CLM')
        ORDER BY created_at DESC;

        IF @task_id IS NOT NULL
        BEGIN
            SELECT @dest_bin_code = bin_code FROM locations.bins WHERE bin_id = @dest_bin_id;
            COMMIT;
            SELECT CAST(1 AS BIT) AS success, N'SUCTASK01' AS result_code,
                   @task_id AS task_id, @dest_bin_code AS destination_bin_code,
                   @inventory_unit_id AS inventory_unit_id, @source_bin_code AS source_bin_code,
                   @state_code AS stock_state_code, @stock_status_code AS stock_status_code,
                   @expires_at AS expires_at, @zone_code AS zone_code;
            RETURN;
        END

        EXEC locations.usp_suggest_putaway_bin
            @inventory_unit_id = @inventory_unit_id, @suggested_bin_id = @dest_bin_id OUTPUT;

        IF @dest_bin_id IS NULL
        BEGIN
            SELECT CAST(0 AS BIT) AS success, N'ERRTASK04' AS result_code,
                   NULL AS task_id, NULL AS destination_bin_code, NULL AS inventory_unit_id,
                   NULL AS source_bin_code, NULL AS stock_state_code, NULL AS stock_status_code,
                   NULL AS expires_at, NULL AS zone_code;
            ROLLBACK; RETURN;
        END

        SELECT @dest_bin_code = bin_code FROM locations.bins WHERE bin_id = @dest_bin_id;

        SELECT @ttl_seconds = TRY_CAST(setting_value AS INT)
        FROM operations.settings WHERE setting_name = 'warehouse.putaway_task_ttl_seconds';

        IF @ttl_seconds IS NULL SET @ttl_seconds = 300;
        SET @expires_at = DATEADD(SECOND, @ttl_seconds, SYSUTCDATETIME());

        INSERT INTO warehouse.warehouse_tasks
            (task_type_code, inventory_unit_id, source_bin_id, destination_bin_id, task_state_code, expires_at, created_by)
        VALUES ('PUTAWAY', @inventory_unit_id, @source_bin_id, @dest_bin_id, 'OPN', @expires_at, @user_id);

        SET @task_id = SCOPE_IDENTITY();

        INSERT INTO locations.bin_reservations (bin_id, reservation_type, reserved_by, expires_at)
        VALUES (@dest_bin_id, 'PUTAWAY', @user_id, @expires_at);

        COMMIT;

        SELECT CAST(1 AS BIT) AS success, N'SUCTASK01' AS result_code,
               @task_id AS task_id, @dest_bin_code AS destination_bin_code,
               @inventory_unit_id AS inventory_unit_id, @source_bin_code AS source_bin_code,
               @state_code AS stock_state_code, @stock_status_code AS stock_status_code,
               @expires_at AS expires_at, @zone_code AS zone_code;

    END TRY
    BEGIN CATCH
        IF @@TRANCOUNT > 0 ROLLBACK;
        SELECT CAST(0 AS BIT) AS success, N'ERRTASK99' AS result_code,
               NULL AS task_id, NULL AS destination_bin_code, NULL AS inventory_unit_id,
               NULL AS source_bin_code, NULL AS stock_state_code, NULL AS stock_status_code,
               NULL AS expires_at, NULL AS zone_code;
    END CATCH
END;
GO


-- -----------------------------------------------------------------------------
-- 085_post_warehouse\v_units_awaiting_putaway.sql
-- -----------------------------------------------------------------------------

SET QUOTED_IDENTIFIER ON;
GO

CREATE OR ALTER VIEW inventory.v_units_awaiting_putaway
AS
SELECT
    iu.inventory_unit_id,
    iu.external_ref,
    iu.sku_id,
    iu.quantity,
    iu.created_at
FROM inventory.inventory_units iu
WHERE
    iu.stock_state_code = 'RCD'
    AND NOT EXISTS
    (
        SELECT 1
        FROM warehouse.warehouse_tasks wt
        WHERE wt.inventory_unit_id = iu.inventory_unit_id
          AND wt.task_type_code = 'PUTAWAY'
          AND wt.task_state_code IN ('OPN','CLM')
    );
GO


/********************************************************************************************
    OUTBOUND SCHEMA
    Tables, status masters, transitions, error codes.
    Schema: outbound
********************************************************************************************/

/********************************************************************************************
    WIP PATCH — Outbound schema
    Date: 2026-04-17

    1.  Create outbound schema
    2.  Stock state additions: PTW->PKD, PKD->SHP, PKD->PTW
    3.  outbound_order_statuses + transitions
    4.  outbound_line_statuses + transitions
    5.  allocation_statuses
    6.  shipment_statuses + transitions
    7.  outbound_orders
    8.  outbound_lines
    9.  outbound_allocations
    10. shipments
    11. shipment_orders
    12. Indexes
    13. Error codes
********************************************************************************************/


/********************************************************************************************
    1. Schema
********************************************************************************************/
IF NOT EXISTS (SELECT 1 FROM sys.schemas WHERE name = 'outbound')
    EXEC('CREATE SCHEMA outbound');
GO
PRINT 'outbound schema ready.';
GO


/********************************************************************************************
    2. Stock state additions for outbound lifecycle
       PTW → PKD   unit picked from rack
       PKD → SHP   unit shipped
       PKD → PTW   pick reversed — unit returned to storage
********************************************************************************************/
MERGE inventory.stock_state_transitions AS tgt
USING (VALUES
    ('PTW', 'PKD', 0, 'Unit picked from storage'),
    ('PKD', 'SHP', 0, 'Unit shipped'),
    ('PKD', 'PTW', 1, 'Pick reversed — unit returned to storage')
) AS src (from_state_code, to_state_code, requires_authority, notes)
ON  tgt.from_state_code = src.from_state_code
AND tgt.to_state_code   = src.to_state_code
WHEN NOT MATCHED THEN
    INSERT (from_state_code, to_state_code, requires_authority, notes)
    VALUES (src.from_state_code, src.to_state_code, src.requires_authority, src.notes);
GO
PRINT 'Outbound stock state transitions merged.';
GO


/********************************************************************************************
    3. outbound_order_statuses + transitions
********************************************************************************************/
GO


-- -----------------------------------------------------------------------------
-- 085_post_warehouse\v_warehouse_tasks.sql
-- -----------------------------------------------------------------------------

SET QUOTED_IDENTIFIER ON;
GO

CREATE OR ALTER VIEW warehouse.v_warehouse_tasks
AS
SELECT
    wt.task_id,
    wt.task_type_code,
    ts.state_desc                                   AS task_state,
    wt.task_state_code,
    ts.is_terminal,

    -- Inventory unit
    iu.inventory_unit_id,
    iu.external_ref                                 AS sscc,
    s.sku_code,
    s.sku_description,
    iu.quantity,
    iu.batch_number,

    -- Bins
    sb.bin_code                                     AS source_bin,
    db.bin_code                                     AS destination_bin,

    -- Assignment
    claimed_usr.username                            AS claimed_by,
    wt.claimed_at,
    wt.expires_at,

    -- Completion
    completed_usr.username                          AS completed_by,
    wt.completed_at,

    -- Audit
    created_usr.username                            AS created_by,
    wt.created_at,
    wt.updated_at

FROM warehouse.warehouse_tasks wt
JOIN warehouse.task_states ts
    ON ts.state_code = wt.task_state_code
JOIN inventory.inventory_units iu
    ON iu.inventory_unit_id = wt.inventory_unit_id
JOIN inventory.skus s
    ON s.sku_id = iu.sku_id
LEFT JOIN locations.bins sb
    ON sb.bin_id = wt.source_bin_id
LEFT JOIN locations.bins db
    ON db.bin_id = wt.destination_bin_id
LEFT JOIN auth.users claimed_usr
    ON claimed_usr.id = wt.claimed_by_user_id
LEFT JOIN auth.users completed_usr
    ON completed_usr.id = wt.completed_by_user_id
LEFT JOIN auth.users created_usr
    ON created_usr.id = wt.created_by;
GO
PRINT 'warehouse.v_warehouse_tasks created.';
GO


-- -----------------------------------------------------------------------------
-- 090_outbound\010_tables.sql
-- -----------------------------------------------------------------------------

SET QUOTED_IDENTIFIER ON;
GO

CREATE TABLE outbound.outbound_order_statuses
(
    status_code VARCHAR(10)  NOT NULL PRIMARY KEY,
    description NVARCHAR(50) NOT NULL,
    is_terminal BIT          NOT NULL DEFAULT (0)
);
GO

INSERT INTO outbound.outbound_order_statuses (status_code, description, is_terminal)
VALUES
    ('NEW',       'New — created, not yet allocated',      0),
    ('ALLOCATED', 'Allocated — stock reserved',            0),
    ('PICKING',   'Picking in progress',                   0),
    ('PICKED',    'Fully picked',                          0),
    ('LOADED',    'Loaded onto vehicle',                   0),
    ('SHIPPED',   'Shipped — departed site',               1),
    ('CNL',       'Cancelled',                             1);
GO

CREATE TABLE outbound.outbound_order_status_transitions
(
    from_status_code VARCHAR(10) NOT NULL,
    to_status_code   VARCHAR(10) NOT NULL,
    requires_authority BIT       NOT NULL DEFAULT (0),

    CONSTRAINT PK_outbound_order_status_transitions
        PRIMARY KEY (from_status_code, to_status_code),

    CONSTRAINT FK_oost_from FOREIGN KEY (from_status_code)
        REFERENCES outbound.outbound_order_statuses(status_code),

    CONSTRAINT FK_oost_to FOREIGN KEY (to_status_code)
        REFERENCES outbound.outbound_order_statuses(status_code)
);
GO

INSERT INTO outbound.outbound_order_status_transitions
    (from_status_code, to_status_code, requires_authority)
VALUES
    ('NEW',       'ALLOCATED', 0),
    ('NEW',       'CNL',       1),
    ('ALLOCATED', 'PICKING',   0),
    ('ALLOCATED', 'NEW',       1),  -- de-allocate
    ('ALLOCATED', 'CNL',       1),
    ('PICKING',   'PICKED',    0),
    ('PICKING',   'ALLOCATED', 1),  -- partial reverse
    ('PICKING',   'CNL',       1),
    ('PICKED',    'LOADED',    0),
    ('PICKED',    'PICKING',   1),  -- un-pick
    ('LOADED',    'SHIPPED',   0),
    ('LOADED',    'PICKED',    1);  -- un-load
GO

PRINT 'outbound_order_statuses + transitions created.';
GO


/********************************************************************************************
    4. outbound_line_statuses + transitions
********************************************************************************************/
CREATE TABLE outbound.outbound_line_statuses
(
    status_code VARCHAR(10)  NOT NULL PRIMARY KEY,
    description NVARCHAR(50) NOT NULL,
    is_terminal BIT          NOT NULL DEFAULT (0)
);
GO

INSERT INTO outbound.outbound_line_statuses (status_code, description, is_terminal)
VALUES
    ('NEW',       'New',                    0),
    ('ALLOCATED', 'Allocated',              0),
    ('PICKING',   'Picking in progress',    0),
    ('PICKED',    'Fully picked',           0),
    ('CNL',       'Cancelled',              1);
GO

CREATE TABLE outbound.outbound_line_status_transitions
(
    from_status_code VARCHAR(10) NOT NULL,
    to_status_code   VARCHAR(10) NOT NULL,
    requires_authority BIT       NOT NULL DEFAULT (0),

    CONSTRAINT PK_outbound_line_status_transitions
        PRIMARY KEY (from_status_code, to_status_code),

    CONSTRAINT FK_olst_from FOREIGN KEY (from_status_code)
        REFERENCES outbound.outbound_line_statuses(status_code),

    CONSTRAINT FK_olst_to FOREIGN KEY (to_status_code)
        REFERENCES outbound.outbound_line_statuses(status_code)
);
GO

INSERT INTO outbound.outbound_line_status_transitions
    (from_status_code, to_status_code, requires_authority)
VALUES
    ('NEW',       'ALLOCATED', 0),
    ('NEW',       'CNL',       1),
    ('ALLOCATED', 'PICKING',   0),
    ('ALLOCATED', 'NEW',       1),
    ('ALLOCATED', 'CNL',       1),
    ('PICKING',   'PICKED',    0),
    ('PICKING',   'ALLOCATED', 1),
    ('PICKING',   'CNL',       1),
    ('PICKED',    'PICKING',   1);
GO

PRINT 'outbound_line_statuses + transitions created.';
GO


/********************************************************************************************
    5. allocation_statuses
********************************************************************************************/
CREATE TABLE outbound.allocation_statuses
(
    status_code VARCHAR(10)  NOT NULL PRIMARY KEY,
    description NVARCHAR(50) NOT NULL,
    is_terminal BIT          NOT NULL DEFAULT (0)
);
GO

INSERT INTO outbound.allocation_statuses (status_code, description, is_terminal)
VALUES
    ('PENDING',   'Pending — unit reserved, task not yet created', 0),
    ('CONFIRMED', 'Confirmed — pick task created',                 0),
    ('PICKED',    'Picked — physical pick confirmed',              1),
    ('CANCELLED', 'Cancelled',                                     1);
GO

PRINT 'allocation_statuses created.';
GO


/********************************************************************************************
    6. shipment_statuses + transitions
********************************************************************************************/
CREATE TABLE outbound.shipment_statuses
(
    status_code VARCHAR(10)  NOT NULL PRIMARY KEY,
    description NVARCHAR(50) NOT NULL,
    is_terminal BIT          NOT NULL DEFAULT (0)
);
GO

INSERT INTO outbound.shipment_statuses (status_code, description, is_terminal)
VALUES
    ('OPEN',     'Open — accepting orders',    0),
    ('LOADING',  'Loading in progress',        0),
    ('DEPARTED', 'Departed site',              1),
    ('CNL',      'Cancelled',                  1);
GO

CREATE TABLE outbound.shipment_status_transitions
(
    from_status_code VARCHAR(10) NOT NULL,
    to_status_code   VARCHAR(10) NOT NULL,
    requires_authority BIT       NOT NULL DEFAULT (0),

    CONSTRAINT PK_shipment_status_transitions
        PRIMARY KEY (from_status_code, to_status_code),

    CONSTRAINT FK_sst_from FOREIGN KEY (from_status_code)
        REFERENCES outbound.shipment_statuses(status_code),

    CONSTRAINT FK_sst_to FOREIGN KEY (to_status_code)
        REFERENCES outbound.shipment_statuses(status_code)
);
GO

INSERT INTO outbound.shipment_status_transitions
    (from_status_code, to_status_code, requires_authority)
VALUES
    ('OPEN',    'LOADING',  0),
    ('OPEN',    'CNL',      1),
    ('LOADING', 'DEPARTED', 0),
    ('LOADING', 'OPEN',     1),   -- un-start loading
    ('LOADING', 'CNL',      1);
GO

PRINT 'shipment_statuses + transitions created.';
GO


/********************************************************************************************
    7. outbound_orders
********************************************************************************************/
CREATE TABLE outbound.outbound_orders
(
    outbound_order_id   INT IDENTITY(1,1) PRIMARY KEY,

    order_ref           NVARCHAR(50)  NOT NULL,

    customer_party_id   INT           NOT NULL,
    haulier_party_id    INT           NULL,
    delivery_address_id INT           NULL,

    -- Linked shipment (set when added to a shipment)
    shipment_id         INT           NULL,

    order_status_code   VARCHAR(10)   NOT NULL DEFAULT ('NEW'),

    -- How the order entered the system
    order_source        VARCHAR(10)   NOT NULL DEFAULT ('MANUAL'),
    -- MANUAL, EDI, API, IMPORT

    required_date       DATE          NULL,
    notes               NVARCHAR(500) NULL,

    created_at          DATETIME2(3)  NOT NULL DEFAULT SYSUTCDATETIME(),
    created_by          INT           NULL,
    updated_at          DATETIME2(3)  NULL,
    updated_by          INT           NULL,

    CONSTRAINT UQ_outbound_orders_ref
        UNIQUE (order_ref),

    CONSTRAINT FK_outbound_orders_customer
        FOREIGN KEY (customer_party_id)
        REFERENCES core.parties(party_id),

    CONSTRAINT FK_outbound_orders_haulier
        FOREIGN KEY (haulier_party_id)
        REFERENCES core.parties(party_id),

    CONSTRAINT FK_outbound_orders_delivery_address
        FOREIGN KEY (delivery_address_id)
        REFERENCES core.party_addresses(address_id),

    CONSTRAINT FK_outbound_orders_status
        FOREIGN KEY (order_status_code)
        REFERENCES outbound.outbound_order_statuses(status_code),

    CONSTRAINT CK_outbound_orders_source
        CHECK (order_source IN ('MANUAL','EDI','API','IMPORT'))
);
GO

PRINT 'outbound.outbound_orders created.';
GO


/********************************************************************************************
    8. outbound_lines
********************************************************************************************/
CREATE TABLE outbound.outbound_lines
(
    outbound_line_id    INT IDENTITY(1,1) PRIMARY KEY,

    outbound_order_id   INT           NOT NULL,
    line_no             INT           NOT NULL,

    sku_id              INT           NOT NULL,
    ordered_qty         INT           NOT NULL CHECK (ordered_qty > 0),
    allocated_qty       INT           NOT NULL DEFAULT (0),
    picked_qty          INT           NOT NULL DEFAULT (0),

    -- Customer-specified batch / BBE (NULL = any available)
    requested_batch     NVARCHAR(100) NULL,
    requested_bbe       DATE          NULL,

    line_status_code    VARCHAR(10)   NOT NULL DEFAULT ('NEW'),

    notes               NVARCHAR(500) NULL,

    created_at          DATETIME2(3)  NOT NULL DEFAULT SYSUTCDATETIME(),
    created_by          INT           NULL,
    updated_at          DATETIME2(3)  NULL,
    updated_by          INT           NULL,

    CONSTRAINT UQ_outbound_lines_order_line
        UNIQUE (outbound_order_id, line_no),

    CONSTRAINT FK_outbound_lines_order
        FOREIGN KEY (outbound_order_id)
        REFERENCES outbound.outbound_orders(outbound_order_id),

    CONSTRAINT FK_outbound_lines_sku
        FOREIGN KEY (sku_id)
        REFERENCES inventory.skus(sku_id),

    CONSTRAINT FK_outbound_lines_status
        FOREIGN KEY (line_status_code)
        REFERENCES outbound.outbound_line_statuses(status_code),

    CONSTRAINT CK_outbound_lines_qty_valid
        CHECK (allocated_qty <= ordered_qty AND picked_qty <= allocated_qty)
);
GO

PRINT 'outbound.outbound_lines created.';
GO


/********************************************************************************************
    9. outbound_allocations
    One row per inventory unit allocated to an outbound line.
    Full-pallet allocation — allocated_qty = unit quantity.
    TODO: partial pallet support (case picks, pickfaces) — future
********************************************************************************************/
CREATE TABLE outbound.outbound_allocations
(
    allocation_id       INT IDENTITY(1,1) PRIMARY KEY,

    outbound_line_id    INT           NOT NULL,
    inventory_unit_id   INT           NOT NULL,

    -- Full pallet: equals inventory_units.quantity at time of allocation
    allocated_qty       INT           NOT NULL CHECK (allocated_qty > 0),

    allocation_status   VARCHAR(10)   NOT NULL DEFAULT ('PENDING'),

    allocated_at        DATETIME2(3)  NOT NULL DEFAULT SYSUTCDATETIME(),
    allocated_by        INT           NULL,

    updated_at          DATETIME2(3)  NULL,
    updated_by          INT           NULL,

    CONSTRAINT FK_allocations_line
        FOREIGN KEY (outbound_line_id)
        REFERENCES outbound.outbound_lines(outbound_line_id),

    CONSTRAINT FK_allocations_unit
        FOREIGN KEY (inventory_unit_id)
        REFERENCES inventory.inventory_units(inventory_unit_id),

    CONSTRAINT FK_allocations_status
        FOREIGN KEY (allocation_status)
        REFERENCES outbound.allocation_statuses(status_code),

    -- One unit can only be on one active allocation at a time
    CONSTRAINT UQ_allocations_active_unit
        UNIQUE (inventory_unit_id)
        -- Note: this is enforced via filtered index below for active allocations only
);
GO

-- Drop the broad UNIQUE — replace with filtered index (active allocations only)
ALTER TABLE outbound.outbound_allocations
DROP CONSTRAINT UQ_allocations_active_unit;
GO

CREATE UNIQUE INDEX UX_allocations_active_unit
ON outbound.outbound_allocations (inventory_unit_id)
WHERE allocation_status <> 'CANCELLED';
GO

PRINT 'outbound.outbound_allocations created.';
GO


/********************************************************************************************
    10. shipments
********************************************************************************************/
CREATE TABLE outbound.shipments
(
    shipment_id          INT IDENTITY(1,1) PRIMARY KEY,

    shipment_ref         NVARCHAR(50)  NOT NULL,

    haulier_party_id     INT           NULL,

    -- Vehicle / trailer reference (licence plate, trailer number)
    vehicle_ref          NVARCHAR(50)  NULL,

    ship_from_address_id INT           NOT NULL,

    planned_departure    DATETIME2(3)  NULL,
    actual_departure     DATETIME2(3)  NULL,

    shipment_status      VARCHAR(10)   NOT NULL DEFAULT ('OPEN'),

    notes                NVARCHAR(500) NULL,

    created_at           DATETIME2(3)  NOT NULL DEFAULT SYSUTCDATETIME(),
    created_by           INT           NULL,
    updated_at           DATETIME2(3)  NULL,
    updated_by           INT           NULL,

    CONSTRAINT UQ_shipments_ref
        UNIQUE (shipment_ref),

    CONSTRAINT FK_shipments_haulier
        FOREIGN KEY (haulier_party_id)
        REFERENCES core.parties(party_id),

    CONSTRAINT FK_shipments_address
        FOREIGN KEY (ship_from_address_id)
        REFERENCES core.party_addresses(address_id),

    CONSTRAINT FK_shipments_status
        FOREIGN KEY (shipment_status)
        REFERENCES outbound.shipment_statuses(status_code)
);
GO

-- Add shipment FK to outbound_orders now that shipments table exists
ALTER TABLE outbound.outbound_orders
ADD CONSTRAINT FK_outbound_orders_shipment
    FOREIGN KEY (shipment_id)
    REFERENCES outbound.shipments(shipment_id);
GO

PRINT 'outbound.shipments created.';
GO


/********************************************************************************************
    11. shipment_orders
    Junction table: one shipment → many orders, one order → one shipment.
********************************************************************************************/
CREATE TABLE outbound.shipment_orders
(
    shipment_id         INT          NOT NULL,
    outbound_order_id   INT          NOT NULL,

    added_at            DATETIME2(3) NOT NULL DEFAULT SYSUTCDATETIME(),
    added_by            INT          NULL,

    CONSTRAINT PK_shipment_orders
        PRIMARY KEY (shipment_id, outbound_order_id),

    CONSTRAINT FK_shipment_orders_shipment
        FOREIGN KEY (shipment_id)
        REFERENCES outbound.shipments(shipment_id),

    CONSTRAINT FK_shipment_orders_order
        FOREIGN KEY (outbound_order_id)
        REFERENCES outbound.outbound_orders(outbound_order_id)
);
GO

PRINT 'outbound.shipment_orders created.';
GO


/********************************************************************************************
    12. Indexes
********************************************************************************************/

-- Outbound orders: fast lookup by customer and status
CREATE INDEX IX_outbound_orders_customer_status
ON outbound.outbound_orders (customer_party_id, order_status_code);
GO

-- Outbound orders: fast lookup by shipment
CREATE INDEX IX_outbound_orders_shipment
ON outbound.outbound_orders (shipment_id)
WHERE shipment_id IS NOT NULL;
GO

-- Outbound lines: fast lookup by order
CREATE INDEX IX_outbound_lines_order
ON outbound.outbound_lines (outbound_order_id);
GO

-- Outbound lines: fast lookup by SKU (allocation engine)
CREATE INDEX IX_outbound_lines_sku
ON outbound.outbound_lines (sku_id, line_status_code);
GO

-- Allocations: fast lookup by line
CREATE INDEX IX_allocations_line
ON outbound.outbound_allocations (outbound_line_id);
GO

-- Shipment orders: fast lookup by order
CREATE INDEX IX_shipment_orders_order
ON outbound.shipment_orders (outbound_order_id);
GO

PRINT 'Outbound indexes created.';
GO
GO


-- -----------------------------------------------------------------------------
-- 090_outbound\usp_add_order_to_shipment.sql
-- -----------------------------------------------------------------------------

SET QUOTED_IDENTIFIER ON;
GO

CREATE OR ALTER PROCEDURE outbound.usp_add_order_to_shipment
(
    @shipment_ref  NVARCHAR(50),
    @order_ref     NVARCHAR(50),
    @user_id       INT              = NULL,
    @session_id    UNIQUEIDENTIFIER = NULL
)
AS
BEGIN
    SET NOCOUNT ON;
    SET XACT_ABORT ON;

    EXEC sys.sp_set_session_context @key = N'user_id',    @value = @user_id;
    EXEC sys.sp_set_session_context @key = N'session_id', @value = @session_id;

    -- Resolve refs to IDs
    DECLARE @outbound_order_id INT = (SELECT outbound_order_id FROM outbound.outbound_orders WHERE order_ref = @order_ref COLLATE Latin1_General_CS_AS);
    DECLARE @shipment_id       INT = (SELECT shipment_id       FROM outbound.shipments        WHERE shipment_ref = @shipment_ref COLLATE Latin1_General_CS_AS);

    DECLARE
        @order_status    VARCHAR(10),
        @shipment_status VARCHAR(10);

    BEGIN TRY
        BEGIN TRAN;

        SELECT @order_status = order_status_code
        FROM outbound.outbound_orders WITH (UPDLOCK, HOLDLOCK)
        WHERE outbound_order_id = @outbound_order_id;

        IF @order_status IS NULL
        BEGIN
            SELECT CAST(0 AS BIT) AS success, N'ERRORD01' AS result_code;
            ROLLBACK; RETURN;
        END

        IF @order_status NOT IN ('NEW','ALLOCATED','PICKING','PICKED')
        BEGIN
            SELECT CAST(0 AS BIT) AS success, N'ERRORD02' AS result_code;
            ROLLBACK; RETURN;
        END

        SELECT @shipment_status = shipment_status
        FROM outbound.shipments WITH (UPDLOCK, HOLDLOCK)
        WHERE shipment_id = @shipment_id;

        IF @shipment_status IS NULL
        BEGIN
            SELECT CAST(0 AS BIT) AS success, N'ERRSHIP01' AS result_code;
            ROLLBACK; RETURN;
        END

        IF @shipment_status NOT IN ('OPEN','LOADING')
        BEGIN
            SELECT CAST(0 AS BIT) AS success, N'ERRSHIP02' AS result_code;
            ROLLBACK; RETURN;
        END

        -- Link order to shipment
        UPDATE outbound.outbound_orders
        SET shipment_id = @shipment_id,
            updated_at  = SYSUTCDATETIME(),
            updated_by  = @user_id
        WHERE outbound_order_id = @outbound_order_id;

        -- Junction row
        IF NOT EXISTS (
            SELECT 1 FROM outbound.shipment_orders
            WHERE shipment_id = @shipment_id
              AND outbound_order_id = @outbound_order_id
        )
        BEGIN
            INSERT INTO outbound.shipment_orders
                (shipment_id, outbound_order_id, added_at, added_by)
            VALUES
                (@shipment_id, @outbound_order_id, SYSUTCDATETIME(), @user_id);
        END

        COMMIT;

        SELECT CAST(1 AS BIT) AS success, N'SUCORD01' AS result_code;

    END TRY
    BEGIN CATCH
        IF @@TRANCOUNT > 0 ROLLBACK;
        SELECT CAST(0 AS BIT) AS success, N'ERRORD01' AS result_code;
    END CATCH
END;

GO



/****** Object:  StoredProcedure [outbound].[usp_allocate_order]    Script Date: 18/04/2026 09:31:00 ******/



/********************************************************************************************
    2. outbound.usp_allocate_order
    Allocation engine — reserves stock for every line on an order.

    Strategy (driven by operations.settings 'outbound.allocation_strategy'):
      FEFO  — earliest best_before_date first
      FIFO  — earliest received_at first
      NONE  — FEFO if BBE present on unit, else FIFO (default)

    Rules:
      - Only PUTAWAY + AVAILABLE units
      - Full pallets only (unit quantity must satisfy line qty requirement)
      - Respects requested_batch and requested_bbe on line if set
      - Per-SKU allocation: per-line override on batch/BBE takes priority
      - All lines must be satisfiable — partial allocation rolls back

    Contract: success BIT | result_code NVARCHAR(20) | outbound_order_id INT
********************************************************************************************/
GO


-- -----------------------------------------------------------------------------
-- 090_outbound\usp_allocate_order.sql
-- -----------------------------------------------------------------------------

SET QUOTED_IDENTIFIER ON;
GO

CREATE OR ALTER PROCEDURE outbound.usp_allocate_order
(
    @outbound_order_id  INT,
    @allow_partial      BIT              = 0,
    @user_id            INT              = NULL,
    @session_id         UNIQUEIDENTIFIER = NULL
)
AS
BEGIN
    SET NOCOUNT ON;
    SET XACT_ABORT ON;

    EXEC sys.sp_set_session_context @key = N'user_id',    @value = @user_id;
    EXEC sys.sp_set_session_context @key = N'session_id', @value = @session_id;

    DECLARE
        @order_status   VARCHAR(10),
        @strategy       NVARCHAR(20),
        @now            DATETIME2(3) = SYSUTCDATETIME();

    BEGIN TRY
        BEGIN TRAN;

        /* ── 1. Validate order ── */
        SELECT @order_status = order_status_code
        FROM outbound.outbound_orders WITH (UPDLOCK, HOLDLOCK)
        WHERE outbound_order_id = @outbound_order_id;

        IF @order_status IS NULL
        BEGIN
            SELECT CAST(0 AS BIT) AS success, N'ERRORD01' AS result_code, NULL AS outbound_order_id;
            ROLLBACK; RETURN;
        END

        IF @order_status NOT IN ('NEW', 'ALLOCATED')
        BEGIN
            SELECT CAST(0 AS BIT) AS success, N'ERRORD02' AS result_code, @outbound_order_id AS outbound_order_id;
            ROLLBACK; RETURN;
        END

        /* ── 2. Read allocation strategy setting ── */
        SELECT @strategy = UPPER(LTRIM(RTRIM(setting_value)))
        FROM operations.settings
        WHERE setting_name = 'outbound.allocation_strategy';

        IF @strategy IS NULL OR @strategy NOT IN ('FEFO','FIFO','LIFO','NONE')
            SET @strategy = 'NONE';

        /* ── 3. Allocate each line ── */
        DECLARE
            @line_id              INT,
            @sku_id               INT,
            @ordered_qty          INT,
            @req_batch            NVARCHAR(100),
            @req_bbe              DATE,
            @unit_id              INT,
            @unit_qty             INT,
            @remaining            INT,
            @allocated_total      INT,
            @newly_allocated_qty  INT = 0;

        DECLARE line_cursor CURSOR LOCAL FAST_FORWARD FOR
            SELECT outbound_line_id, sku_id, ordered_qty, requested_batch, requested_bbe
            FROM outbound.outbound_lines
            WHERE outbound_order_id = @outbound_order_id
              AND line_status_code IN ('NEW', 'ALLOCATED', 'PICKING')
              AND allocated_qty < ordered_qty;

        OPEN line_cursor;
        FETCH NEXT FROM line_cursor INTO @line_id, @sku_id, @ordered_qty, @req_batch, @req_bbe;

        WHILE @@FETCH_STATUS = 0
        BEGIN
            -- Start remaining from what's not yet allocated on this line
            -- so partial re-allocation after deallocation works correctly
            SELECT @allocated_total = ISNULL(SUM(a.allocated_qty), 0)
            FROM outbound.outbound_allocations a
            WHERE a.outbound_line_id  = @line_id
              AND a.allocation_status <> 'CANCELLED';

            SET @remaining = @ordered_qty - @allocated_total;

            IF @remaining <= 0
            BEGIN
                FETCH NEXT FROM line_cursor INTO @line_id, @sku_id, @ordered_qty, @req_batch, @req_bbe;
                CONTINUE;
            END

            SET @allocated_total = 0;

            /* ── Per line: find eligible units ordered by strategy ── */
            DECLARE unit_cursor CURSOR LOCAL FAST_FORWARD FOR
                SELECT iu.inventory_unit_id, iu.quantity
                FROM inventory.inventory_units iu WITH (UPDLOCK)
                JOIN inventory.inventory_placements ip
                    ON ip.inventory_unit_id = iu.inventory_unit_id
                JOIN locations.bins b
                    ON b.bin_id = ip.bin_id
                JOIN locations.storage_types st
                    ON st.storage_type_id = b.storage_type_id
                WHERE iu.sku_id           = @sku_id
                  AND iu.stock_state_code = 'PTW'
                  AND iu.stock_status_code = 'AV'
                  -- Respect requested batch / BBE if specified on the line
                  AND (@req_batch IS NULL OR iu.batch_number    = @req_batch)
                  AND (@req_bbe   IS NULL OR iu.best_before_date = @req_bbe)
                  -- Only allocate from storage, not staging
                  AND st.storage_type_code <> 'STAGE'
                  -- Not already allocated
                  AND NOT EXISTS (
                      SELECT 1 FROM outbound.outbound_allocations a
                      WHERE a.inventory_unit_id = iu.inventory_unit_id
                        AND a.allocation_status <> 'CANCELLED'
                  )
                ORDER BY
                    CASE
                        WHEN @strategy = 'FEFO' THEN
                            CASE WHEN iu.best_before_date IS NOT NULL
                                 THEN CAST(iu.best_before_date AS DATETIME2)
                                 ELSE '9999-12-31'
                            END
                        WHEN @strategy = 'FIFO' THEN iu.created_at
                        WHEN @strategy = 'LIFO' THEN CAST('9999-12-31' AS DATETIME2)
                        WHEN @strategy = 'NONE' THEN
                            CASE WHEN iu.best_before_date IS NOT NULL
                                 THEN CAST(iu.best_before_date AS DATETIME2)
                                 ELSE iu.created_at
                            END
                        ELSE iu.created_at
                    END ASC,
                    CASE WHEN @strategy = 'LIFO' THEN iu.created_at END DESC;

            OPEN unit_cursor;
            FETCH NEXT FROM unit_cursor INTO @unit_id, @unit_qty;

            WHILE @@FETCH_STATUS = 0 AND @remaining > 0
            BEGIN
                IF @unit_qty <= @remaining
                BEGIN
                    INSERT INTO outbound.outbound_allocations
                    (
                        outbound_line_id, inventory_unit_id,
                        allocated_qty, allocation_status,
                        allocated_at, allocated_by
                    )
                    VALUES
                    (
                        @line_id, @unit_id,
                        @unit_qty, 'PENDING',
                        @now, @user_id
                    );

                    SET @remaining            -= @unit_qty;
                    SET @allocated_total      += @unit_qty;
                    SET @newly_allocated_qty  += @unit_qty;
                END

                FETCH NEXT FROM unit_cursor INTO @unit_id, @unit_qty;
            END

            CLOSE unit_cursor;
            DEALLOCATE unit_cursor;

            /* ── Check line fully allocated ── */
            IF @remaining > 0
            BEGIN
                IF @allow_partial = 0
                BEGIN
                    CLOSE line_cursor;
                    DEALLOCATE line_cursor;
                    IF @req_batch IS NOT NULL OR @req_bbe IS NOT NULL
                        SELECT CAST(0 AS BIT) AS success, N'ERRALLOC02' AS result_code, @outbound_order_id AS outbound_order_id;
                    ELSE
                        SELECT CAST(0 AS BIT) AS success, N'ERRALLOC01' AS result_code, @outbound_order_id AS outbound_order_id;
                    ROLLBACK; RETURN;
                END
                /* Partial mode: record what was allocated on this line, move to next */
                IF @allocated_total - @remaining > 0 OR @newly_allocated_qty > 0
                BEGIN
                    UPDATE outbound.outbound_lines
                    SET allocated_qty    = @ordered_qty - @remaining,
                        line_status_code = CASE WHEN @ordered_qty - @remaining > 0 THEN 'ALLOCATED' ELSE line_status_code END,
                        updated_at       = @now,
                        updated_by       = @user_id
                    WHERE outbound_line_id = @line_id;
                END
                FETCH NEXT FROM line_cursor INTO @line_id, @sku_id, @ordered_qty, @req_batch, @req_bbe;
                CONTINUE;
            END

            /* ── Update line ── */
            UPDATE outbound.outbound_lines
            SET allocated_qty    = @ordered_qty,
                line_status_code = 'ALLOCATED',
                updated_at       = @now,
                updated_by       = @user_id
            WHERE outbound_line_id = @line_id;

            FETCH NEXT FROM line_cursor INTO @line_id, @sku_id, @ordered_qty, @req_batch, @req_bbe;
        END

        CLOSE line_cursor;
        DEALLOCATE line_cursor;

        /* ── Update order header ── */
        UPDATE outbound.outbound_orders
        SET order_status_code = 'ALLOCATED',
            updated_at        = @now,
            updated_by        = @user_id
        WHERE outbound_order_id = @outbound_order_id;

        COMMIT;

        SELECT
            CAST(1 AS BIT) AS success,
            CASE WHEN @newly_allocated_qty > 0 THEN N'SUCORD02' ELSE N'WARNORD01' END AS result_code,
            @outbound_order_id AS outbound_order_id;

    END TRY
    BEGIN CATCH
        IF @@TRANCOUNT > 0 ROLLBACK;
        IF CURSOR_STATUS('local','line_cursor') >= 0 BEGIN CLOSE line_cursor; DEALLOCATE line_cursor; END
        IF CURSOR_STATUS('local','unit_cursor') >= 0 BEGIN CLOSE unit_cursor; DEALLOCATE unit_cursor; END
        SELECT CAST(0 AS BIT) AS success, N'ERRORD01' AS result_code, NULL AS outbound_order_id;
    END CATCH
END;

GO



/****** Object:  StoredProcedure [outbound].[usp_create_order]    Script Date: 18/04/2026 09:31:17 ******/


/********************************************************************************************
    WIP PATCH — Outbound stored procedures
    Date: 2026-04-17

    1. outbound.usp_create_order
    2. outbound.usp_allocate_order
    3. outbound.usp_create_shipment
    4. outbound.usp_add_order_to_shipment
    5. outbound.usp_pick_create
    6. outbound.usp_pick_confirm
    7. outbound.usp_ship
********************************************************************************************/


/********************************************************************************************
    1. outbound.usp_create_order
    Creates outbound order header + lines in a single transaction.

    @lines_json — JSON array of line objects:
    [
      { "line_no": 1, "sku_code": "SKU001", "ordered_qty": 2,
        "requested_batch": null, "requested_bbe": null, "notes": null },
      ...
    ]

    Contract: success BIT | result_code NVARCHAR(20) | outbound_order_id INT
********************************************************************************************/
GO


-- -----------------------------------------------------------------------------
-- 090_outbound\usp_cancel_allocation.sql
-- -----------------------------------------------------------------------------

SET QUOTED_IDENTIFIER ON;
GO

CREATE OR ALTER PROCEDURE outbound.usp_cancel_allocation
(
    @allocation_id  INT,
    @reason         NVARCHAR(200) = NULL,
    @user_id        INT,
    @session_id     UNIQUEIDENTIFIER
)
AS
BEGIN
    SET NOCOUNT ON;
    SET XACT_ABORT ON;

    EXEC sys.sp_set_session_context @key = N'user_id',    @value = @user_id;
    EXEC sys.sp_set_session_context @key = N'session_id', @value = @session_id;

    DECLARE
        @alloc_status       VARCHAR(10),
        @is_terminal        BIT,
        @outbound_line_id   INT,
        @allocated_qty      INT,
        @line_status        VARCHAR(10),
        @now                DATETIME2(3) = SYSUTCDATETIME();

    BEGIN TRY
        BEGIN TRAN;

        /* ── 1. Lock and read allocation ── */
        SELECT
            @alloc_status     = a.allocation_status,
            @outbound_line_id = a.outbound_line_id,
            @allocated_qty    = a.allocated_qty
        FROM outbound.outbound_allocations a WITH (UPDLOCK, HOLDLOCK)
        WHERE a.allocation_id = @allocation_id;

        IF @alloc_status IS NULL
        BEGIN
            SELECT CAST(0 AS BIT) AS success, N'ERRALLOC04' AS result_code;
            ROLLBACK; RETURN;
        END

        /* ── 2. Check terminal states ── */
        SELECT @is_terminal = is_terminal
        FROM outbound.allocation_statuses
        WHERE status_code = @alloc_status;

        IF @is_terminal = 1
        BEGIN
            SELECT CAST(0 AS BIT) AS success, N'ERRALLOC04' AS result_code;
            ROLLBACK; RETURN;
        END

        /* ── 3. Cancel the allocation ── */
        UPDATE outbound.outbound_allocations
        SET allocation_status = 'CANCELLED',
            updated_at        = @now,
            updated_by        = @user_id
        WHERE allocation_id = @allocation_id;

        /* ── 3b. Cancel any open PICK tasks for this unit ── */
        DECLARE @inv_unit_id INT;
        SELECT @inv_unit_id = inventory_unit_id
        FROM outbound.outbound_allocations
        WHERE allocation_id = @allocation_id;

        UPDATE warehouse.warehouse_tasks
        SET task_state_code = 'CNL',
            updated_at      = @now,
            updated_by      = @user_id
        WHERE inventory_unit_id = @inv_unit_id
          AND task_type_code    = 'PICK'
          AND task_state_code   = 'OPN';

        /* ── 4. Roll back line allocated_qty and status ── */
        SELECT @line_status = line_status_code
        FROM outbound.outbound_lines
        WHERE outbound_line_id = @outbound_line_id;

        UPDATE outbound.outbound_lines
        SET allocated_qty    = allocated_qty - @allocated_qty,
            -- If all allocations cancelled, line goes back to NEW; otherwise stays ALLOCATED/PICKING
            line_status_code = CASE
                WHEN (allocated_qty - @allocated_qty) <= 0 THEN 'NEW'
                ELSE line_status_code
            END,
            updated_at       = @now,
            updated_by       = @user_id
        WHERE outbound_line_id = @outbound_line_id;

        /* ── 5. Reopen order header if it was ALLOCATED or PICKING ── */
        UPDATE outbound.outbound_orders
        SET order_status_code = 'NEW',
            updated_at        = @now,
            updated_by        = @user_id
        WHERE outbound_order_id = (
            SELECT outbound_order_id FROM outbound.outbound_lines
            WHERE outbound_line_id = @outbound_line_id
        )
          AND order_status_code IN ('ALLOCATED', 'PICKING');

        COMMIT;

        SELECT CAST(1 AS BIT) AS success, N'SUCALLOC02' AS result_code;

    END TRY
    BEGIN CATCH
        IF @@TRANCOUNT > 0 ROLLBACK;
        SELECT CAST(0 AS BIT) AS success, N'ERRALLOC99' AS result_code;
    END CATCH
END;
GO

PRINT 'outbound.usp_cancel_allocation created.';
GO

PRINT 'outbound.usp_cancel_allocation created.';
GO


-- -----------------------------------------------------------------------------
-- 090_outbound\usp_cancel_order.sql
-- -----------------------------------------------------------------------------

SET QUOTED_IDENTIFIER ON;
GO

CREATE OR ALTER PROCEDURE outbound.usp_cancel_order
(
    @outbound_order_id  INT,
    @user_id            INT,
    @session_id         UNIQUEIDENTIFIER
)
AS
BEGIN
    SET NOCOUNT ON;
    SET XACT_ABORT ON;

    EXEC sys.sp_set_session_context @key = N'user_id',    @value = @user_id;
    EXEC sys.sp_set_session_context @key = N'session_id', @value = @session_id;

    DECLARE
        @order_status   VARCHAR(10),
        @lines_in_flight INT,
        @now            DATETIME2(3) = SYSUTCDATETIME();

    BEGIN TRY
        BEGIN TRAN;

        /* ── 1. Lock and read order ── */
        SELECT @order_status = order_status_code
        FROM outbound.outbound_orders WITH (UPDLOCK, HOLDLOCK)
        WHERE outbound_order_id = @outbound_order_id;

        IF @order_status IS NULL
        BEGIN
            SELECT CAST(0 AS BIT) AS success, N'ERRORD12' AS result_code;
            ROLLBACK; RETURN;
        END

        /* ── 2. Refuse terminal statuses ── */
        IF @order_status IN ('CANCELLED', 'DEPARTED')
        BEGIN
            SELECT CAST(0 AS BIT) AS success, N'ERRORD14' AS result_code;
            ROLLBACK; RETURN;
        END

        /* ── 3. Hard-refuse if any line is beyond NEW ──
               Line statuses beyond NEW: ALLOCATED, PICKING, PICKED, LOADED, CNL
               We only allow cancellation when ALL active lines are NEW.        */
        SELECT @lines_in_flight = COUNT(*)
        FROM outbound.outbound_lines
        WHERE outbound_order_id = @outbound_order_id
          AND line_status_code NOT IN ('NEW', 'CNL');

        IF @lines_in_flight > 0
        BEGIN
            SELECT CAST(0 AS BIT) AS success, N'ERRORD13' AS result_code;
            ROLLBACK; RETURN;
        END

        /* ── 4. Cancel all NEW lines ── */
        UPDATE outbound.outbound_lines
        SET line_status_code = 'CNL',
            updated_at       = @now,
            updated_by       = @user_id
        WHERE outbound_order_id = @outbound_order_id
          AND line_status_code  = 'NEW';

        /* ── 5. Cancel the order header ── */
        UPDATE outbound.outbound_orders
        SET order_status_code = 'CANCELLED',
            updated_at        = @now,
            updated_by        = @user_id
        WHERE outbound_order_id = @outbound_order_id;

        COMMIT;

        SELECT CAST(1 AS BIT) AS success, N'SUCORD11' AS result_code;

    END TRY
    BEGIN CATCH
        IF @@TRANCOUNT > 0 ROLLBACK;
        SELECT CAST(0 AS BIT) AS success, N'ERRORD99' AS result_code;
    END CATCH
END;
GO

PRINT 'outbound.usp_cancel_order created.';
GO


-- -----------------------------------------------------------------------------
-- 090_outbound\usp_confirm_load.sql
-- -----------------------------------------------------------------------------

SET QUOTED_IDENTIFIER ON;
GO

CREATE OR ALTER PROCEDURE outbound.usp_confirm_load
(
    @outbound_order_id  INT,
    @shipment_id        INT,
    @user_id            INT,
    @session_id         UNIQUEIDENTIFIER
)
AS
BEGIN
    SET NOCOUNT ON;
    SET XACT_ABORT ON;

    EXEC sys.sp_set_session_context @key = N'user_id',    @value = @user_id;
    EXEC sys.sp_set_session_context @key = N'session_id', @value = @session_id;

    DECLARE
        @order_status    VARCHAR(10),
        @order_shipment  INT,
        @now             DATETIME2(3) = SYSUTCDATETIME();

    BEGIN TRY
        BEGIN TRAN;

        /* ── 1. Validate order exists and belongs to this shipment ── */
        SELECT
            @order_status   = order_status_code,
            @order_shipment = shipment_id
        FROM outbound.outbound_orders WITH (UPDLOCK, HOLDLOCK)
        WHERE outbound_order_id = @outbound_order_id;

        IF @order_status IS NULL
        BEGIN
            SELECT CAST(0 AS BIT) AS success, N'ERRORD01' AS result_code;
            ROLLBACK; RETURN;
        END

        IF @order_shipment <> @shipment_id
        BEGIN
            SELECT CAST(0 AS BIT) AS success, N'ERRORD02' AS result_code;
            ROLLBACK; RETURN;
        END

        IF @order_status NOT IN ('PICKED', 'LOADED')
        BEGIN
            SELECT CAST(0 AS BIT) AS success, N'ERRORD02' AS result_code;
            ROLLBACK; RETURN;
        END

        /* ── 2. Transition order → LOADED ── */
        UPDATE outbound.outbound_orders
        SET order_status_code = 'LOADED',
            updated_at        = @now,
            updated_by        = @user_id
        WHERE outbound_order_id = @outbound_order_id;

        /* ── 3. Transition shipment → LOADING if still OPEN ── */
        UPDATE outbound.shipments
        SET shipment_status = 'LOADING',
            updated_at      = @now,
            updated_by      = @user_id
        WHERE shipment_id     = @shipment_id
          AND shipment_status = 'OPEN';

        COMMIT;

        SELECT CAST(1 AS BIT) AS success, N'SUCLOAD01' AS result_code;

    END TRY
    BEGIN CATCH
        IF @@TRANCOUNT > 0 ROLLBACK;
        SELECT CAST(0 AS BIT) AS success, N'ERRTASK99' AS result_code;
    END CATCH
END;
GO
PRINT 'outbound.usp_confirm_load redesigned.';
GO

-- Add SUCLOAD01 message
GO


-- -----------------------------------------------------------------------------
-- 090_outbound\usp_create_order.sql
-- -----------------------------------------------------------------------------

SET QUOTED_IDENTIFIER ON;
GO

CREATE OR ALTER PROCEDURE outbound.usp_create_order
(
    @order_ref           NVARCHAR(50),
    @customer_party_code NVARCHAR(50),
    @haulier_party_code  NVARCHAR(50)     = NULL,
    @delivery_address_id INT              = NULL,
    @delivery_party_code NVARCHAR(50)     = NULL,
    @required_date       DATE             = NULL,
    @order_source        VARCHAR(10)      = 'API',
    @notes               NVARCHAR(500)    = NULL,
    @lines_json          NVARCHAR(MAX)    = NULL,
    @user_id             INT              = NULL,
    @session_id          UNIQUEIDENTIFIER = NULL
)
AS
BEGIN
    SET NOCOUNT ON;
    SET XACT_ABORT ON;

    EXEC sys.sp_set_session_context @key = N'user_id',    @value = @user_id;
    EXEC sys.sp_set_session_context @key = N'session_id', @value = @session_id;

    DECLARE @outbound_order_id INT;

    BEGIN TRY
        BEGIN TRAN;

        /* ── 1. Validate order ref uniqueness ── */
        IF EXISTS (SELECT 1 FROM outbound.outbound_orders WHERE order_ref = @order_ref COLLATE Latin1_General_CS_AS)
        BEGIN
            SELECT CAST(0 AS BIT) AS success, N'ERRORD02' AS result_code, NULL AS outbound_order_id;
            ROLLBACK; RETURN;
        END

        /* ── 2. Resolve customer party code to ID ── */
        DECLARE @customer_party_id INT = (SELECT party_id FROM core.parties WHERE party_code = @customer_party_code COLLATE Latin1_General_CS_AS AND is_active = 1);

        IF @customer_party_id IS NULL
        BEGIN
            SELECT CAST(0 AS BIT) AS success, N'ERRORD01' AS result_code, NULL AS outbound_order_id;
            ROLLBACK; RETURN;
        END

        DECLARE @haulier_party_id INT = NULL;
        IF @haulier_party_code IS NOT NULL
            SET @haulier_party_id = (SELECT party_id FROM core.parties WHERE party_code = @haulier_party_code COLLATE Latin1_General_CS_AS);

        /* Resolve delivery party code to primary address if provided */
        IF @delivery_party_code IS NOT NULL AND @delivery_address_id IS NULL
        BEGIN
            SELECT @delivery_address_id = a.address_id
            FROM core.party_addresses a
            JOIN core.parties p ON p.party_id = a.party_id
            WHERE p.party_code COLLATE Latin1_General_CS_AS = @delivery_party_code
              AND a.is_primary  = 1
              AND a.is_active   = 1;
        END

        /* Validate delivery address belongs to customer if provided */
        IF @delivery_address_id IS NOT NULL
           AND NOT EXISTS (
               SELECT 1 FROM core.party_addresses
               WHERE address_id = @delivery_address_id
                 AND party_id   = @customer_party_id
                 AND is_active  = 1
           )
        BEGIN
            SELECT CAST(0 AS BIT) AS success, N'ERRORD06' AS result_code, NULL AS outbound_order_id;
            ROLLBACK; RETURN;
        END


        /* ── 3. Validate lines JSON not empty ── */
        IF @lines_json IS NULL OR ISJSON(@lines_json) = 0
           OR NOT EXISTS (SELECT 1 FROM OPENJSON(@lines_json))
        BEGIN
            SELECT CAST(0 AS BIT) AS success, N'ERRORD04' AS result_code, NULL AS outbound_order_id;
            ROLLBACK; RETURN;
        END

        /* ── 4. Insert order header ── */
        INSERT INTO outbound.outbound_orders
        (
            order_ref, customer_party_id, haulier_party_id,
            delivery_address_id,
            order_status_code, order_source,
            required_date, notes,
            created_at, created_by
        )
        VALUES
        (
            @order_ref, @customer_party_id, @haulier_party_id,
            @delivery_address_id,
            'NEW', @order_source,
            @required_date, @notes,
            SYSUTCDATETIME(), @user_id
        );

        SET @outbound_order_id = SCOPE_IDENTITY();

        /* ── 5. Insert lines from JSON ── */
        INSERT INTO outbound.outbound_lines
        (
            outbound_order_id, line_no, sku_id,
            ordered_qty, requested_batch, requested_bbe,
            line_status_code, notes,
            created_at, created_by
        )
        SELECT
            @outbound_order_id,
            CAST(j.line_no AS INT),
            s.sku_id,
            CAST(j.ordered_qty AS INT),
            NULLIF(j.requested_batch, ''),
            TRY_CAST(NULLIF(j.requested_bbe, '') AS DATE),
            'NEW',
            NULLIF(j.notes, ''),
            SYSUTCDATETIME(),
            @user_id
        FROM OPENJSON(@lines_json)
        WITH (
            line_no         INT            '$.LineNo',
            sku_code        NVARCHAR(50)   '$.SkuCode',
            ordered_qty     INT            '$.OrderedQty',
            requested_batch NVARCHAR(100)  '$.RequestedBatch',
            requested_bbe   NVARCHAR(20)   '$.RequestedBbe',
            notes           NVARCHAR(500)  '$.Notes'
        ) j
        JOIN inventory.skus s
            ON s.sku_code = j.sku_code
           AND s.is_active = 1;

        /* ── 6. Verify all lines resolved (no unknown SKU codes) ── */
        DECLARE @json_line_count   INT = (SELECT COUNT(*) FROM OPENJSON(@lines_json));
        DECLARE @inserted_count    INT = (SELECT COUNT(*) FROM outbound.outbound_lines
                                          WHERE outbound_order_id = @outbound_order_id);

        IF @inserted_count <> @json_line_count
        BEGIN
            SELECT CAST(0 AS BIT) AS success, N'ERRORD04' AS result_code, NULL AS outbound_order_id;
            ROLLBACK; RETURN;
        END

        COMMIT;

        SELECT CAST(1 AS BIT) AS success, N'SUCORD01' AS result_code, @outbound_order_id AS outbound_order_id;

    END TRY
    BEGIN CATCH
        IF @@TRANCOUNT > 0 ROLLBACK;
        SELECT CAST(0 AS BIT) AS success, N'ERRORD01' AS result_code, NULL AS outbound_order_id;
    END CATCH
END;

GO



/****** Object:  StoredProcedure [outbound].[usp_create_shipment]    Script Date: 18/04/2026 09:31:33 ******/



/********************************************************************************************
    3. outbound.usp_create_shipment
    Contract: success BIT | result_code NVARCHAR(20) | shipment_id INT
********************************************************************************************/
GO


-- -----------------------------------------------------------------------------
-- 090_outbound\usp_create_shipment.sql
-- -----------------------------------------------------------------------------

SET QUOTED_IDENTIFIER ON;
GO

CREATE OR ALTER PROCEDURE outbound.usp_create_shipment
(
    @shipment_ref       NVARCHAR(50),
    @haulier_party_code NVARCHAR(50),
    @vehicle_ref        NVARCHAR(50)     = NULL,
    @planned_departure  DATETIME2(3)     = NULL,
    @notes              NVARCHAR(500)    = NULL,
    @user_id            INT              = NULL,
    @session_id         UNIQUEIDENTIFIER = NULL
)
AS
BEGIN
    SET NOCOUNT ON;
    SET XACT_ABORT ON;

    EXEC sys.sp_set_session_context @key = N'user_id',    @value = @user_id;
    EXEC sys.sp_set_session_context @key = N'session_id', @value = @session_id;

    DECLARE @shipment_id INT;

    BEGIN TRY
        BEGIN TRAN;

        IF EXISTS (SELECT 1 FROM outbound.shipments WHERE shipment_ref = @shipment_ref COLLATE Latin1_General_CS_AS)
        BEGIN
            SELECT CAST(0 AS BIT) AS success, N'ERRSHIP02' AS result_code, NULL AS shipment_id;
            ROLLBACK; RETURN;
        END

        -- Resolve haulier party code to ID
        DECLARE @haulier_party_id INT = (SELECT party_id FROM core.parties WHERE party_code = @haulier_party_code COLLATE Latin1_General_CS_AS);

        -- Resolve ship-from address from warehouse party (primary address)
        DECLARE @ship_from_address_id INT = (
            SELECT TOP 1 a.address_id
            FROM core.party_addresses a
            JOIN core.party_roles r ON r.party_id = a.party_id
            WHERE r.role_code = 'WAREHOUSE'
              AND a.is_primary = 1
              AND a.is_active  = 1
        );

        INSERT INTO outbound.shipments
        (
            shipment_ref, haulier_party_id, vehicle_ref,
            ship_from_address_id, planned_departure,
            shipment_status, notes,
            created_at, created_by
        )
        VALUES
        (
            @shipment_ref, @haulier_party_id, @vehicle_ref,
            @ship_from_address_id, @planned_departure,
            'OPEN', @notes,
            SYSUTCDATETIME(), @user_id
        );


        SET @shipment_id = SCOPE_IDENTITY();

        COMMIT;

        SELECT CAST(1 AS BIT) AS success, N'SUCSHIP01' AS result_code, @shipment_id AS shipment_id;

    END TRY
    BEGIN CATCH
        IF @@TRANCOUNT > 0 ROLLBACK;
        SELECT CAST(0 AS BIT) AS success, N'ERRSHIP01' AS result_code, NULL AS shipment_id;
    END CATCH
END;

GO




-- ── outbound.usp_pick_confirm: UPPER() removed from bin comparison ───────────
GO


-- -----------------------------------------------------------------------------
-- 090_outbound\usp_deallocate_order.sql
-- -----------------------------------------------------------------------------

SET QUOTED_IDENTIFIER ON;
GO

CREATE OR ALTER PROCEDURE outbound.usp_deallocate_order
(
    @outbound_order_id  INT,
    @user_id            INT,
    @session_id         UNIQUEIDENTIFIER
)
AS
BEGIN
    SET NOCOUNT ON;
    SET XACT_ABORT ON;

    EXEC sys.sp_set_session_context @key = N'user_id',    @value = @user_id;
    EXEC sys.sp_set_session_context @key = N'session_id', @value = @session_id;

    DECLARE
        @order_status       VARCHAR(10),
        @cancelled_count    INT = 0,
        @now                DATETIME2(3) = SYSUTCDATETIME();

    BEGIN TRY
        BEGIN TRAN;

        /* ── 1. Lock and validate order ── */
        SELECT @order_status = order_status_code
        FROM outbound.outbound_orders WITH (UPDLOCK, HOLDLOCK)
        WHERE outbound_order_id = @outbound_order_id;

        IF @order_status IS NULL
        BEGIN
            SELECT CAST(0 AS BIT) AS success, N'ERRORD10' AS result_code;
            ROLLBACK; RETURN;
        END

        IF @order_status NOT IN ('ALLOCATED', 'PICKING')
        BEGIN
            SELECT CAST(0 AS BIT) AS success, N'ERRORD11' AS result_code;
            ROLLBACK; RETURN;
        END

        /* ── 2. Cancel all PENDING and CONFIRMED allocations on this order ──
               PICKED allocations stay — stock is already physically moved.     */
        UPDATE a
        SET a.allocation_status = 'CANCELLED',
            a.updated_at        = @now,
            a.updated_by        = @user_id
        FROM outbound.outbound_allocations a
        JOIN outbound.outbound_lines l
            ON l.outbound_line_id = a.outbound_line_id
        WHERE l.outbound_order_id  = @outbound_order_id
          AND a.allocation_status IN ('PENDING', 'CONFIRMED');

        SET @cancelled_count = @@ROWCOUNT;

        /* ── 3. Recalculate allocated_qty per line and fix line status ──
               allocated_qty = sum of remaining non-cancelled, non-picked allocs.
               If allocated_qty drops to 0 and nothing is picked → NEW.
               If picked_qty > 0 but allocated_qty = 0 → stays PICKING
               (supervisor must deal with partially-picked line).              */
        UPDATE l
        SET l.allocated_qty    = ISNULL(active.total_active_qty, 0),
            l.line_status_code = CASE
                WHEN ISNULL(active.total_active_qty, 0) = 0 AND l.picked_qty = 0 THEN 'NEW'
                WHEN ISNULL(active.total_active_qty, 0) = 0 AND l.picked_qty > 0 THEN 'PICKING'
                ELSE l.line_status_code
            END,
            l.updated_at       = @now,
            l.updated_by       = @user_id
        FROM outbound.outbound_lines l
        LEFT JOIN (
            SELECT a.outbound_line_id,
                   SUM(a.allocated_qty) AS total_active_qty
            FROM outbound.outbound_allocations a
            WHERE a.allocation_status NOT IN ('CANCELLED', 'PICKED')
            GROUP BY a.outbound_line_id
        ) active
            ON active.outbound_line_id = l.outbound_line_id
        WHERE l.outbound_order_id = @outbound_order_id;

        /* ── 4. Reset order header ──
               If no active allocations remain at all, order → NEW.
               If some picked lines exist → PICKING (partial).                 */
        DECLARE @remaining_active INT;

        SELECT @remaining_active = COUNT(*)
        FROM outbound.outbound_allocations a
        JOIN outbound.outbound_lines l
            ON l.outbound_line_id = a.outbound_line_id
        WHERE l.outbound_order_id  = @outbound_order_id
          AND a.allocation_status NOT IN ('CANCELLED', 'PICKED');

        DECLARE @any_picked INT;

        SELECT @any_picked = COUNT(*)
        FROM outbound.outbound_allocations a
        JOIN outbound.outbound_lines l
            ON l.outbound_line_id = a.outbound_line_id
        WHERE l.outbound_order_id  = @outbound_order_id
          AND a.allocation_status  = 'PICKED';

        UPDATE outbound.outbound_orders
        SET order_status_code = CASE
                WHEN @remaining_active = 0 AND @any_picked = 0 THEN 'NEW'
                WHEN @remaining_active = 0 AND @any_picked > 0 THEN 'PICKING'
                ELSE order_status_code
            END,
            updated_at        = @now,
            updated_by        = @user_id
        WHERE outbound_order_id = @outbound_order_id;

        COMMIT;

        SELECT CAST(1 AS BIT) AS success, N'SUCORD10' AS result_code;

    END TRY
    BEGIN CATCH
        IF @@TRANCOUNT > 0 ROLLBACK;
        SELECT CAST(0 AS BIT) AS success, N'ERRORD99' AS result_code;
    END CATCH
END;
GO

PRINT 'outbound.usp_deallocate_order created.';
GO


-- ══════════════════════════════════════════════════════════════════════════════
-- Order cancellation SP + error codes  (merged from WIP_cancel_order)
-- ══════════════════════════════════════════════════════════════════════════════

USE PW_Core_DEV;
GO

-- ══════════════════════════════════════════════════════════════════════════════
-- NEW ERROR CODES — Order cancellation
-- ══════════════════════════════════════════════════════════════════════════════
GO


-- -----------------------------------------------------------------------------
-- 090_outbound\usp_pick_confirm.sql
-- -----------------------------------------------------------------------------

SET QUOTED_IDENTIFIER ON;
GO

CREATE OR ALTER PROCEDURE outbound.usp_pick_confirm
(
    @task_id          INT,
    @scanned_bin_code NVARCHAR(100),
    @scanned_sscc     NVARCHAR(100),
    @user_id          INT,
    @session_id       UNIQUEIDENTIFIER
)
AS
BEGIN
    SET NOCOUNT ON;
    SET XACT_ABORT ON;

    -- Trim whitespace only — no case normalisation
    SET @scanned_bin_code = LTRIM(RTRIM(@scanned_bin_code)) COLLATE Latin1_General_CS_AS;
    SET @scanned_sscc     = LTRIM(RTRIM(@scanned_sscc));

    DECLARE
        @inventory_unit_id  INT,
        @outbound_line_id   INT,
        @allocation_id      INT,
        @outbound_order_id  INT,
        @dest_bin_id        INT,
        @dest_bin_code      NVARCHAR(100),
        @source_bin_code    NVARCHAR(100),
        @unit_external_ref  NVARCHAR(100),
        @sku_id             INT,
        @quantity           INT,
        @stock_status_code  VARCHAR(2),
        @source_bin_id      INT,
        @task_state         VARCHAR(3),
        @now                DATETIME2(3) = SYSUTCDATETIME();

    BEGIN TRY
        BEGIN TRAN;

        /* ── 1. Resolve task ── */
        SELECT
            @inventory_unit_id = t.inventory_unit_id,
            @source_bin_id     = t.source_bin_id,
            @dest_bin_id       = t.destination_bin_id,
            @task_state        = t.task_state_code
        FROM warehouse.warehouse_tasks t WITH (UPDLOCK, HOLDLOCK)
        WHERE t.task_id        = @task_id
          AND t.task_type_code = 'PICK'
          AND t.task_state_code IN ('OPN','CLM');

        IF @inventory_unit_id IS NULL
        BEGIN
            SELECT CAST(0 AS BIT) AS success, N'ERRPICK01' AS result_code;
            ROLLBACK; RETURN;
        END

        /* ── 2. Validate scanned source bin — exact match, no UPPER() ── */
        SELECT @source_bin_code = bin_code
        FROM locations.bins
        WHERE bin_id = @source_bin_id;

        IF @scanned_bin_code <> @source_bin_code
        BEGIN
            SELECT CAST(0 AS BIT) AS success, N'ERRPICK03' AS result_code;
            ROLLBACK; RETURN;
        END

        /* ── 3. Validate scanned SSCC ── */
        SELECT
            @unit_external_ref = iu.external_ref,
            @sku_id            = iu.sku_id,
            @quantity          = iu.quantity,
            @stock_status_code = iu.stock_status_code
        FROM inventory.inventory_units iu WITH (UPDLOCK, HOLDLOCK)
        WHERE iu.inventory_unit_id = @inventory_unit_id;

        IF LTRIM(RTRIM(@scanned_sscc)) <> LTRIM(RTRIM(@unit_external_ref))
        BEGIN
            SELECT CAST(0 AS BIT) AS success, N'ERRPICK02' AS result_code;
            ROLLBACK; RETURN;
        END

        /* ── 4. Get destination bin code ── */
        SELECT @dest_bin_code = bin_code
        FROM locations.bins
        WHERE bin_id = @dest_bin_id;

        /* ── 5. Move placement to staging ── */
        UPDATE inventory.inventory_placements
        SET bin_id    = @dest_bin_id,
            placed_at = @now,
            placed_by = @user_id
        WHERE inventory_unit_id = @inventory_unit_id;

        /* ── 6. Transition unit → PKD ── */
        UPDATE inventory.inventory_units
        SET stock_state_code = 'PKD',
            updated_at       = @now,
            updated_by       = @user_id
        WHERE inventory_unit_id = @inventory_unit_id;

        /* ── 7. Confirm task ── */
        UPDATE warehouse.warehouse_tasks
        SET task_state_code      = 'CNF',
            completed_at         = @now,
            completed_by_user_id = @user_id,
            updated_at           = @now,
            updated_by           = @user_id
        WHERE task_id = @task_id;

        /* ── 8. Mark allocation PICKED ── */
        SELECT @allocation_id = allocation_id
        FROM outbound.outbound_allocations
        WHERE inventory_unit_id = @inventory_unit_id
          AND allocation_status = 'CONFIRMED';

        IF @allocation_id IS NOT NULL
            UPDATE outbound.outbound_allocations
            SET allocation_status = 'PICKED',
                updated_at        = @now,
                updated_by        = @user_id
            WHERE allocation_id = @allocation_id;

        /* ── 9. Record movement ── */
        INSERT INTO inventory.inventory_movements
            (inventory_unit_id, sku_id, moved_qty,
             from_bin_id, to_bin_id,
             from_state_code, to_state_code,
             from_status_code, to_status_code,
             movement_type, reference_type, reference_id,
             moved_at, moved_by_user_id, session_id)
        VALUES
            (@inventory_unit_id, @sku_id, @quantity,
             @source_bin_id, @dest_bin_id,
             'PTW', 'PKD',
             @stock_status_code, @stock_status_code,
             'PICK', 'TASK', @task_id,
             @now, @user_id, @session_id);


        /* ── 9. Update line picked_qty and line_status_code ── */
        DECLARE @pick_line_id INT;
        SELECT @pick_line_id = outbound_line_id
        FROM outbound.outbound_allocations
        WHERE allocation_id = @allocation_id;

        IF @pick_line_id IS NOT NULL
        BEGIN
            UPDATE outbound.outbound_lines
            SET picked_qty       = picked_qty + @quantity,
                line_status_code = CASE
                    WHEN (picked_qty + @quantity) >= ordered_qty THEN 'PICKED'
                    ELSE 'PICKING'
                END,
                updated_at = @now,
                updated_by = @user_id
            WHERE outbound_line_id = @pick_line_id;
        END
        /* ── 10. Check if all allocations confirmed → mark order PICKED ── */
        SELECT @outbound_order_id = ol.outbound_order_id
        FROM outbound.outbound_allocations a
        JOIN outbound.outbound_lines ol ON ol.outbound_line_id = a.outbound_line_id
        WHERE a.inventory_unit_id = @inventory_unit_id
          AND a.allocation_id     = @allocation_id;

        IF @outbound_order_id IS NOT NULL
        BEGIN
            IF NOT EXISTS (
                SELECT 1
                FROM outbound.outbound_allocations a
                JOIN outbound.outbound_lines ol ON ol.outbound_line_id = a.outbound_line_id
                WHERE ol.outbound_order_id = @outbound_order_id
                  AND a.allocation_status IN ('PENDING', 'CONFIRMED')
            )
            BEGIN
                UPDATE outbound.outbound_orders
                SET order_status_code = 'PICKED',
                    updated_at        = @now,
                    updated_by        = @user_id
                WHERE outbound_order_id = @outbound_order_id
                  AND order_status_code = 'PICKING';
            END
        END

        COMMIT;
        SELECT CAST(1 AS BIT) AS success, N'SUCPICK01' AS result_code;

    END TRY
    BEGIN CATCH
        IF @@TRANCOUNT > 0 ROLLBACK;
        SELECT CAST(0 AS BIT) AS success, N'ERRPICK99' AS result_code;
    END CATCH
END;
GO
PRINT 'outbound.usp_pick_confirm: UPPER() removed from bin comparison.';
GO

PRINT 'outbound.usp_pick_confirm: UPPER() removed from bin comparison.';
GO


-- ── outbound.usp_pick_create: UPPER() removed from bin lookup ────────────────


PRINT 'outbound.usp_pick_create: UPPER() removed from bin lookup.';
GO


/****** Object:  StoredProcedure [outbound].[usp_ship]    Script Date: 18/04/2026 09:32:17 ******/



/********************************************************************************************
    7. outbound.usp_ship
    Closes a shipment. All orders on the shipment must be PICKED or LOADED.
    Transitions all allocated units to SHP, writes SHIP movement per unit,
    sets actual_departure, closes shipment to DEPARTED.

    Contract: success BIT | result_code NVARCHAR(20) | shipment_id INT
              | units_shipped INT
********************************************************************************************/
GO


-- -----------------------------------------------------------------------------
-- 090_outbound\usp_pick_create.sql
-- -----------------------------------------------------------------------------

SET QUOTED_IDENTIFIER ON;
GO

CREATE OR ALTER PROCEDURE outbound.usp_pick_create
(
    @allocation_id          INT,
    @destination_bin_code   NVARCHAR(100)    = NULL,   -- NULL = auto-select first staging bin
    @user_id                INT,
    @session_id             UNIQUEIDENTIFIER
)
AS
BEGIN
    SET NOCOUNT ON;
    SET XACT_ABORT ON;

    EXEC sys.sp_set_session_context @key = N'user_id',    @value = @user_id;
    EXEC sys.sp_set_session_context @key = N'session_id', @value = @session_id;

    DECLARE
        @inventory_unit_id  INT,
        @outbound_line_id   INT,
        @alloc_status       VARCHAR(10),
        @unit_state         VARCHAR(3),
        @source_bin_id      INT,
        @source_bin_code    NVARCHAR(100),
        @staging_bin_id     INT,
        @staging_bin_code   NVARCHAR(100),
        @task_id            INT,
        @ttl_seconds        INT,
        @expires_at         DATETIME2(3),
        @now                DATETIME2(3) = SYSUTCDATETIME();

    BEGIN TRY
        BEGIN TRAN;

        /* ── 1. Resolve allocation ── */
        SELECT
            @inventory_unit_id = a.inventory_unit_id,
            @outbound_line_id  = a.outbound_line_id,
            @alloc_status      = a.allocation_status
        FROM outbound.outbound_allocations a WITH (UPDLOCK, HOLDLOCK)
        WHERE a.allocation_id = @allocation_id;

        IF @inventory_unit_id IS NULL OR @alloc_status <> 'PENDING'
        BEGIN
            SELECT CAST(0 AS BIT) AS success, N'ERRPICK01' AS result_code,
                   NULL AS task_id, NULL AS inventory_unit_id,
                   NULL AS source_bin_code, NULL AS destination_bin_code;
            ROLLBACK; RETURN;
        END

        /* ── 2. Validate unit state ── */
        SELECT @unit_state = stock_state_code
        FROM inventory.inventory_units WITH (UPDLOCK, HOLDLOCK)
        WHERE inventory_unit_id = @inventory_unit_id;

        IF @unit_state <> 'PTW'
        BEGIN
            SELECT CAST(0 AS BIT) AS success, N'ERRTASK02' AS result_code,
                   NULL AS task_id, @inventory_unit_id AS inventory_unit_id,
                   NULL AS source_bin_code, NULL AS destination_bin_code;
            ROLLBACK; RETURN;
        END

        /* ── 3. Get source bin ── */
        SELECT
            @source_bin_id   = b.bin_id,
            @source_bin_code = b.bin_code
        FROM inventory.inventory_placements ip
        JOIN locations.bins b ON b.bin_id = ip.bin_id
        WHERE ip.inventory_unit_id = @inventory_unit_id;

        IF @source_bin_id IS NULL
        BEGIN
            SELECT CAST(0 AS BIT) AS success, N'ERRTASK03' AS result_code,
                   NULL AS task_id, @inventory_unit_id AS inventory_unit_id,
                   NULL AS source_bin_code, NULL AS destination_bin_code;
            ROLLBACK; RETURN;
        END

        /* ── 4. Resolve destination staging bin ── */
        IF @destination_bin_code IS NOT NULL
        BEGIN
            -- Operator specified a staging bin — validate it
            SELECT
                @staging_bin_id   = b.bin_id,
                @staging_bin_code = b.bin_code
            FROM locations.bins b
            JOIN locations.storage_types st ON st.storage_type_id = b.storage_type_id
            WHERE b.bin_code            = LTRIM(RTRIM(@destination_bin_code)) COLLATE Latin1_General_CS_AS
              AND b.is_active           = 1
              AND st.storage_type_code  = 'STAGE';

            IF @staging_bin_id IS NULL
            BEGIN
                -- Not a valid active staging bin
                SELECT CAST(0 AS BIT) AS success, N'ERRTASK09' AS result_code,
                       NULL AS task_id, @inventory_unit_id AS inventory_unit_id,
                       @source_bin_code AS source_bin_code, @destination_bin_code AS destination_bin_code;
                ROLLBACK; RETURN;
            END
        END
        ELSE
        BEGIN
            -- Auto-select first active staging bin
            SELECT TOP 1
                @staging_bin_id   = b.bin_id,
                @staging_bin_code = b.bin_code
            FROM locations.bins b
            JOIN locations.storage_types st ON st.storage_type_id = b.storage_type_id
            WHERE st.storage_type_code = 'STAGE'
              AND b.is_active = 1
            ORDER BY b.bin_code;

            IF @staging_bin_id IS NULL
            BEGIN
                SELECT CAST(0 AS BIT) AS success, N'ERRTASK04' AS result_code,
                       NULL AS task_id, @inventory_unit_id AS inventory_unit_id,
                       @source_bin_code AS source_bin_code, NULL AS destination_bin_code;
                ROLLBACK; RETURN;
            END
        END

        /* ── 5. Create PICK task ── */
        SELECT @ttl_seconds = TRY_CAST(setting_value AS INT)
        FROM operations.settings
        WHERE setting_name = 'warehouse.putaway_task_ttl_seconds';

        IF @ttl_seconds IS NULL OR @ttl_seconds <= 0
            SET @ttl_seconds = 300;

        SET @expires_at = DATEADD(SECOND, @ttl_seconds, @now);

        INSERT INTO warehouse.warehouse_tasks
        (
            task_type_code, inventory_unit_id,
            source_bin_id, destination_bin_id,
            task_state_code, expires_at, created_by
        )
        VALUES
        (
            'PICK', @inventory_unit_id,
            @source_bin_id, @staging_bin_id,
            'OPN', @expires_at, @user_id
        );

        SET @task_id = SCOPE_IDENTITY();

        /* ── 6. Update allocation → CONFIRMED ── */
        UPDATE outbound.outbound_allocations
        SET allocation_status = 'CONFIRMED',
            updated_at        = @now,
            updated_by        = @user_id
        WHERE allocation_id = @allocation_id;

        /* ── 7. Update line → PICKING ── */
        UPDATE outbound.outbound_lines
        SET line_status_code = 'PICKING',
            updated_at       = @now,
            updated_by       = @user_id
        WHERE outbound_line_id = @outbound_line_id
          AND line_status_code = 'ALLOCATED';

        /* ── 8. Update order → PICKING ── */
        UPDATE outbound.outbound_orders
        SET order_status_code = 'PICKING',
            updated_at        = @now,
            updated_by        = @user_id
        WHERE outbound_order_id = (
            SELECT outbound_order_id
            FROM outbound.outbound_lines
            WHERE outbound_line_id = @outbound_line_id
        )
        AND order_status_code = 'ALLOCATED';

        COMMIT;

        SELECT CAST(1 AS BIT) AS success, N'SUCTASK01' AS result_code,
               @task_id AS task_id, @inventory_unit_id AS inventory_unit_id,
               @source_bin_code AS source_bin_code,
               @staging_bin_code AS destination_bin_code;

    END TRY
    BEGIN CATCH
        IF @@TRANCOUNT > 0 ROLLBACK;
        SELECT CAST(0 AS BIT) AS success, N'ERRTASK99' AS result_code,
               NULL AS task_id, NULL AS inventory_unit_id,
               NULL AS source_bin_code, NULL AS destination_bin_code;
    END CATCH
END;
GO
PRINT 'outbound.usp_pick_create updated — @destination_bin_code parameter added.';
GO


-----------------------------------------------------------------------
-- Used SSMS to script out the below 7 SP creations -- 
-----------------------------------------------------------------------


/****** Object:  StoredProcedure [outbound].[usp_add_order_to_shipment]    Script Date: 18/04/2026 09:29:22 ******/



/********************************************************************************************
    4. outbound.usp_add_order_to_shipment
    Links an allocated order to an open shipment.
    Contract: success BIT | result_code NVARCHAR(20)
********************************************************************************************/
GO


-- -----------------------------------------------------------------------------
-- 090_outbound\usp_reallocate_line.sql
-- -----------------------------------------------------------------------------

SET QUOTED_IDENTIFIER ON;
GO

CREATE OR ALTER PROCEDURE outbound.usp_reallocate_line
(
    @outbound_line_id   INT,
    @user_id            INT,
    @session_id         UNIQUEIDENTIFIER
)
AS
BEGIN
    SET NOCOUNT ON;
    SET XACT_ABORT ON;

    EXEC sys.sp_set_session_context @key = N'user_id',    @value = @user_id;
    EXEC sys.sp_set_session_context @key = N'session_id', @value = @session_id;

    DECLARE
        @line_status        VARCHAR(10),
        @sku_id             INT,
        @ordered_qty        INT,
        @allocated_qty      INT,
        @picked_qty         INT,
        @remaining_qty      INT,
        @req_batch          NVARCHAR(100),
        @req_bbe            DATE,
        @strategy           NVARCHAR(20),
        @unit_id            INT,
        @unit_qty           INT,
        @new_allocation_id  INT,
        @now                DATETIME2(3) = SYSUTCDATETIME();

    BEGIN TRY
        BEGIN TRAN;

        /* ── 1. Lock and read line ── */
        SELECT
            @line_status   = l.line_status_code,
            @sku_id        = l.sku_id,
            @ordered_qty   = l.ordered_qty,
            @allocated_qty = l.allocated_qty,
            @picked_qty    = l.picked_qty,
            @req_batch     = l.requested_batch,
            @req_bbe       = l.requested_bbe
        FROM outbound.outbound_lines l WITH (UPDLOCK, HOLDLOCK)
        WHERE l.outbound_line_id = @outbound_line_id;

        IF @line_status IS NULL
        BEGIN
            SELECT CAST(0 AS BIT) AS success, N'ERRALLOC07' AS result_code, NULL AS allocation_id;
            ROLLBACK; RETURN;
        END

        /* ── 2. Validate line is in a re-allocatable state ── */
        IF @line_status NOT IN ('NEW', 'ALLOCATED', 'PICKING')
        BEGIN
            SELECT CAST(0 AS BIT) AS success, N'ERRALLOC07' AS result_code, NULL AS allocation_id;
            ROLLBACK; RETURN;
        END

        /* ── 3. Determine remaining qty needed ── */
        -- remaining = ordered - active (non-cancelled, non-picked) allocations
        -- Do NOT subtract picked_qty: picked units were already deducted from allocated_qty
        -- when pick confirmed, so subtracting both would double-count.
        DECLARE @active_allocated_qty INT;
        SELECT @active_allocated_qty = ISNULL(SUM(a.allocated_qty), 0)
        FROM outbound.outbound_allocations a
        WHERE a.outbound_line_id  = @outbound_line_id
          AND a.allocation_status NOT IN ('CANCELLED', 'PICKED');

        SET @remaining_qty = @ordered_qty - @picked_qty - @active_allocated_qty;

        IF @remaining_qty <= 0
        BEGIN
            -- Already fully allocated (shouldn't be called in this state)
            SELECT CAST(0 AS BIT) AS success, N'ERRALLOC07' AS result_code, NULL AS allocation_id;
            ROLLBACK; RETURN;
        END

        /* ── 4. Read allocation strategy ── */
        SELECT @strategy = UPPER(LTRIM(RTRIM(setting_value)))
        FROM operations.settings
        WHERE setting_name = 'outbound.allocation_strategy';

        IF @strategy IS NULL OR @strategy NOT IN ('FEFO','FIFO','LIFO','NONE')
            SET @strategy = 'NONE';

        /* ── 5. Find next eligible unit ── */
        -- Same eligibility rules as usp_allocate_order; exclude already-allocated units
        SELECT TOP 1
            @unit_id  = iu.inventory_unit_id,
            @unit_qty = iu.quantity
        FROM inventory.inventory_units iu WITH (UPDLOCK)
        JOIN inventory.inventory_placements ip
            ON ip.inventory_unit_id = iu.inventory_unit_id
        JOIN locations.bins b
            ON b.bin_id = ip.bin_id
        JOIN locations.storage_types st
            ON st.storage_type_id = b.storage_type_id
        WHERE iu.sku_id            = @sku_id
          AND iu.stock_state_code  = 'PTW'
          AND iu.stock_status_code = 'AV'
          AND (@req_batch IS NULL OR iu.batch_number     = @req_batch)
          AND (@req_bbe   IS NULL OR iu.best_before_date = @req_bbe)
          AND st.storage_type_code <> 'STAGE'
          AND NOT EXISTS (
              SELECT 1 FROM outbound.outbound_allocations a
              WHERE a.inventory_unit_id = iu.inventory_unit_id
                AND a.allocation_status <> 'CANCELLED'
          )
        ORDER BY
            CASE
                WHEN @strategy = 'FEFO' THEN
                    CASE WHEN iu.best_before_date IS NOT NULL
                         THEN CAST(iu.best_before_date AS DATETIME2)
                         ELSE '9999-12-31'
                    END
                WHEN @strategy = 'FIFO' THEN iu.created_at
                WHEN @strategy = 'LIFO' THEN CAST('9999-12-31' AS DATETIME2)
                ELSE
                    CASE WHEN iu.best_before_date IS NOT NULL
                         THEN CAST(iu.best_before_date AS DATETIME2)
                         ELSE iu.created_at
                    END
            END ASC,
            CASE WHEN @strategy = 'LIFO' THEN iu.created_at END DESC;

        IF @unit_id IS NULL
        BEGIN
            SELECT CAST(0 AS BIT) AS success, N'ERRALLOC06' AS result_code, NULL AS allocation_id;
            ROLLBACK; RETURN;
        END

        /* ── 6. Insert new allocation ── */
        INSERT INTO outbound.outbound_allocations
        (
            outbound_line_id, inventory_unit_id,
            allocated_qty, allocation_status,
            allocated_at, allocated_by
        )
        VALUES
        (
            @outbound_line_id, @unit_id,
            @unit_qty, 'PENDING',
            @now, @user_id
        );

        SET @new_allocation_id = SCOPE_IDENTITY();

        /* ── 7. Update line allocated_qty and status ── */
        UPDATE outbound.outbound_lines
        SET allocated_qty    = allocated_qty + @unit_qty,
            line_status_code = CASE
                WHEN (allocated_qty + @unit_qty) >= ordered_qty THEN 'ALLOCATED'
                ELSE 'NEW'
            END,
            updated_at       = @now,
            updated_by       = @user_id
        WHERE outbound_line_id = @outbound_line_id;

        /* ── 8. Reopen order header to ALLOCATED so it shows as pickable ── */
        UPDATE outbound.outbound_orders
        SET order_status_code = 'ALLOCATED',
            updated_at        = @now,
            updated_by        = @user_id
        WHERE outbound_order_id = (
            SELECT outbound_order_id FROM outbound.outbound_lines
            WHERE outbound_line_id = @outbound_line_id
        )
          AND order_status_code IN ('NEW', 'ALLOCATED', 'PICKING');

        COMMIT;

        SELECT CAST(1 AS BIT) AS success, N'SUCALLOC03' AS result_code, @new_allocation_id AS allocation_id;

    END TRY
    BEGIN CATCH
        IF @@TRANCOUNT > 0 ROLLBACK;
        SELECT CAST(0 AS BIT) AS success, N'ERRALLOC99' AS result_code, NULL AS allocation_id;
    END CATCH
END;
GO

PRINT 'outbound.usp_reallocate_line created.';
GO

PRINT 'outbound.usp_reallocate_line created.';
GO


-- ══════════════════════════════════════════════════════════════════════════════
-- Deallocation SP + error codes  (merged from WIP_deallocate)
-- ══════════════════════════════════════════════════════════════════════════════

-- ══════════════════════════════════════════════════════════════════════════════
-- NEW ERROR CODES — Deallocation
-- ══════════════════════════════════════════════════════════════════════════════
GO


-- -----------------------------------------------------------------------------
-- 090_outbound\usp_ship.sql
-- -----------------------------------------------------------------------------

SET QUOTED_IDENTIFIER ON;
GO

CREATE OR ALTER PROCEDURE outbound.usp_ship
(
    @shipment_id    INT,
    @vehicle_ref    NVARCHAR(50),
    @user_id        INT,
    @session_id     UNIQUEIDENTIFIER
)
AS
BEGIN
    SET NOCOUNT ON;
    SET XACT_ABORT ON;

    EXEC sys.sp_set_session_context @key = N'user_id',    @value = @user_id;
    EXEC sys.sp_set_session_context @key = N'session_id', @value = @session_id;

    DECLARE
        @shipment_status VARCHAR(10),
        @units_shipped   INT = 0,
        @now             DATETIME2(3) = SYSUTCDATETIME();

    BEGIN TRY
        BEGIN TRAN;

        SELECT @shipment_status = shipment_status
        FROM outbound.shipments WITH (UPDLOCK, HOLDLOCK)
        WHERE shipment_id = @shipment_id;

        IF @shipment_status IS NULL
        BEGIN
            SELECT CAST(0 AS BIT) AS success, N'ERRSHIP01' AS result_code,
                   NULL AS shipment_id, 0 AS units_shipped;
            ROLLBACK; RETURN;
        END

        IF @shipment_status NOT IN ('OPEN','LOADING')
        BEGIN
            SELECT CAST(0 AS BIT) AS success, N'ERRSHIP02' AS result_code,
                   @shipment_id AS shipment_id, 0 AS units_shipped;
            ROLLBACK; RETURN;
        END

        /* ── Require vehicle ref at departure ── */
        IF @vehicle_ref IS NULL OR LTRIM(RTRIM(@vehicle_ref)) = ''
        BEGIN
            SELECT CAST(0 AS BIT) AS success, N'ERRSHIP05' AS result_code,
                   @shipment_id AS shipment_id, 0 AS units_shipped;
            ROLLBACK; RETURN;
        END

        /* ── Stamp vehicle ref onto shipment ── */
        UPDATE outbound.shipments
        SET vehicle_ref = LTRIM(RTRIM(@vehicle_ref)),
            updated_at  = SYSUTCDATETIME(),
            updated_by  = @user_id
        WHERE shipment_id = @shipment_id;

        /* ── Check all orders are PICKED or LOADED ── */
        IF EXISTS (
            SELECT 1 FROM outbound.outbound_orders
            WHERE shipment_id       = @shipment_id
              AND order_status_code NOT IN ('PICKED','LOADED','CNL')
        )
        BEGIN
            SELECT CAST(0 AS BIT) AS success, N'ERRSHIP04' AS result_code,
                   @shipment_id AS shipment_id, 0 AS units_shipped;
            ROLLBACK; RETURN;
        END

        /* ── Ship each allocated unit ── */
        DECLARE
            @unit_id           INT,
            @sku_id            INT,
            @qty               INT,
            @status_code       VARCHAR(2),
            @from_bin_id       INT;

        DECLARE ship_cursor CURSOR LOCAL FAST_FORWARD FOR
            SELECT
                iu.inventory_unit_id,
                iu.sku_id,
                iu.quantity,
                iu.stock_status_code,
                ip.bin_id
            FROM outbound.outbound_orders o
            JOIN outbound.outbound_lines ol
                ON ol.outbound_order_id = o.outbound_order_id
            JOIN outbound.outbound_allocations a
                ON a.outbound_line_id = ol.outbound_line_id
               AND a.allocation_status = 'PICKED'
            JOIN inventory.inventory_units iu WITH (UPDLOCK)
                ON iu.inventory_unit_id = a.inventory_unit_id
            JOIN inventory.inventory_placements ip
                ON ip.inventory_unit_id = iu.inventory_unit_id
            WHERE o.shipment_id = @shipment_id;

        OPEN ship_cursor;
        FETCH NEXT FROM ship_cursor INTO @unit_id, @sku_id, @qty, @status_code, @from_bin_id;

        WHILE @@FETCH_STATUS = 0
        BEGIN
            /* Transition unit → SHP */
            UPDATE inventory.inventory_units
            SET stock_state_code = 'SHP',
                updated_at       = @now,
                updated_by       = @user_id
            WHERE inventory_unit_id = @unit_id;

            /* Remove placement — unit is no longer in the warehouse */
            DELETE FROM inventory.inventory_placements
            WHERE inventory_unit_id = @unit_id;

            /* Write SHIP movement */
            INSERT INTO inventory.inventory_movements
            (
                inventory_unit_id, sku_id, moved_qty,
                from_bin_id, to_bin_id,
                from_state_code, to_state_code,
                from_status_code, to_status_code,
                movement_type, reference_type, reference_id,
                moved_at, moved_by_user_id, session_id
            )
            VALUES
            (
                @unit_id, @sku_id, @qty,
                @from_bin_id, NULL,
                'PKD', 'SHP',
                @status_code, @status_code,
                'SHIP', 'SHIPMENT', @shipment_id,
                @now, @user_id, @session_id
            );

            SET @units_shipped += 1;

            FETCH NEXT FROM ship_cursor INTO @unit_id, @sku_id, @qty, @status_code, @from_bin_id;
        END

        CLOSE ship_cursor;
        DEALLOCATE ship_cursor;

        /* ── Update all orders on shipment → SHIPPED ── */
        UPDATE outbound.outbound_orders
        SET order_status_code = 'SHIPPED',
            updated_at        = @now,
            updated_by        = @user_id
        WHERE shipment_id       = @shipment_id
          AND order_status_code IN ('PICKED','LOADED');

        /* ── Update all lines on these orders → PICKED (terminal) ── */
        UPDATE ol
        SET ol.line_status_code = 'PICKED',
            ol.updated_at       = @now,
            ol.updated_by       = @user_id
        FROM outbound.outbound_lines ol
        JOIN outbound.outbound_orders o
            ON o.outbound_order_id = ol.outbound_order_id
        WHERE o.shipment_id = @shipment_id
          AND ol.line_status_code <> 'CNL';

        /* ── Close shipment ── */
        UPDATE outbound.shipments
        SET shipment_status  = 'DEPARTED',
            actual_departure = @now,
            updated_at       = @now,
            updated_by       = @user_id
        WHERE shipment_id = @shipment_id;

        COMMIT;

        SELECT CAST(1 AS BIT) AS success, N'SUCSHIP02' AS result_code,
               @shipment_id AS shipment_id, @units_shipped AS units_shipped;

    END TRY
    BEGIN CATCH
        IF @@TRANCOUNT > 0 ROLLBACK;
        IF CURSOR_STATUS('local','ship_cursor') >= 0 BEGIN CLOSE ship_cursor; DEALLOCATE ship_cursor; END
        SELECT CAST(0 AS BIT) AS success, N'ERRSHIP01' AS result_code,
               NULL AS shipment_id, 0 AS units_shipped;
    END CATCH
END;

GO
GO


/********************************************************************************************
    LOAD CONFIRMATION SP + SUCLOAD01 MESSAGE
    usp_confirm_load redesigned — order-level confirmation, no SSCC scanning
********************************************************************************************/

/********************************************************************************************
    WIP PATCH — Load confirmation redesign
    Date: 2026-04-18

    usp_confirm_load: redesigned — takes order_id + shipment_id
    Operator confirms an order is loaded onto the vehicle.
    No SSCC scanning — pick already confirmed which units are where.

    Contract: success BIT | result_code NVARCHAR(20)
********************************************************************************************/
GO


-- -----------------------------------------------------------------------------
-- 095_post_outbound\v_active_inventory.sql
-- -----------------------------------------------------------------------------

SET QUOTED_IDENTIFIER ON;
GO

CREATE OR ALTER VIEW inventory.v_active_inventory
AS
SELECT
    iu.inventory_unit_id,
    iu.external_ref                                     AS sscc,
    s.sku_code,
    s.sku_description,
    iu.batch_number,
    iu.best_before_date,
    iu.quantity,
    ss.state_code_desc                                  AS stock_state,
    sst.status_desc                                     AS stock_status,
    b.bin_code,
    z.zone_code,
    st.storage_type_code,
    iu.created_at                                       AS received_at,
    rcv.username                                        AS received_by,
    -- Last physical movement
    lm.movement_type                                    AS last_movement_type,
    lm.moved_at                                         AS last_movement_at,
    lm_usr.username                                     AS last_moved_by,
    -- Allocation state
    ob.order_ref,
    ob.allocation_status,
    ob.allocated_by,
    ob.allocated_at,
    -- Inbound reference
    inb.inbound_ref,
    -- Stock owner (from SKU definition)
    owner_p.display_name                                AS owner_name
FROM inventory.inventory_units iu
JOIN inventory.skus s
    ON s.sku_id = iu.sku_id
JOIN inventory.stock_states ss
    ON ss.state_code = iu.stock_state_code
JOIN inventory.stock_statuses sst
    ON sst.status_code = iu.stock_status_code
JOIN inventory.inventory_placements ip
    ON ip.inventory_unit_id = iu.inventory_unit_id
JOIN locations.bins b
    ON b.bin_id = ip.bin_id
LEFT JOIN locations.zones z
    ON z.zone_id = b.zone_id
LEFT JOIN locations.storage_types st
    ON st.storage_type_id = b.storage_type_id
LEFT JOIN auth.users rcv
    ON rcv.id = iu.created_by
OUTER APPLY
(
    SELECT TOP 1
        m.movement_type,
        m.moved_at,
        m.moved_by_user_id
    FROM inventory.inventory_movements m
    WHERE m.inventory_unit_id = iu.inventory_unit_id
      AND m.is_reversal = 0
    ORDER BY m.moved_at DESC
) lm
LEFT JOIN auth.users lm_usr
    ON lm_usr.id = lm.moved_by_user_id
LEFT JOIN
(
    SELECT r.inventory_unit_id, d.inbound_ref
    FROM inbound.inbound_receipts r
    JOIN inbound.inbound_lines l ON l.inbound_line_id = r.inbound_line_id
    JOIN inbound.inbound_deliveries d ON d.inbound_id = l.inbound_id
    WHERE r.is_reversal = 0
) inb ON inb.inventory_unit_id = iu.inventory_unit_id
LEFT JOIN core.parties owner_p ON owner_p.party_id = s.owner_party_id
LEFT JOIN
(
    SELECT
        a.inventory_unit_id,
        o.order_ref,
        a.allocation_status,
        alloc_usr.username  AS allocated_by,
        a.allocated_at
    FROM outbound.outbound_allocations a
    JOIN outbound.outbound_lines ol ON ol.outbound_line_id = a.outbound_line_id
    JOIN outbound.outbound_orders o ON o.outbound_order_id = ol.outbound_order_id
    LEFT JOIN auth.users alloc_usr ON alloc_usr.id = a.allocated_by
    WHERE a.allocation_status <> 'CANCELLED'
) ob ON ob.inventory_unit_id = iu.inventory_unit_id;
GO


-- -----------------------------------------------------------------------------
-- 900_seed\010_error_messages.sql
-- -----------------------------------------------------------------------------

SET QUOTED_IDENTIFIER ON;
GO

INSERT INTO operations.error_messages
    (error_code, module_code, severity, message_template, tech_messege)
SELECT v.error_code, v.module_code, v.severity, v.message_template, v.tech_messege
FROM (VALUES

    -- Order
    (N'ERRORD01', N'ORD', N'ERROR',
        N'Order not found.',
        N'Order: outbound_order_id not found'),

    (N'ERRORD02', N'ORD', N'ERROR',
        N'Order is not in a valid state for this operation.',
        N'Order: invalid status transition'),

    (N'ERRORD03', N'ORD', N'ERROR',
        N'Order reference already exists.',
        N'Order.Create: duplicate order_ref'),

    (N'ERRORD04', N'ORD', N'ERROR',
        N'Order has no lines and cannot be processed.',
        N'Order: no active lines'),

    (N'SUCORD01', N'ORD', N'INFO',
        N'Order created successfully.',
        N'Order.Create: success'),

    (N'SUCORD02', N'ORD', N'INFO',
        N'Order allocated successfully.',
        N'Order.Allocate: success'),

    (N'SUCORD03', N'ORD', N'INFO',
        N'Order shipped successfully.',
        N'Order.Ship: success'),

    -- Allocation
    (N'ERRALLOC01', N'ALLOC', N'ERROR',
        N'Insufficient stock available to fulfil this order line.',
        N'Allocate: not enough PUTAWAY+AVAILABLE units for SKU'),

    (N'ERRALLOC02', N'ALLOC', N'ERROR',
        N'Requested batch or best-before date not available.',
        N'Allocate: no units matching requested_batch / requested_bbe'),

    (N'ERRALLOC03', N'ALLOC', N'ERROR',
        N'Unit is already allocated to another order.',
        N'Allocate: inventory_unit already has active allocation'),

    (N'SUCALLOC01', N'ALLOC', N'INFO',
        N'Stock allocated successfully.',
        N'Allocate: allocation rows created'),

    -- Pick
    (N'ERRPICK01', N'PICK', N'ERROR',
        N'Allocation not found or already picked.',
        N'Pick: allocation_id not found or status terminal'),

    (N'ERRPICK02', N'PICK', N'ERROR',
        N'Wrong pallet scanned. Expected a different SSCC.',
        N'Pick.Confirm: scanned SSCC does not match allocated unit'),

    (N'ERRPICK03', N'PICK', N'ERROR',
        N'Unit is not in the expected location.',
        N'Pick.Confirm: unit placement bin does not match task source bin'),

    (N'SUCPICK01', N'PICK', N'INFO',
        N'Pick confirmed successfully.',
        N'Pick.Confirm: unit transitioned to PKD'),

    -- Shipment
    (N'ERRSHIP01', N'SHIP', N'ERROR',
        N'Shipment not found.',
        N'Shipment: shipment_id not found'),

    (N'ERRSHIP02', N'SHIP', N'ERROR',
        N'Shipment is not in a valid state for this operation.',
        N'Shipment: invalid status transition'),

    (N'ERRSHIP03', N'SHIP', N'ERROR',
        N'Shipment reference already exists.',
        N'Shipment.Create: duplicate shipment_ref'),

    (N'ERRSHIP04', N'SHIP', N'ERROR',
        N'Not all orders on this shipment are fully picked.',
        N'Shipment.Ship: one or more orders not in PICKED or LOADED status'),

    (N'SUCSHIP01', N'SHIP', N'INFO',
        N'Shipment created successfully.',
        N'Shipment.Create: success'),

    (N'SUCSHIP02', N'SHIP', N'INFO',
        N'Shipment departed. All units shipped.',
        N'Shipment.Ship: all units transitioned to SHP')

) AS v (error_code, module_code, severity, message_template, tech_messege)
WHERE NOT EXISTS (
    SELECT 1 FROM operations.error_messages e
    WHERE e.error_code = v.error_code
);
GO

PRINT 'Outbound error codes inserted.';
GO
GO


/********************************************************************************************
    OUTBOUND STORED PROCEDURES
    All 7 outbound SPs. CREATE OR ALTER — safe to re-run after DB reset.
********************************************************************************************/

/********************************************************************************************
    WIP PATCH — Pick flow improvements
    Date: 2026-04-18

    1. usp_pick_create: add @destination_bin_code parameter
       Operator can specify which staging bay to pick into.
       If NULL, falls back to first active staging bin (existing behaviour).
********************************************************************************************/
GO

-- Allocation warning: ran successfully but no new stock found
INSERT INTO operations.error_messages (error_code, module_code, severity, message_template, tech_messege)
SELECT N'WARNORD01', N'OUTBOUND', N'WARN',
    N'No eligible stock found to allocate. Check stock availability and status.',
    N'usp_allocate_order: newly_allocated_qty = 0'
WHERE NOT EXISTS (SELECT 1 FROM operations.error_messages WHERE error_code = N'WARNORD01');
GO

-- Outbound: delivery address validation
INSERT INTO operations.error_messages (error_code, module_code, severity, message_template, tech_messege)
SELECT N'ERRORD06', N'OUTBOUND', N'ERROR',
    N'Delivery address not found or does not belong to the specified customer.',
    N'usp_create_order: delivery_address_id invalid or not owned by customer_party_id'
WHERE NOT EXISTS (SELECT 1 FROM operations.error_messages WHERE error_code = N'ERRORD06');
GO


-- -----------------------------------------------------------------------------
-- 900_seed\020_error_messages.sql
-- -----------------------------------------------------------------------------

SET QUOTED_IDENTIFIER ON;
GO

INSERT INTO operations.error_messages
    (error_code, module_code, severity, message_template, tech_messege)
SELECT N'SUCLOAD01', N'LOAD', N'INFO',
    N'Order loaded onto vehicle successfully.',
    N'Load.Confirm: order status LOADED, shipment LOADING'
WHERE NOT EXISTS (
    SELECT 1 FROM operations.error_messages WHERE error_code = N'SUCLOAD01'
);
GO
PRINT 'SUCLOAD01 message inserted.';
GO
GO

-- ============================================================
-- API creation error codes and stored procedures
-- Merged from WIP: 2026-04-24
-- ============================================================
INSERT INTO operations.error_messages (error_code, module_code, severity, message_template, tech_messege)
SELECT N'ERRSKU01', N'SKU', N'ERROR', N'SKU not found.', N'inventory.usp_create_sku: sku_code not found'
WHERE NOT EXISTS (SELECT 1 FROM operations.error_messages WHERE error_code = N'ERRSKU01');

INSERT INTO operations.error_messages (error_code, module_code, severity, message_template, tech_messege)
SELECT N'ERRSKU02', N'SKU', N'ERROR', N'A SKU with this code already exists.', N'inventory.usp_create_sku: duplicate sku_code'
WHERE NOT EXISTS (SELECT 1 FROM operations.error_messages WHERE error_code = N'ERRSKU02');

INSERT INTO operations.error_messages (error_code, module_code, severity, message_template, tech_messege)
SELECT N'SUCSKU01', N'SKU', N'SUCCESS', N'SKU created successfully.', N'inventory.usp_create_sku: success'
WHERE NOT EXISTS (SELECT 1 FROM operations.error_messages WHERE error_code = N'SUCSKU01');

INSERT INTO operations.error_messages (error_code, module_code, severity, message_template, tech_messege)
SELECT N'ERRINB02', N'INB', N'ERROR', N'An inbound delivery with this reference already exists.', N'inbound.usp_create_inbound: duplicate inbound_ref'
WHERE NOT EXISTS (SELECT 1 FROM operations.error_messages WHERE error_code = N'ERRINB02');

INSERT INTO operations.error_messages (error_code, module_code, severity, message_template, tech_messege)
SELECT N'SUCINB02', N'INB', N'SUCCESS', N'Inbound delivery created successfully.', N'inbound.usp_create_inbound: success'
WHERE NOT EXISTS (SELECT 1 FROM operations.error_messages WHERE error_code = N'SUCINB02');

INSERT INTO operations.error_messages (error_code, module_code, severity, message_template, tech_messege)
SELECT N'SUCINBL02', N'INB', N'SUCCESS', N'Inbound line created successfully.', N'inbound.usp_create_inbound_line: success'
WHERE NOT EXISTS (SELECT 1 FROM operations.error_messages WHERE error_code = N'SUCINBL02');

INSERT INTO operations.error_messages (error_code, module_code, severity, message_template, tech_messege)
SELECT N'SUCINBU01', N'INB', N'SUCCESS', N'Expected unit created successfully.', N'inbound.usp_create_expected_unit: success'
WHERE NOT EXISTS (SELECT 1 FROM operations.error_messages WHERE error_code = N'SUCINBU01');

INSERT INTO operations.error_messages (error_code, module_code, severity, message_template, tech_messege)
SELECT N'ERRINBU01', N'INB', N'ERROR', N'This SSCC is already registered on this inbound delivery.', N'inbound.usp_create_expected_unit: duplicate sscc on inbound'
WHERE NOT EXISTS (SELECT 1 FROM operations.error_messages WHERE error_code = N'ERRINBU01');

INSERT INTO operations.error_messages (error_code, module_code, severity, message_template, tech_messege)
SELECT N'ERRORD02', N'ORD', N'ERROR', N'An order with this reference already exists.', N'outbound.usp_create_order: duplicate order_ref'
WHERE NOT EXISTS (SELECT 1 FROM operations.error_messages WHERE error_code = N'ERRORD02');

INSERT INTO operations.error_messages (error_code, module_code, severity, message_template, tech_messege)
SELECT N'SUCORD01', N'ORD', N'SUCCESS', N'Order created successfully.', N'outbound.usp_create_order: success'
WHERE NOT EXISTS (SELECT 1 FROM operations.error_messages WHERE error_code = N'SUCORD01');

INSERT INTO operations.error_messages (error_code, module_code, severity, message_template, tech_messege)
SELECT N'ERRSHIP02', N'SHIP', N'ERROR', N'A shipment with this reference already exists.', N'outbound.usp_create_shipment: duplicate shipment_ref'
WHERE NOT EXISTS (SELECT 1 FROM operations.error_messages WHERE error_code = N'ERRSHIP02');

INSERT INTO operations.error_messages (error_code, module_code, severity, message_template, tech_messege)
SELECT N'SUCSHIP01', N'SHIP', N'SUCCESS', N'Shipment created successfully.', N'outbound.usp_create_shipment: success'
WHERE NOT EXISTS (SELECT 1 FROM operations.error_messages WHERE error_code = N'SUCSHIP01');

INSERT INTO operations.error_messages (error_code, module_code, severity, message_template, tech_messege)
SELECT N'ERRSHIP03', N'SHIP', N'ERROR', N'Shipment not found.', N'outbound.usp_add_order_to_shipment: shipment_ref not found'
WHERE NOT EXISTS (SELECT 1 FROM operations.error_messages WHERE error_code = N'ERRSHIP03');

INSERT INTO operations.error_messages (error_code, module_code, severity, message_template, tech_messege)
SELECT N'ERRORD03', N'ORD', N'ERROR', N'Order not found.', N'outbound.usp_add_order_to_shipment: order_ref not found'
WHERE NOT EXISTS (SELECT 1 FROM operations.error_messages WHERE error_code = N'ERRORD03');

INSERT INTO operations.error_messages (error_code, module_code, severity, message_template, tech_messege)
SELECT N'SUCSHIP03', N'SHIP', N'SUCCESS', N'Order added to shipment successfully.', N'outbound.usp_add_order_to_shipment: success'
WHERE NOT EXISTS (SELECT 1 FROM operations.error_messages WHERE error_code = N'SUCSHIP03');

GO
-- ── 1. inventory.usp_create_sku ─────────────────────────────────────────
GO

-- ERRSHIP05: vehicle ref required at departure
INSERT INTO operations.error_messages (error_code, module_code, severity, message_template, tech_messege)
SELECT N'ERRSHIP05', N'OUTBOUND', N'ERROR', N'Vehicle registration is required before departure.', N'outbound.usp_ship: @vehicle_ref is null or empty'
WHERE NOT EXISTS (SELECT 1 FROM operations.error_messages WHERE error_code = N'ERRSHIP05');

-- ERRSKU03: owner party not found
INSERT INTO operations.error_messages (error_code, module_code, severity, message_template, tech_messege)
SELECT N'ERRSKU03', N'SKU', N'ERROR', N'Owner party not found or inactive.', N'inventory.usp_create_sku: @owner_party_code not found in core.parties'
WHERE NOT EXISTS (SELECT 1 FROM operations.error_messages WHERE error_code = N'ERRSKU03');

-- ERRSKU04: owner required in multi-owner mode
INSERT INTO operations.error_messages (error_code, module_code, severity, message_template, tech_messege)
SELECT N'ERRSKU04', N'SKU', N'ERROR', N'Owner is required when multi-owner mode is enabled.', N'inventory.usp_create_sku: @owner_party_code is null but inventory.enable_multi_owner = true'
WHERE NOT EXISTS (SELECT 1 FROM operations.error_messages WHERE error_code = N'ERRSKU04');


-- -----------------------------------------------------------------------------
-- 900_seed\030_error_messages.sql
-- -----------------------------------------------------------------------------

SET QUOTED_IDENTIFIER ON;
GO

INSERT INTO operations.error_messages (error_code, module_code, severity, message_template, tech_messege)
SELECT N'ERRMOVE01', N'MOVE', N'ERROR', N'Unit not found. Please check the SSCC and try again.', N'usp_bin_to_bin_move_create: external_ref not found in inventory_units'
WHERE NOT EXISTS (SELECT 1 FROM operations.error_messages WHERE error_code = N'ERRMOVE01');

INSERT INTO operations.error_messages (error_code, module_code, severity, message_template, tech_messege)
SELECT N'ERRMOVE02', N'MOVE', N'ERROR', N'This unit is not in a moveable state.', N'usp_bin_to_bin_move_create: stock_state_code not PUT or RCD'
WHERE NOT EXISTS (SELECT 1 FROM operations.error_messages WHERE error_code = N'ERRMOVE02');

INSERT INTO operations.error_messages (error_code, module_code, severity, message_template, tech_messege)
SELECT N'ERRMOVE03', N'MOVE', N'ERROR', N'Unit has no current location. Cannot create a move task.', N'usp_bin_to_bin_move_create: no placement record found'
WHERE NOT EXISTS (SELECT 1 FROM operations.error_messages WHERE error_code = N'ERRMOVE03');

INSERT INTO operations.error_messages (error_code, module_code, severity, message_template, tech_messege)
SELECT N'ERRMOVE04', N'MOVE', N'ERROR', N'Destination bin not found. Please check the bin code.', N'usp_bin_to_bin_move_create: destination_bin_code not found in locations.bins'
WHERE NOT EXISTS (SELECT 1 FROM operations.error_messages WHERE error_code = N'ERRMOVE04');

INSERT INTO operations.error_messages (error_code, module_code, severity, message_template, tech_messege)
SELECT N'ERRMOVE05', N'MOVE', N'ERROR', N'Move task not found or no longer active.', N'usp_bin_to_bin_move_confirm: task_id not found or not OPN/CLM'
WHERE NOT EXISTS (SELECT 1 FROM operations.error_messages WHERE error_code = N'ERRMOVE05');

INSERT INTO operations.error_messages (error_code, module_code, severity, message_template, tech_messege)
SELECT N'ERRMOVE06', N'MOVE', N'ERROR', N'Wrong location. Please scan the correct destination bin.', N'usp_bin_to_bin_move_confirm: scanned_bin_code does not match task destination_bin_id'
WHERE NOT EXISTS (SELECT 1 FROM operations.error_messages WHERE error_code = N'ERRMOVE06');

INSERT INTO operations.error_messages (error_code, module_code, severity, message_template, tech_messege)
SELECT N'SUCMOVE01', N'MOVE', N'SUCCESS', N'Move task created.', N'usp_bin_to_bin_move_create: success'
WHERE NOT EXISTS (SELECT 1 FROM operations.error_messages WHERE error_code = N'SUCMOVE01');

INSERT INTO operations.error_messages (error_code, module_code, severity, message_template, tech_messege)
SELECT N'SUCMOVE02', N'MOVE', N'SUCCESS', N'Unit moved successfully.', N'usp_bin_to_bin_move_confirm: success'
WHERE NOT EXISTS (SELECT 1 FROM operations.error_messages WHERE error_code = N'SUCMOVE02');

GO
PRINT 'Move error messages inserted.';
GO

-- ── warehouse.usp_bin_to_bin_move_create ─────────────────────────────────────
GO

-- Task cancel codes
INSERT INTO operations.error_messages (error_code, module_code, severity, message_template, tech_messege)
SELECT N'SUCTASK03', N'WAREHOUSE', N'INFO', N'Task cancelled successfully.', N'warehouse.usp_cancel_task: OK'
WHERE NOT EXISTS (SELECT 1 FROM operations.error_messages WHERE error_code = N'SUCTASK03');

INSERT INTO operations.error_messages (error_code, module_code, severity, message_template, tech_messege)
SELECT N'ERRTASK06', N'WAREHOUSE', N'ERROR', N'Task is already in a terminal state and cannot be cancelled.', N'warehouse.usp_cancel_task: is_terminal = 1'
WHERE NOT EXISTS (SELECT 1 FROM operations.error_messages WHERE error_code = N'ERRTASK06');

INSERT INTO operations.error_messages (error_code, module_code, severity, message_template, tech_messege)
SELECT N'ERRTASK07', N'WAREHOUSE', N'ERROR', N'Task cancellation is not permitted from its current state.', N'warehouse.usp_cancel_task: invalid transition'
WHERE NOT EXISTS (SELECT 1 FROM operations.error_messages WHERE error_code = N'ERRTASK07');

-- Bin move: destination bin inactive / blocked
INSERT INTO operations.error_messages (error_code, module_code, severity, message_template, tech_messege)
SELECT N'ERRMOVE07', N'WAREHOUSE', N'ERROR',
    N'Destination bin is inactive or blocked. Choose a different bin.',
    N'usp_bin_to_bin_move_create: destination bin is_active = 0'
WHERE NOT EXISTS (SELECT 1 FROM operations.error_messages WHERE error_code = N'ERRMOVE07');


-- -----------------------------------------------------------------------------
-- 900_seed\040_error_messages.sql
-- -----------------------------------------------------------------------------

SET QUOTED_IDENTIFIER ON;
GO

INSERT INTO operations.error_messages (error_code, module_code, severity, message_template, tech_messege)
SELECT N'SUCSKU02', N'SKU', N'SUCCESS', N'SKU updated successfully.', N'inventory.usp_update_sku: success'
WHERE NOT EXISTS (SELECT 1 FROM operations.error_messages WHERE error_code = N'SUCSKU02');
GO

-- ── usp_update_sku ─────────────────────────────────────────────────────────────
GO

-- Inventory status update
INSERT INTO operations.error_messages (error_code, module_code, severity, message_template, tech_messege)
SELECT N'SUCINV01', N'INVENTORY', N'INFO', N'Stock status updated successfully.', N'inventory.usp_update_stock_status: OK'
WHERE NOT EXISTS (SELECT 1 FROM operations.error_messages WHERE error_code = N'SUCINV01');

INSERT INTO operations.error_messages (error_code, module_code, severity, message_template, tech_messege)
SELECT N'ERRINV02', N'INVENTORY', N'ERROR', N'Invalid stock status code.', N'inventory.usp_update_stock_status: status not found'
WHERE NOT EXISTS (SELECT 1 FROM operations.error_messages WHERE error_code = N'ERRINV02');

INSERT INTO operations.error_messages (error_code, module_code, severity, message_template, tech_messege)
SELECT N'ERRINV99', N'INVENTORY', N'ERROR', N'Unexpected error updating stock status.', N'inventory.usp_update_stock_status: CATCH block'
WHERE NOT EXISTS (SELECT 1 FROM operations.error_messages WHERE error_code = N'ERRINV99');


-- -----------------------------------------------------------------------------
-- 900_seed\050_error_messages.sql
-- -----------------------------------------------------------------------------

SET QUOTED_IDENTIFIER ON;
GO

INSERT INTO operations.error_messages
    (error_code, module_code, severity, message_template, tech_messege)
SELECT v.error_code, v.module_code, v.severity, v.message_template, v.tech_messege
FROM (VALUES
    (N'ERRALLOC04', N'ALLOC', N'ERROR',
        N'Allocation not found or already terminal (picked / cancelled).',
        N'CancelAllocation: allocation_id not found or is_terminal = 1'),

    (N'ERRALLOC05', N'ALLOC', N'ERROR',
        N'Cannot cancel allocation — pick task is already confirmed.',
        N'CancelAllocation: allocation status = CONFIRMED and task DONE'),

    (N'SUCALLOC02', N'ALLOC', N'INFO',
        N'Allocation cancelled successfully.',
        N'CancelAllocation: status set to CANCELLED'),

    (N'SUCALLOC03', N'ALLOC', N'INFO',
        N'Re-allocation successful. New stock assigned.',
        N'ReallocateLine: new allocation_id returned'),

    (N'ERRALLOC06', N'ALLOC', N'ERROR',
        N'No alternative stock available for re-allocation.',
        N'ReallocateLine: no eligible PTW/AV units found for SKU'),

    (N'ERRALLOC07', N'ALLOC', N'ERROR',
        N'Line is not in a re-allocatable state.',
        N'ReallocateLine: line_status_code not in (ALLOCATED, PICKING)')
) AS v(error_code, module_code, severity, message_template, tech_messege)
WHERE NOT EXISTS (
    SELECT 1 FROM operations.error_messages e
    WHERE e.error_code = v.error_code
);
GO

PRINT 'Re-allocation error codes inserted.';
GO


-- -----------------------------------------------------------------------------
-- 900_seed\060_error_messages.sql
-- -----------------------------------------------------------------------------

SET QUOTED_IDENTIFIER ON;
GO

INSERT INTO operations.error_messages
    (error_code, module_code, severity, message_template, tech_messege)
SELECT v.error_code, v.module_code, v.severity, v.message_template, v.tech_messege
FROM (VALUES
    (N'ERRORD10', N'ORD', N'ERROR',
        N'Order not found or already departed / cancelled.',
        N'DeallocateOrder: outbound_order_id not found or in terminal status'),

    (N'ERRORD11', N'ORD', N'ERROR',
        N'Order cannot be deallocated in its current state.',
        N'DeallocateOrder: order_status_code not in (ALLOCATED, PICKING)'),

    (N'SUCORD10', N'ORD', N'INFO',
        N'Order deallocated. All pending allocations cancelled and stock released.',
        N'DeallocateOrder: success')
) AS v(error_code, module_code, severity, message_template, tech_messege)
WHERE NOT EXISTS (
    SELECT 1 FROM operations.error_messages e
    WHERE e.error_code = v.error_code
);
GO

PRINT 'Deallocation error codes inserted.';
GO


-- ══════════════════════════════════════════════════════════════════════════════
-- outbound.usp_deallocate_order
-- ------------------------------------------------------------------------------
-- Cancels all PENDING and CONFIRMED (not yet physically confirmed) allocations
-- on an order, rolls back line allocated_qty, and returns the order to NEW.
--
-- Rules:
--   - Only operates on ALLOCATED or PICKING orders.
--   - PICKED allocations are untouched — stock already moved.
--   - If all non-picked allocations are cancelled, order → NEW.
--   - If some lines were partially picked, order stays PICKING with the
--     remaining picked qty intact; lines reset to NEW for the unallocated portion.
--
-- Reversal: none needed — this IS the reversal for usp_allocate_order.
-- ══════════════════════════════════════════════════════════════════════════════
GO


-- -----------------------------------------------------------------------------
-- 900_seed\070_error_messages.sql
-- -----------------------------------------------------------------------------

SET QUOTED_IDENTIFIER ON;
GO

INSERT INTO operations.error_messages
    (error_code, module_code, severity, message_template, tech_messege)
SELECT v.error_code, v.module_code, v.severity, v.message_template, v.tech_messege
FROM (VALUES
    (N'ERRORD12', N'ORD', N'ERROR',
        N'Order not found.',
        N'CancelOrder: outbound_order_id not found'),

    (N'ERRORD13', N'ORD', N'ERROR',
        N'Order cannot be cancelled — it has allocated or picked stock. Deallocate the order first.',
        N'CancelOrder: order has lines not in NEW/CNL status — hard refuse'),

    (N'ERRORD14', N'ORD', N'ERROR',
        N'Order is already cancelled or departed.',
        N'CancelOrder: order_status_code already terminal'),

    (N'SUCORD11', N'ORD', N'INFO',
        N'Order cancelled successfully.',
        N'CancelOrder: order and all lines set to CANCELLED/CNL')
) AS v(error_code, module_code, severity, message_template, tech_messege)
WHERE NOT EXISTS (
    SELECT 1 FROM operations.error_messages e
    WHERE e.error_code = v.error_code
);
GO

PRINT 'Order cancellation error codes inserted.';
GO


-- ══════════════════════════════════════════════════════════════════════════════
-- outbound.usp_cancel_order
-- ------------------------------------------------------------------------------
-- Cancels an order and all its lines.
-- Hard-refuses if any line is beyond NEW (allocated, picking, picked, etc.).
-- The guard is in the SP — the Desktop UI also enforces this, but the SP
-- is the authoritative check.
--
-- What it does on success:
--   - Sets order_status_code = 'CANCELLED'
--   - Sets all non-CNL lines to 'CNL'
--
-- Reversal: not supported. Cancellation is terminal.
-- ══════════════════════════════════════════════════════════════════════════════
GO


-- -----------------------------------------------------------------------------
-- 900_seed\080_ref_data.sql
-- -----------------------------------------------------------------------------

SET QUOTED_IDENTIFIER ON;
GO

-- ============================================================
-- Reference data required for all environments.
-- Roles, admin user, parties, location types, zones.
-- Idempotent — safe to re-run.
-- ============================================================

DECLARE @SystemUserId INT = (SELECT id FROM auth.users WHERE username = 'system');

-- ── Roles ─────────────────────────────────────────────────────────────────

IF NOT EXISTS (SELECT 1 FROM auth.roles WHERE role_name = 'admin')
BEGIN
    INSERT INTO auth.roles (role_name, description, created_by)
    VALUES ('admin', 'System administrator', @SystemUserId);
    PRINT 'Role admin created.';
END
ELSE PRINT 'Role admin already exists.';

IF NOT EXISTS (SELECT 1 FROM auth.roles WHERE role_name = 'manager')
BEGIN
    INSERT INTO auth.roles (role_name, description, created_by)
    VALUES ('manager', 'Manager with elevated access', @SystemUserId);
    PRINT 'Role manager created.';
END
ELSE PRINT 'Role manager already exists.';

IF NOT EXISTS (SELECT 1 FROM auth.roles WHERE role_name = 'operator')
BEGIN
    INSERT INTO auth.roles (role_name, description, created_by)
    VALUES ('operator', 'Operator with basic access', @SystemUserId);
    PRINT 'Role operator created.';
END
ELSE PRINT 'Role operator already exists.';
GO

-- ── Admin user ────────────────────────────────────────────────────────────

DECLARE @SystemUserId INT = (SELECT id FROM auth.users WHERE username = 'system');

IF NOT EXISTS (SELECT 1 FROM auth.users WHERE username = 'admin')
BEGIN
    EXEC auth.usp_create_user
        @username     = 'admin',
        @display_name = 'Wannabee WMS Engineer',
        @role_name    = 'admin',
        @email        = 'tamas.demjen@pw.local',
        @password     = 'admin0',
        @result_code  = NULL,
        @friendly_msg = NULL;
    PRINT 'User admin created.';
END
ELSE PRINT 'User admin already exists.';
GO

-- ── Parties ───────────────────────────────────────────────────────────────

DECLARE @SystemUserId INT = (SELECT id FROM auth.users WHERE username = 'system');

IF NOT EXISTS (SELECT 1 FROM core.parties WHERE party_code = 'PW_WAREHOUSE01')
    INSERT INTO core.parties (party_code, legal_name, display_name, country_code, tax_id, is_active, created_at, created_by)
    VALUES ('PW_WAREHOUSE01', 'Peasy WH', 'Dummy Own Place', 'GB', NULL, 1, SYSUTCDATETIME(), @SystemUserId);

-- Suppliers
IF NOT EXISTS (SELECT 1 FROM core.parties WHERE party_code = 'PW_BREWERY01')
    INSERT INTO core.parties (party_code, legal_name, display_name, country_code, tax_id, is_active, created_at, created_by)
    VALUES ('PW_BREWERY01', 'Peasy Brewing Co. Ltd', 'Peasy Brewing Co.', 'GB', 'GB123456789', 1, SYSUTCDATETIME(), @SystemUserId);

-- Customers
IF NOT EXISTS (SELECT 1 FROM core.parties WHERE party_code = 'PW_CUSTOMER01')
    INSERT INTO core.parties (party_code, legal_name, display_name, country_code, tax_id, is_active, created_at, created_by)
    VALUES ('PW_CUSTOMER01', 'The Hop & Barrel Ltd', 'Hop & Barrel', 'GB', 'GB987654321', 1, SYSUTCDATETIME(), @SystemUserId);

IF NOT EXISTS (SELECT 1 FROM core.parties WHERE party_code = 'PW_CUSTOMER02')
    INSERT INTO core.parties (party_code, legal_name, display_name, country_code, tax_id, is_active, created_at, created_by)
    VALUES ('PW_CUSTOMER02', 'Festival Drinks PLC', 'Festival Drinks', 'GB', 'GB456789123', 1, SYSUTCDATETIME(), @SystemUserId);

-- Hauliers
IF NOT EXISTS (SELECT 1 FROM core.parties WHERE party_code = 'PW_HAULIER01')
    INSERT INTO core.parties (party_code, legal_name, display_name, country_code, tax_id, is_active, created_at, created_by)
    VALUES ('PW_HAULIER01', 'Swift Freight Ltd', 'Swift Freight', 'GB', NULL, 1, SYSUTCDATETIME(), @SystemUserId);

IF NOT EXISTS (SELECT 1 FROM core.parties WHERE party_code = 'PW_HAULIER02')
    INSERT INTO core.parties (party_code, legal_name, display_name, country_code, tax_id, is_active, created_at, created_by)
    VALUES ('PW_HAULIER02', 'Rapid Logistics Ltd', 'Rapid Logistics', 'GB', NULL, 1, SYSUTCDATETIME(), @SystemUserId);

DECLARE @Own        INT = (SELECT party_id FROM core.parties WHERE party_code = 'PW_WAREHOUSE01');
DECLARE @SupplierId INT = (SELECT party_id FROM core.parties WHERE party_code = 'PW_BREWERY01');
DECLARE @CustomerId INT = (SELECT party_id FROM core.parties WHERE party_code = 'PW_CUSTOMER01');
DECLARE @HaulierId  INT = (SELECT party_id FROM core.parties WHERE party_code = 'PW_HAULIER01');

IF NOT EXISTS (SELECT 1 FROM core.party_roles WHERE party_id = @Own AND role_code = 'WAREHOUSE')
    INSERT INTO core.party_roles (party_id, role_code, assigned_at, assigned_by)
    VALUES (@Own, 'WAREHOUSE', SYSUTCDATETIME(), @SystemUserId);

IF NOT EXISTS (SELECT 1 FROM core.party_roles WHERE party_id = @SupplierId AND role_code = 'SUPPLIER')
    INSERT INTO core.party_roles (party_id, role_code, assigned_at, assigned_by)
    VALUES (@SupplierId, 'SUPPLIER', SYSUTCDATETIME(), @SystemUserId);

IF NOT EXISTS (SELECT 1 FROM core.party_roles WHERE party_id = @CustomerId AND role_code = 'CUSTOMER')
    INSERT INTO core.party_roles (party_id, role_code, assigned_at, assigned_by)
    VALUES (@CustomerId, 'CUSTOMER', SYSUTCDATETIME(), @SystemUserId);

IF NOT EXISTS (SELECT 1 FROM core.party_roles WHERE party_id = @HaulierId AND role_code = 'HAULIER')
    INSERT INTO core.party_roles (party_id, role_code, assigned_at, assigned_by)
    VALUES (@HaulierId, 'HAULIER', SYSUTCDATETIME(), @SystemUserId);

IF NOT EXISTS (SELECT 1 FROM core.party_addresses WHERE party_id = @Own)
    INSERT INTO core.party_addresses (party_id, address_type, line_1, city, postal_code, country_code, dock_info, instructions, is_primary, is_active, created_at, created_by)
    VALUES (@Own, 'WAREHOUSE', '1 Peasy Ware Ind Est', 'Peasy', 'PW5 5PW', 'GB', NULL, 'Warehouse', 1, 1, SYSUTCDATETIME(), @SystemUserId);

IF NOT EXISTS (SELECT 1 FROM core.party_addresses WHERE party_id = @SupplierId)
    INSERT INTO core.party_addresses (party_id, address_type, line_1, city, postal_code, country_code, instructions, is_primary, is_active, created_at, created_by)
    VALUES (@SupplierId, 'YARD', '12 Brewery Lane', 'Burton upon Trent', 'DE14 1JZ', 'GB', 'Report to gatehouse on arrival', 1, 1, SYSUTCDATETIME(), @SystemUserId);

IF NOT EXISTS (SELECT 1 FROM core.party_addresses WHERE party_id = @CustomerId)
    INSERT INTO core.party_addresses (party_id, address_type, line_1, city, postal_code, country_code, instructions, is_primary, is_active, created_at, created_by)
    VALUES (@CustomerId, 'YARD', '45 High Street', 'Manchester', 'M1 2AB', 'GB', 'Report to gatehouse on arrival', 1, 1, SYSUTCDATETIME(), @SystemUserId);

IF NOT EXISTS (SELECT 1 FROM core.party_addresses WHERE party_id = @HaulierId)
    INSERT INTO core.party_addresses (party_id, address_type, line_1, city, postal_code, country_code, instructions, is_primary, is_active, created_at, created_by)
    VALUES (@HaulierId, 'YARD', 'Unit 3 Freight Park', 'Coventry', 'CV1 5TL', 'GB', 'Report to gatehouse on arrival', 1, 1, SYSUTCDATETIME(), @SystemUserId);

IF NOT EXISTS (SELECT 1 FROM customers.customers WHERE party_id = @CustomerId)
    INSERT INTO customers.customers (party_id, customer_type, default_delivery_days, preferred_haulier_id, allow_crossdock, created_at, created_by)
    VALUES (@CustomerId, 'RETAIL', 0, NULL, 0, SYSUTCDATETIME(), @SystemUserId);

IF NOT EXISTS (SELECT 1 FROM suppliers.suppliers WHERE party_id = @SupplierId)
    INSERT INTO suppliers.suppliers (party_id, supplier_type, default_lead_days, preferred_haulier_id, created_at, created_by)
    VALUES (@SupplierId, 'OWNER', 0, NULL, SYSUTCDATETIME(), @SystemUserId);

-- Second customer and second haulier
DECLARE @Customer2Id INT = (SELECT party_id FROM core.parties WHERE party_code = 'PW_CUSTOMER02');
DECLARE @Haulier2Id  INT = (SELECT party_id FROM core.parties WHERE party_code = 'PW_HAULIER02');

IF NOT EXISTS (SELECT 1 FROM core.party_roles WHERE party_id = @Customer2Id AND role_code = 'CUSTOMER')
    INSERT INTO core.party_roles (party_id, role_code, assigned_at, assigned_by)
    VALUES (@Customer2Id, 'CUSTOMER', SYSUTCDATETIME(), @SystemUserId);

IF NOT EXISTS (SELECT 1 FROM core.party_roles WHERE party_id = @Haulier2Id AND role_code = 'HAULIER')
    INSERT INTO core.party_roles (party_id, role_code, assigned_at, assigned_by)
    VALUES (@Haulier2Id, 'HAULIER', SYSUTCDATETIME(), @SystemUserId);

IF NOT EXISTS (SELECT 1 FROM core.party_addresses WHERE party_id = @Customer2Id)
    INSERT INTO core.party_addresses (party_id, address_type, line_1, city, postal_code, country_code, instructions, is_primary, is_active, created_at, created_by)
    VALUES (@Customer2Id, 'YARD', '8 Festival Way', 'Birmingham', 'B1 1BB', 'GB', 'Use loading bay 3', 1, 1, SYSUTCDATETIME(), @SystemUserId);

IF NOT EXISTS (SELECT 1 FROM core.party_addresses WHERE party_id = @Haulier2Id)
    INSERT INTO core.party_addresses (party_id, address_type, line_1, city, postal_code, country_code, instructions, is_primary, is_active, created_at, created_by)
    VALUES (@Haulier2Id, 'YARD', '22 Distribution Road', 'Leicester', 'LE1 4RD', 'GB', 'Report to gatehouse on arrival', 1, 1, SYSUTCDATETIME(), @SystemUserId);

IF NOT EXISTS (SELECT 1 FROM customers.customers WHERE party_id = @Customer2Id)
    INSERT INTO customers.customers (party_id, customer_type, default_delivery_days, preferred_haulier_id, allow_crossdock, created_at, created_by)
    VALUES (@Customer2Id, 'EVENTS', 0, NULL, 0, SYSUTCDATETIME(), @SystemUserId);

PRINT 'Parties done.';
GO

-- ── Location reference data ───────────────────────────────────────────────

DECLARE @SystemUserId INT = (SELECT id FROM auth.users WHERE username = 'system');

IF NOT EXISTS (SELECT 1 FROM locations.storage_types WHERE storage_type_code = 'STAGE')
    INSERT INTO locations.storage_types (storage_type_code, storage_type_name, description, is_active, created_at, created_by)
    VALUES ('STAGE', 'Staging area', 'Inbound / outbound staging area', 1, SYSUTCDATETIME(), @SystemUserId);

IF NOT EXISTS (SELECT 1 FROM locations.storage_types WHERE storage_type_code = 'RACK')
    INSERT INTO locations.storage_types (storage_type_code, storage_type_name, description, is_active, created_at, created_by)
    VALUES ('RACK', 'Pallet racking', 'Standard pallet racking', 1, SYSUTCDATETIME(), @SystemUserId);

IF NOT EXISTS (SELECT 1 FROM locations.storage_types WHERE storage_type_code = 'BULK')
    INSERT INTO locations.storage_types (storage_type_code, storage_type_name, description, is_active, created_at, created_by)
    VALUES ('BULK', 'Bulk storage', 'Bulk storage on the floor', 1, SYSUTCDATETIME(), @SystemUserId);

IF NOT EXISTS (SELECT 1 FROM locations.storage_sections WHERE section_code = 'BULK')
    INSERT INTO locations.storage_sections (section_code, section_name, description, is_active, created_at, created_by)
    VALUES ('BULK', 'Bulk', 'Floor level', 1, SYSUTCDATETIME(), @SystemUserId);

IF NOT EXISTS (SELECT 1 FROM locations.storage_sections WHERE section_code = 'FLOOR')
    INSERT INTO locations.storage_sections (section_code, section_name, description, is_active, created_at, created_by)
    VALUES ('FLOOR', 'Floor level', 'Racking floor level', 1, SYSUTCDATETIME(), @SystemUserId);

IF NOT EXISTS (SELECT 1 FROM locations.storage_sections WHERE section_code = 'MID')
    INSERT INTO locations.storage_sections (section_code, section_name, description, is_active, created_at, created_by)
    VALUES ('MID', 'Middle level(s)', 'Middle level', 1, SYSUTCDATETIME(), @SystemUserId);

IF NOT EXISTS (SELECT 1 FROM locations.storage_sections WHERE section_code = 'TOP')
    INSERT INTO locations.storage_sections (section_code, section_name, description, is_active, created_at, created_by)
    VALUES ('TOP', 'Top level', 'Top level', 1, SYSUTCDATETIME(), @SystemUserId);

IF NOT EXISTS (SELECT 1 FROM locations.zones WHERE zone_code = '1')
    INSERT INTO locations.zones (zone_code, zone_name, description, is_active, created_at, created_by)
    VALUES ('1', 'Aisle 1', NULL, 1, SYSUTCDATETIME(), @SystemUserId);

IF NOT EXISTS (SELECT 1 FROM locations.zones WHERE zone_code = '2')
    INSERT INTO locations.zones (zone_code, zone_name, description, is_active, created_at, created_by)
    VALUES ('2', 'Aisle 2', NULL, 1, SYSUTCDATETIME(), @SystemUserId);

IF NOT EXISTS (SELECT 1 FROM locations.zones WHERE zone_code = '3')
    INSERT INTO locations.zones (zone_code, zone_name, description, is_active, created_at, created_by)
    VALUES ('3', 'Aisle 3', NULL, 1, SYSUTCDATETIME(), @SystemUserId);

IF NOT EXISTS (SELECT 1 FROM locations.zones WHERE zone_code = '4')
    INSERT INTO locations.zones (zone_code, zone_name, description, is_active, created_at, created_by)
    VALUES ('4', 'Aisle 4', NULL, 1, SYSUTCDATETIME(), @SystemUserId);

IF NOT EXISTS (SELECT 1 FROM locations.zones WHERE zone_code = '5')
    INSERT INTO locations.zones (zone_code, zone_name, description, is_active, created_at, created_by)
    VALUES ('5', 'Aisle 5', NULL, 1, SYSUTCDATETIME(), @SystemUserId);

PRINT 'Location reference data done.';


-- ── Bins ─────────────────────────────────────────────────────────────────

DECLARE @SystemUserId2 INT = (SELECT id FROM auth.users WHERE username = 'system');

DECLARE @StageId    INT = (SELECT storage_type_id    FROM locations.storage_types    WHERE storage_type_code = 'STAGE');
DECLARE @RackId     INT = (SELECT storage_type_id    FROM locations.storage_types    WHERE storage_type_code = 'RACK');
DECLARE @BulkTypeId INT = (SELECT storage_type_id    FROM locations.storage_types    WHERE storage_type_code = 'BULK');
DECLARE @BulkSecId  INT = (SELECT storage_section_id FROM locations.storage_sections WHERE section_code = 'BULK');
DECLARE @FloorId    INT = (SELECT storage_section_id FROM locations.storage_sections WHERE section_code = 'FLOOR');
DECLARE @MidId      INT = (SELECT storage_section_id FROM locations.storage_sections WHERE section_code = 'MID');
DECLARE @TopId      INT = (SELECT storage_section_id FROM locations.storage_sections WHERE section_code = 'TOP');
DECLARE @Z1 INT = (SELECT zone_id FROM locations.zones WHERE zone_code = '1');
DECLARE @Z2 INT = (SELECT zone_id FROM locations.zones WHERE zone_code = '2');
DECLARE @Z3 INT = (SELECT zone_id FROM locations.zones WHERE zone_code = '3');
DECLARE @Z4 INT = (SELECT zone_id FROM locations.zones WHERE zone_code = '4');
DECLARE @Z5 INT = (SELECT zone_id FROM locations.zones WHERE zone_code = '5');

-- Staging bays
IF NOT EXISTS (SELECT 1 FROM locations.bins WHERE bin_code = 'BAY01')
    INSERT INTO locations.bins (bin_code, storage_type_id, storage_section_id, zone_id, capacity, is_active, created_at, created_by)
    VALUES ('BAY01', @StageId, @FloorId, NULL, 999, 1, SYSUTCDATETIME(), @SystemUserId2);

IF NOT EXISTS (SELECT 1 FROM locations.bins WHERE bin_code = 'BAY02')
    INSERT INTO locations.bins (bin_code, storage_type_id, storage_section_id, zone_id, capacity, is_active, created_at, created_by)
    VALUES ('BAY02', @StageId, @FloorId, NULL, 999, 1, SYSUTCDATETIME(), @SystemUserId2);

IF NOT EXISTS (SELECT 1 FROM locations.bins WHERE bin_code = 'BAY11')
    INSERT INTO locations.bins (bin_code, storage_type_id, storage_section_id, zone_id, capacity, is_active, created_at, created_by)
    VALUES ('BAY11', @StageId, @FloorId, NULL, 999, 1, SYSUTCDATETIME(), @SystemUserId2);

IF NOT EXISTS (SELECT 1 FROM locations.bins WHERE bin_code = 'BAY12')
    INSERT INTO locations.bins (bin_code, storage_type_id, storage_section_id, zone_id, capacity, is_active, created_at, created_by)
    VALUES ('BAY12', @StageId, @FloorId, NULL, 999, 1, SYSUTCDATETIME(), @SystemUserId2);

-- Bulk bins
IF NOT EXISTS (SELECT 1 FROM locations.bins WHERE bin_code = 'BULK01')
    INSERT INTO locations.bins (bin_code, storage_type_id, storage_section_id, zone_id, capacity, is_active, created_at, created_by)
    VALUES ('BULK01', @BulkTypeId, @BulkSecId, NULL, 999, 1, SYSUTCDATETIME(), @SystemUserId2);

IF NOT EXISTS (SELECT 1 FROM locations.bins WHERE bin_code = 'BULK02')
    INSERT INTO locations.bins (bin_code, storage_type_id, storage_section_id, zone_id, capacity, is_active, created_at, created_by)
    VALUES ('BULK02', @BulkTypeId, @BulkSecId, NULL, 999, 1, SYSUTCDATETIME(), @SystemUserId2);

-- Rack bins — 8 bays x 4 levels (A=floor, B=mid, C=mid, D=top)
DECLARE @Bins TABLE (bin_code NVARCHAR(10), sec_id INT, zone_id INT);
INSERT INTO @Bins VALUES
    ('R0101A',@FloorId,@Z1),('R0101B',@MidId,@Z1),('R0101C',@MidId,@Z1),('R0101D',@TopId,@Z1),
    ('R0201A',@FloorId,@Z2),('R0201B',@MidId,@Z2),('R0201C',@MidId,@Z2),('R0201D',@TopId,@Z2),
    ('R0301A',@FloorId,@Z2),('R0301B',@MidId,@Z2),('R0301C',@MidId,@Z2),('R0301D',@TopId,@Z2),
    ('R0401A',@FloorId,@Z3),('R0401B',@MidId,@Z3),('R0401C',@MidId,@Z3),('R0401D',@TopId,@Z3),
    ('R0501A',@FloorId,@Z3),('R0501B',@MidId,@Z3),('R0501C',@MidId,@Z3),('R0501D',@TopId,@Z3),
    ('R0601A',@FloorId,@Z4),('R0601B',@MidId,@Z4),('R0601C',@MidId,@Z4),('R0601D',@TopId,@Z4),
    ('R0701A',@FloorId,@Z4),('R0701B',@MidId,@Z4),('R0701C',@MidId,@Z4),('R0701D',@TopId,@Z4),
    ('R0801A',@FloorId,@Z5),('R0801B',@MidId,@Z5),('R0801C',@MidId,@Z5),('R0801D',@TopId,@Z5);

INSERT INTO locations.bins (bin_code, storage_type_id, storage_section_id, zone_id, capacity, is_active, created_at, created_by)
SELECT b.bin_code, @RackId, b.sec_id, b.zone_id, 1, 1, SYSUTCDATETIME(), @SystemUserId2
FROM @Bins b
WHERE NOT EXISTS (SELECT 1 FROM locations.bins WHERE bin_code = b.bin_code);

PRINT 'Bins done.';
GO
-- ── System user role assignment ───────────────────────────────────────────
-- Must run after both system user and system role exist.

DECLARE @SysUserId INT = (SELECT id FROM auth.users WHERE username = 'system');
DECLARE @SysRoleId INT = (SELECT id FROM auth.roles WHERE role_name = 'system');

IF @SysUserId IS NOT NULL AND @SysRoleId IS NOT NULL
    AND NOT EXISTS (SELECT 1 FROM auth.user_roles WHERE user_id = @SysUserId AND role_id = @SysRoleId)
BEGIN
    INSERT INTO auth.user_roles (user_id, role_id) VALUES (@SysUserId, @SysRoleId);
    PRINT 'System user assigned to system role.';
END

PRINT 'Reference data complete.';
GO


